date_part,new_diy_flag,agent_id,created,saved,sent,downloaded,psm_detail,psm_review,checkout,bookings
2026-08-19,0,hes9422,8,7,5,2,1,1,0,0
2026-08-19,0,rmdn8201,5,5,5,0,5,1,0,0
2026-08-19,0,hes6916,3,3,3,0,,,0,0
2026-08-19,0,icsats99433,4,4,3,0,3,,0,0
2026-08-19,0,hes7627,1,1,0,1,,,0,0
2026-08-19,0,hes7461,3,3,0,3,,,0,0
2026-08-19,0,hes8080,1,1,0,1,,,0,0
2026-08-19,0,HES2608,5,4,0,4,2,,0,0
2026-08-19,0,icsats92883,3,3,2,0,2,2,0,0
2026-08-19,0,hes8444,3,3,0,3,,,0,0
2026-08-19,0,hes7856,6,5,0,5,,,0,0
2026-08-19,0,hes7431,2,2,1,1,,,0,0
2026-08-19,0,hes7677,2,2,2,0,2,2,0,0
2026-08-19,0,icsats106796,2,2,2,0,1,1,0,0
2026-08-19,0,hes8711,2,2,1,1,1,1,0,0
2026-08-19,1,HES4681,2,2,1,1,1,,0,0
2026-08-19,1,hes7671,2,1,0,1,,,0,0
2026-08-19,0,rmdn7049,4,4,2,2,1,,0,0
2026-08-19,1,hes8711,1,1,1,0,1,,0,0
2026-08-19,0,hes6380,3,2,2,0,3,2,0,0
2026-08-19,0,hes6534,5,5,0,0,,,0,0
2026-08-19,0,HES5876,6,5,5,0,6,,0,0
2026-08-19,0,HES7367,2,2,2,0,2,,0,0
2026-08-19,0,hes6681,2,2,1,1,,,0,0
2026-08-19,0,rmdn8273,8,7,7,0,6,6,0,0
2026-08-19,0,hes6745,1,1,0,1,,,0,0
2026-08-19,0,hes6887,1,1,1,0,,,0,0
2026-08-19,0,rmdn1337,2,2,1,0,1,,0,0
2026-08-19,0,frajaipurr1,1,1,0,0,,,0,0
2026-08-19,0,hes8646,3,3,3,0,,,0,0
2026-08-19,0,rmdn5933,8,7,0,7,,,0,0
2026-08-19,0,hes6723,1,1,1,0,,,0,0
2026-08-19,0,HES5848,1,1,0,1,,,0,0
2026-08-19,0,hes8645,1,1,1,0,,,0,0
2026-08-19,0,FRA00320,1,1,0,1,,,0,0
2026-08-19,0,rmdn8240,3,2,1,1,2,,0,0
2026-08-19,0,hes8287,4,3,3,0,,,0,0
2026-08-19,1,hes7725,1,1,0,1,,,0,0
2026-08-19,0,hes8686,2,1,0,1,,,0,0
2026-08-19,0,icsats77190,4,4,4,0,4,,0,0
2026-08-19,0,icsats92875,1,1,1,0,1,,0,0
2026-08-19,0,hes5079,1,1,1,0,,,0,0
2026-08-19,0,rmdn3662,2,2,2,0,2,,0,0
2026-08-19,0,hes7638,2,2,2,0,1,1,0,0
2026-08-19,0,hes7305,4,4,2,2,,,0,0
2026-08-19,0,hes8175,2,1,0,1,,,0,0
2026-08-19,0,hes8750,1,1,1,0,,,0,0
2026-08-19,0,HES8433,6,6,6,0,2,,0,0
2026-08-19,0,hes7729,2,2,1,1,1,,0,0
2026-08-19,0,HES2358,3,3,0,3,,,0,0
2026-08-19,0,RMDN1734,3,3,3,0,3,,0,0
2026-08-19,0,rmdn5249,14,13,13,0,11,,0,0
2026-08-19,0,icsats99353,1,1,1,0,1,1,0,0
2026-08-19,0,hes8709,2,1,1,0,2,,0,0
2026-08-19,0,icsats92879,11,11,10,0,10,9,0,0
2026-08-19,0,HES7844,5,5,3,2,3,1,0,0
2026-08-19,1,hes8080,10,8,8,0,,,0,0
2026-08-19,0,HES7726,3,3,0,3,,,0,0
2026-08-19,0,hes5964,12,12,12,0,4,1,0,0
2026-08-19,0,rmdn1559,6,5,4,1,3,,0,0
2026-08-19,0,hes7271,3,2,0,2,,,0,0
2026-08-19,0,hes8238,4,4,4,0,1,,0,0
2026-08-19,0,hes5112,4,4,0,4,,,0,0
2026-08-19,0,hes7273,1,1,1,0,1,,0,0
2026-08-19,0,hes9388,2,2,2,0,2,1,0,0
2026-08-19,0,hes8651,1,1,0,1,,,0,0
2026-08-19,0,hes8712,4,2,2,0,,,0,0
2026-08-19,1,hes8592,2,2,0,2,,,0,0
2026-08-19,0,hes5327,6,5,2,3,,,0,0
2026-08-19,0,hes7721,3,3,3,0,3,,0,0
2026-08-19,0,icsats88698,1,1,0,0,,,0,0
2026-08-19,0,hes8826,2,2,2,0,,,0,0
2026-08-19,0,hes8188,3,3,0,3,2,2,0,0
2026-08-19,0,HES5554,2,1,0,1,,,0,0
2026-08-19,0,rmdn8564,6,5,1,4,,,0,0
2026-08-19,0,hes8505,2,1,1,0,,,0,0
2026-08-19,0,rmdn8205,5,5,5,0,5,,0,0
2026-08-19,0,HES4548,5,4,3,1,,,0,0
2026-08-19,0,icsats100316,2,2,2,0,2,2,0,0
2026-08-19,0,hes5840,1,1,1,0,1,,0,0
2026-08-19,1,HES5848,1,1,0,1,,,0,0
2026-08-19,1,HES5423,1,1,0,1,,,0,0
2026-08-19,0,hes9206,6,6,3,2,5,3,0,0
2026-08-19,0,ICSATS82193,7,7,7,0,5,3,0,0
2026-08-19,0,icsats81376,3,3,3,0,3,3,0,0
2026-08-19,0,hes8814,18,18,16,0,1,,0,0
2026-08-19,0,hes7563,1,1,0,1,,,0,0
2026-08-19,0,hes8410,2,1,1,0,,,0,0
2026-08-19,0,icsats91558,1,1,0,1,,,0,0
2026-08-19,0,hes7989,3,3,3,0,2,,0,0
2026-08-19,0,hes8333,3,2,2,0,3,,0,0
2026-08-19,0,fraandheri6,1,1,1,0,,,0,0
2026-08-19,0,HES4166,1,1,1,0,1,,0,0
2026-08-19,0,icsats91506,6,6,6,0,5,2,0,0
2026-08-19,1,hes7721,1,1,0,1,,,0,0
2026-08-19,0,hes8713,12,12,11,0,3,,0,0
2026-08-19,1,hes7787,2,2,0,2,1,1,0,0
2026-08-19,0,hes7671,3,2,1,1,,,0,0
2026-08-19,0,HES7728,7,7,1,6,1,1,0,0
2026-08-19,0,rmdn8196,4,4,2,0,2,1,0,0
2026-08-19,0,hes8451,1,1,0,1,,,0,0
2026-08-19,0,hes8425,1,1,1,0,,,0,0
2026-08-19,0,rmdn6887,1,1,0,1,,,0,0
2026-08-19,0,fraandheri2,1,1,0,1,,,0,0
2026-08-19,0,hes7730,2,2,1,0,,,0,0
2026-08-19,0,hes9390,1,1,1,0,,,0,0
2026-08-19,0,hes5321,3,3,2,0,2,,0,0
2026-08-19,0,hes7654,1,1,0,1,,,0,0
2026-08-19,0,hes8397,3,3,3,0,,,0,0
2026-08-19,0,hes8215,3,2,2,0,3,,0,0
2026-08-19,0,HES7727,2,2,1,0,1,1,0,0
2026-08-19,0,HES7473,3,3,3,0,1,1,0,0
2026-08-19,0,hes7740,1,1,1,0,1,,0,0
2026-08-19,0,hes8999,1,1,1,0,,,0,0
2026-08-19,0,hes7601,1,1,0,1,,,0,0
2026-08-19,0,rmdn6117,14,13,2,10,2,1,0,0
2026-08-19,0,HES5279,5,4,4,0,,,0,0
2026-08-19,0,hes6680,1,1,0,1,,,0,0
2026-08-19,0,hes7961,1,1,0,1,1,1,0,0
2026-08-18,0,hes7724,3,2,0,2,,,0,0
2026-08-18,0,MATHURA002,2,2,0,2,,,0,0
2026-08-18,0,HES6112,10,8,5,3,1,,0,0
2026-08-18,0,hes9053,3,3,0,3,1,,0,0
2026-08-18,0,HES3504,9,7,0,7,2,,0,0
2026-08-18,0,hes8156,3,2,0,2,,,0,0
2026-08-18,0,hes7689,2,2,2,0,1,,0,0
2026-08-18,0,hes5835,3,3,3,0,3,,0,0
2026-08-18,0,FRA00074,3,2,0,2,,,0,0
2026-08-18,1,hes6904,1,1,1,0,1,,0,0
2026-08-18,0,rmdn8196,29,26,24,0,14,3,0,0
2026-08-18,1,rmdn1726,1,1,1,0,1,,0,0
2026-08-18,0,HES7367,14,12,12,0,9,1,0,0
2026-08-18,0,rmdn7049,29,26,16,8,13,,0,0
2026-08-18,0,hes6664,19,18,18,0,9,,0,0
2026-08-18,1,hes8929,3,3,3,0,,,0,0
2026-08-18,0,hes8646,2,1,1,0,2,,0,0
2026-08-18,0,frakotagumanpura2,9,7,4,3,2,,0,0
2026-08-18,0,HES4877,4,3,3,0,2,,0,0
2026-08-18,0,hes7591,2,2,2,0,,,0,0
2026-08-18,0,HES5876,4,4,4,0,2,,0,0
2026-08-18,0,frapatiala1,5,4,2,0,3,2,0,0
2026-08-18,0,fra00266,15,11,0,11,2,,0,0
2026-08-18,1,HES6712,3,3,1,2,2,,0,0
2026-08-18,0,hes7511,12,10,4,5,3,2,0,0
2026-08-18,0,hes7717,5,4,1,3,2,,0,0
2026-08-18,0,fra00325,7,6,5,1,,,0,0
2026-08-18,0,HES4962,2,2,0,2,,,0,0
2026-08-18,1,hes6639,1,1,1,0,1,,0,0
2026-08-18,0,hes7469,13,9,2,7,1,,0,0
2026-08-18,0,hes7126,1,1,0,1,,,0,0
2026-08-18,0,hes6438,4,4,2,2,,,0,0
2026-08-18,0,fra00346,2,2,1,1,,,0,0
2026-08-18,0,HES4183,2,2,1,1,1,,0,0
2026-08-18,0,hes5880,1,1,0,1,,,0,0
2026-08-18,0,hes5444,2,2,1,1,1,,0,0
2026-08-18,1,hes8502,1,1,1,0,1,,0,0
2026-08-18,1,HES4962,1,1,1,0,1,,0,0
2026-08-18,0,hes5113,4,3,1,2,,,0,0
2026-08-18,0,nungambakkam001,11,10,10,0,2,,0,0
2026-08-18,0,hes7547,2,1,0,1,,,0,0
2026-08-18,1,hes8655,2,2,0,0,,,0,0
2026-08-18,0,FRA00083,4,4,4,0,1,,0,0
2026-08-18,1,hes8425,1,1,0,1,,,0,0
2026-08-18,0,HES0325,11,9,0,9,,,0,0
2026-08-18,0,hes7428,4,4,1,3,,,0,0
2026-08-18,0,FRA00195,4,4,0,4,,,0,0
2026-08-18,0,hes8803,4,4,3,1,3,,0,0
2026-08-18,0,hes6852,11,11,11,0,2,,0,0
2026-08-18,0,hes8442,2,2,1,1,1,,0,0
2026-08-18,0,hes6131,2,1,1,0,,,0,0
2026-08-18,0,hes7978,7,6,6,0,7,,0,0
2026-08-18,0,hes8663,14,12,2,7,2,,0,0
2026-08-18,1,hes7195,1,1,0,1,,,0,0
2026-08-18,0,hes7843,8,5,0,5,,,0,0
2026-08-18,0,hes7263,7,7,1,6,,,0,0
2026-08-18,0,hes6423,1,1,1,0,1,,0,0
2026-08-18,0,rmdn4078,30,27,18,9,4,,0,0
2026-08-18,0,hes7567,1,1,1,0,,,0,0
2026-08-18,0,icsats90188,8,7,3,4,1,,0,0
2026-08-18,0,FRA00052,3,2,2,0,,,0,0
2026-08-18,0,hes9389,8,7,2,3,5,,0,0
2026-08-18,0,hes9290,13,13,2,10,5,,0,0
2026-08-18,1,HES4113,2,2,1,1,1,,0,0
2026-08-18,0,HES6669,2,2,1,1,1,1,0,0
2026-08-18,0,fra00333,7,5,2,2,6,,0,0
2026-08-18,0,hes9137,2,1,0,1,,,0,0
2026-08-18,0,hes7212,2,1,0,1,,,0,0
2026-08-18,1,hes9294,2,2,1,1,,,0,0
2026-08-18,0,hes6042,2,2,1,0,,,0,0
2026-08-18,0,rmdn8273,18,18,15,3,11,2,0,0
2026-08-18,0,hes9168,2,1,0,1,2,,0,0
2026-08-18,0,hes8131,7,6,3,2,1,,0,0
2026-08-18,0,surat001,4,4,4,0,2,2,0,0
2026-08-18,0,HES5107,4,4,4,0,1,,0,0
2026-08-18,1,HES8532,5,4,4,0,2,,0,0
2026-08-18,1,HES7726,1,1,0,1,1,,0,0
2026-08-18,0,hes8318,4,4,3,0,2,1,0,0
2026-08-18,0,hes8977,17,16,6,8,,,0,0
2026-08-18,0,rmdn1559,9,8,2,5,6,,0,0
2026-08-18,0,frainfantryroad1,1,1,0,1,,,0,0
2026-08-18,0,hes8984,4,4,4,0,,,0,0
2026-08-18,0,HES4448,10,10,10,0,4,,0,0
2026-08-18,1,hes6875,5,3,2,0,2,,0,0
2026-08-18,0,hes5125,7,7,7,0,4,1,0,0
2026-08-18,0,HES4544,4,4,4,0,4,,0,0
2026-08-18,0,rmdn6887,16,15,1,13,1,,0,0
2026-08-18,0,rmdn8240,14,13,2,10,2,,0,0
2026-08-18,0,hes7620,5,4,4,0,5,1,0,0
2026-08-18,0,hes5443,22,20,11,7,9,2,0,0
2026-08-18,0,HES3398,1,1,0,1,,,0,0
2026-08-18,1,HES6224,1,1,0,1,,,0,0
2026-08-18,0,HES0558,2,1,0,1,,,0,0
2026-08-18,0,icsats92879,26,26,26,0,21,11,0,0
2026-08-18,0,HES5096,8,6,1,4,,,0,0
2026-08-18,0,rmdn8552,6,6,5,0,3,2,0,0
2026-08-18,1,hes7929,3,2,1,1,,,0,0
2026-08-18,0,HES4113,3,3,1,2,1,,0,0
2026-08-18,0,hes5926,6,5,1,4,,,0,0
2026-08-18,0,hes6117,6,6,4,2,3,,0,0
2026-08-18,0,hes9111,5,4,0,4,1,,0,0
2026-08-18,1,hes5932,1,1,1,0,,,0,0
2026-08-18,1,hes8167,3,2,0,2,,,0,0
2026-08-18,1,HES8480,1,1,0,1,,,0,0
2026-08-18,0,rmdn7040,3,3,3,0,1,,0,0
2026-08-18,0,FRA00126,5,4,4,0,,,0,0
2026-08-18,0,hes9007,5,5,4,1,,,0,0
2026-08-18,0,hes9065,1,1,0,1,,,0,0
2026-08-18,1,rmdn3759,1,1,1,0,,,0,0
2026-08-18,0,hes7214,9,8,4,4,3,,0,0
2026-08-18,0,hes8969,8,6,3,3,,,0,0
2026-08-18,0,HES3823,10,9,9,0,5,2,0,0
2026-08-18,0,hes9010,1,1,0,1,,,0,0
2026-08-18,0,hes6568,4,4,0,3,,,0,0
2026-08-18,0,hes7338,1,1,0,1,,,0,0
2026-08-18,0,hes7877,28,27,22,0,8,5,0,0
2026-08-18,1,hes9227,9,7,3,3,,,0,0
2026-08-18,0,hes8026,3,3,3,0,3,,0,0
2026-08-18,0,HES4307,3,3,3,0,2,,0,0
2026-08-18,0,hes8718,4,4,0,4,,,0,0
2026-08-18,1,hes6999,1,1,0,1,,,0,0
2026-08-18,0,hes9322,4,3,3,0,1,,0,0
2026-08-18,0,hes5327,17,14,2,12,3,,0,0
2026-08-18,0,hes8836,9,7,5,2,3,,0,0
2026-08-18,0,hes7233,9,8,8,0,,,0,0
2026-08-18,0,hes6158,4,4,1,3,2,,0,0
2026-08-18,0,HES5058,1,1,1,0,,,0,0
2026-08-18,0,hes6885,8,7,6,0,6,4,0,0
2026-08-18,1,hes9007,1,1,0,1,1,,0,0
2026-08-18,1,hes7260,8,7,3,4,3,1,0,0
2026-08-18,0,flm0064,2,1,0,1,,,0,0
2026-08-18,0,hes7827,1,1,0,1,,,0,0
2026-08-18,0,hes6236,4,3,0,3,,,0,0
2026-08-18,0,hes9155,2,2,2,0,2,,0,0
2026-08-18,0,fraccuesplanade4,1,1,0,1,,,0,0
2026-08-18,0,vadod004,2,2,1,1,,,0,0
2026-08-18,0,FRA00080,8,6,6,0,3,,0,0
2026-08-18,0,hes7929,3,3,0,3,,,0,0
2026-08-18,1,HES4707,3,3,1,0,1,,0,0
2026-08-18,0,hes7969,6,5,2,2,,,0,0
2026-08-18,0,hes7725,8,8,4,3,1,,0,0
2026-08-18,1,hes9290,1,1,0,0,,,0,0
2026-08-18,1,ins1218,2,2,0,2,1,,0,0
2026-08-18,1,hes6131,4,3,3,0,3,,0,0
2026-08-18,0,hes5964,14,13,13,0,10,2,0,0
2026-08-18,0,hes8505,2,2,0,2,,,0,0
2026-08-18,1,hes5563,1,1,0,1,,,0,0
2026-08-18,0,indrnt005,1,1,0,1,,,0,0
2026-08-18,0,hes7300,2,1,0,1,,,0,0
2026-08-18,0,HES8480,4,4,3,0,2,,0,0
2026-08-18,0,HES5848,3,2,2,0,3,,0,0
2026-08-18,0,hes6983,6,6,0,4,1,1,0,0
2026-08-18,0,hes9141,5,4,3,1,,,0,0
2026-08-18,0,hes8444,24,20,1,19,6,,0,0
2026-08-18,0,hes7761,5,5,4,1,1,,0,0
2026-08-18,1,hes6298,2,2,1,1,,,0,0
2026-08-18,1,HES4473,2,2,2,0,2,,0,0
2026-08-18,1,hes7761,1,1,1,0,,,0,0
2026-08-18,0,hes5321,7,5,3,2,4,2,0,0
2026-08-18,0,hes8752,3,3,1,1,,,0,0
2026-08-18,0,hes8876,4,3,1,2,,,0,0
2026-08-18,0,hes7992,4,4,2,2,,,0,0
2026-08-18,0,hes5958,9,9,9,0,4,1,0,0
2026-08-18,0,icsats96092,2,2,2,0,2,1,0,0
2026-08-18,0,hes8417,36,34,23,8,14,2,0,0
2026-08-18,0,HES5262,7,5,4,0,5,,0,0
2026-08-18,0,framumbaithane2,14,14,8,6,2,,0,0
2026-08-18,0,hes9034,3,3,1,2,,,0,0
2026-08-18,0,frawhitefield1,2,2,1,0,,,0,0
2026-08-18,0,HES7311,3,2,0,2,,,0,0
2026-08-18,0,flm0089,1,1,0,1,,,0,0
2026-08-18,0,hes6049,2,2,2,0,2,,0,0
2026-08-18,0,HES2608,11,10,0,10,7,,0,0
2026-08-18,1,HES5804,3,2,1,1,,,0,0
2026-08-18,0,hes6627,1,1,1,0,1,,0,0
2026-08-18,0,frasouthex9,12,10,10,0,4,,0,0
2026-08-18,0,hes7268,3,2,0,2,,,0,0
2026-08-18,0,rmdn5933,30,26,0,26,2,,0,0
2026-08-18,0,hes8044,5,5,5,0,3,,0,0
2026-08-18,0,hes8027,5,5,4,1,4,,0,0
2026-08-18,0,HES5209,2,1,0,1,,,0,0
2026-08-18,1,hes6472,1,1,1,0,,,0,0
2026-08-18,0,hes6783,2,2,0,2,,,0,0
2026-08-18,0,hes9206,7,6,3,3,3,,0,0
2026-08-18,1,HES2435,1,1,1,0,1,,0,0
2026-08-18,0,hes9294,1,1,1,0,,,0,0
2026-08-18,0,HES2437,1,1,1,0,1,,0,0
2026-08-18,0,hes7273,15,13,5,7,1,,0,0
2026-08-18,0,hes7779,2,2,0,2,1,,0,0
2026-08-18,0,HES4767,26,24,11,6,12,7,0,0
2026-08-18,0,hes7601,9,9,5,3,,,0,0
2026-08-18,0,HES6524,4,4,1,3,1,,0,0
2026-08-18,0,vadod001,2,2,1,1,,,0,0
2026-08-18,0,HES8091,4,3,0,3,2,,0,0
2026-08-18,0,HES7051,4,4,3,1,2,,0,0
2026-08-18,0,hes9424,7,7,0,6,,,0,0
2026-08-18,0,hes5643,2,2,2,0,1,,0,0
2026-08-18,0,FRA00090,4,3,3,0,1,,0,0
2026-08-18,0,hes8760,1,1,0,1,,,0,0
2026-08-18,1,hes7489,1,1,1,0,1,,0,0
2026-08-18,0,hes6653,2,2,0,2,,,0,0
2026-08-18,0,hes5476,3,3,3,0,1,,0,0
2026-08-18,0,HES6403,2,2,2,0,1,,0,0
2026-08-18,0,hes5911,16,15,9,6,10,2,0,0
2026-08-18,0,fra00324,2,2,2,0,,,0,0
2026-08-18,0,hes6376,6,5,2,2,,,0,0
2026-08-18,0,hes7449,6,4,0,4,,,0,0
2026-08-18,0,HES4294,7,7,0,6,1,,0,0
2026-08-18,0,hes7030,3,3,1,2,,,0,0
2026-08-18,0,hes5840,10,8,8,0,4,,0,0
2026-08-18,1,hes8662,1,1,0,1,,,0,0
2026-08-18,0,HES4453,8,6,4,2,5,,0,0
2026-08-18,1,HES4181,1,1,0,1,,,0,0
2026-08-18,0,noida004,9,9,9,0,2,,0,0
2026-08-18,0,HES6144,3,3,0,3,,,0,0
2026-08-18,0,hes9099,2,2,1,1,,,0,0
2026-08-18,1,hes6100,1,1,0,0,,,0,0
2026-08-18,0,HES3977,9,8,0,4,,,0,0
2026-08-18,0,HES7505,3,2,1,1,,,0,0
2026-08-18,0,CHANDIGARHFRA1,4,3,0,3,1,1,0,0
2026-08-18,0,hes7284,2,2,0,2,,,0,0
2026-08-18,0,hes7925,11,9,3,6,,,0,0
2026-08-18,0,hes7740,3,3,3,0,3,,0,0
2026-08-18,0,hes7204,2,2,0,2,,,0,0
2026-08-18,0,fravaishalinagar1,2,2,1,1,,,0,0
2026-08-18,1,HES0803,6,5,2,3,,,0,0
2026-08-18,0,HES6538,4,4,0,4,2,,0,0
2026-08-18,0,hes7193,11,10,0,5,,,0,0
2026-08-18,0,hes8806,2,1,1,0,,,0,0
2026-08-18,0,hes6047,7,6,6,0,2,,0,0
2026-08-18,1,hes9213,1,1,1,0,,,0,0
2026-08-18,1,hes5442,3,3,3,0,1,,0,0
2026-08-18,0,hes5497,2,2,2,0,,,0,0
2026-08-18,0,hes6825,2,2,2,0,2,,0,0
2026-08-18,1,HES6495,3,2,0,1,,,0,0
2026-08-18,0,FRA00190,12,11,0,11,,,0,0
2026-08-18,0,hes7029,1,1,0,1,,,0,0
2026-08-18,0,HES7052,3,2,0,2,,,0,0
2026-08-18,0,hes7943,1,1,0,1,,,0,0
2026-08-18,0,hes6658,6,6,6,0,,,0,0
2026-08-18,0,hes6497,1,1,0,1,1,,0,0
2026-08-18,0,HES3144,2,1,0,1,,,0,0
2026-08-18,0,hes8849,14,13,6,6,2,2,0,0
2026-08-18,0,hes7841,6,5,4,1,5,,0,0
2026-08-18,0,HES5271,8,6,1,4,,,0,0
2026-08-18,0,hes8982,1,1,0,1,,,0,0
2026-08-18,1,HES3693,2,1,0,1,,,0,0
2026-08-18,0,hes8592,1,1,0,1,,,0,0
2026-08-18,0,hes7856,1,1,0,1,,,0,0
2026-08-18,0,icsats91558,16,13,5,7,1,,0,0
2026-08-18,0,hes6281,1,1,1,0,1,,0,0
2026-08-18,1,hes7461,1,1,0,1,,,0,0
2026-08-18,0,hes6203,1,1,0,1,,,0,0
2026-08-18,0,hes5564,4,4,1,1,,,0,0
2026-08-18,1,hes9252,2,2,1,1,,,0,0
2026-08-18,0,HES3381,12,11,11,0,8,1,0,0
2026-08-18,0,hes7661,4,4,0,4,,,0,0
2026-08-18,0,hes8825,3,3,0,3,,,0,0
2026-08-18,1,hes8968,3,3,0,2,,,0,0
2026-08-18,0,hes9321,3,2,0,2,,,0,0
2026-08-18,0,hes7731,2,1,1,0,,,0,0
2026-08-18,1,hes7561,1,1,0,1,,,0,0
2026-08-18,0,hes8287,5,4,1,2,2,2,0,0
2026-08-18,0,hes8601,16,13,10,1,7,1,0,0
2026-08-18,1,HES5555,2,2,0,2,,,0,0
2026-08-18,0,rmdn8751,6,5,0,5,3,,0,0
2026-08-18,0,hes6999,8,7,0,7,,,0,0
2026-08-18,1,hes5958,1,1,0,1,,,0,0
2026-08-18,0,fraggn1,4,4,4,0,1,,0,0
2026-08-18,1,hes8750,2,2,0,0,,,0,0
2026-08-18,0,HES4548,9,7,3,4,1,,0,0
2026-08-18,0,ICSATS82193,14,14,13,0,12,1,0,0
2026-08-18,0,HES8197,5,5,0,4,1,1,0,0
2026-08-18,0,hes8573,3,3,2,1,1,,0,0
2026-08-18,0,hes7503,3,2,1,1,2,,0,0
2026-08-18,0,HES4297,7,7,3,4,1,1,0,0
2026-08-18,0,HES4079,4,4,0,2,,,0,0
2026-08-18,0,HES4229,7,7,6,1,5,,0,0
2026-08-18,0,amdcg10,1,1,1,0,,,0,0
2026-08-18,0,fragomtinagar1,14,10,6,3,1,,0,0
2026-08-18,1,hes8592,70,60,1,55,,,0,0
2026-08-18,0,hes9150,5,5,2,3,2,,0,0
2026-08-18,1,hes7758,1,1,1,0,,,0,0
2026-08-18,0,hes8468,8,7,0,6,,,0,0
2026-08-18,0,icsats92875,24,22,19,0,16,,0,0
2026-08-18,0,hes6721,2,2,2,0,1,,0,0
2026-08-18,0,hes6680,1,1,1,0,1,,0,0
2026-08-18,0,hes5644,9,9,9,0,8,5,0,0
2026-08-18,0,HES2618,5,4,0,2,,,0,0
2026-08-18,0,hes8813,2,2,1,0,,,0,0
2026-08-18,0,hes8271,4,3,3,0,4,,0,0
2026-08-18,0,ins1218,1,1,0,0,,,0,0
2026-08-18,0,hes9401,3,3,3,0,3,1,0,0
2026-08-18,1,hes8679,1,1,1,0,1,,0,0
2026-08-18,1,HES2734,1,1,0,0,,,0,0
2026-08-18,0,hes7260,17,15,6,8,8,5,0,0
2026-08-18,0,hes7729,20,19,4,14,12,8,0,0
2026-08-18,0,hes7868,2,2,1,1,1,,0,0
2026-08-18,0,franagpur1,4,4,4,0,,,0,0
2026-08-18,0,hes9388,4,4,4,0,4,,0,0
2026-08-18,0,hes5904,7,6,6,0,6,,0,0
2026-08-18,1,hes8712,2,1,1,0,,,0,0
2026-08-18,0,hes8524,9,7,5,2,2,,0,0
2026-08-18,1,hes7857,1,1,0,1,,,0,0
2026-08-18,0,hes6887,11,11,10,0,9,6,0,0
2026-08-18,0,hes8207,1,1,0,1,,,0,0
2026-08-18,0,hes6938,9,9,2,7,1,,0,0
2026-08-18,0,HES1513,3,2,0,2,,,0,0
2026-08-18,0,HES8307,5,4,1,3,1,1,0,0
2026-08-18,0,hes6101,4,3,0,2,3,1,0,0
2026-08-18,0,HES2339,1,1,0,1,,,0,0
2026-08-18,0,FRA00303,2,2,0,2,,,0,0
2026-08-18,0,fraccuesplanade1,1,1,0,1,,,0,0
2026-08-18,1,hes8355,2,2,0,2,1,,0,0
2026-08-18,0,hes7614,10,10,9,1,3,3,0,0
2026-08-18,0,HES4166,16,12,2,10,1,,0,0
2026-08-18,0,hes7857,7,6,0,6,,,0,0
2026-08-18,0,HES6592,3,3,3,0,1,,0,0
2026-08-18,0,hes8024,3,3,3,0,2,,0,0
2026-08-18,0,hes9090,4,3,0,3,,,0,0
2026-08-18,0,HES1196,2,2,0,2,,,0,0
2026-08-18,0,hes7492,1,1,0,1,,,0,0
2026-08-18,0,hes8713,4,4,2,1,1,,0,0
2026-08-18,1,hes8813,1,1,0,1,,,0,0
2026-08-18,1,hes5526,1,1,1,0,1,,0,0
2026-08-18,1,HES8091,4,4,0,4,1,,0,0
2026-08-18,0,HES4118,3,3,2,0,2,,0,0
2026-08-18,0,hes7521,2,2,2,0,1,,0,0
2026-08-18,0,HES5173,10,10,10,0,4,,0,0
2026-08-18,1,hes6881,1,1,1,0,1,,0,0
2026-08-18,0,hes7953,7,6,3,3,,,0,0
2026-08-18,0,hes6893,8,8,1,7,,,0,0
2026-08-18,0,rmdn7065,15,13,3,9,7,,0,0
2026-08-18,0,hes5132,13,11,10,0,6,,0,0
2026-08-18,1,HES2389,1,1,1,0,1,,0,0
2026-08-18,0,fraludhiana1,15,10,9,1,5,,0,0
2026-08-18,0,hes6931,5,5,1,3,1,,0,0
2026-08-18,0,framohali1,9,8,4,4,1,,0,0
2026-08-18,0,fra00300,8,8,0,8,,,0,0
2026-08-18,0,hes7489,1,1,1,0,1,,0,0
2026-08-18,0,hes8425,1,1,1,0,,,0,0
2026-08-18,0,hes6038,2,1,0,1,,,0,0
2026-08-18,0,hes5098,9,9,9,0,2,,0,0
2026-08-18,0,rmdn1726,15,15,7,5,6,3,0,0
2026-08-18,0,fra00285,3,3,1,2,,,0,0
2026-08-18,0,frakotagumanpura1,8,8,4,3,,,0,0
2026-08-18,0,flm0004,1,1,0,1,,,0,0
2026-08-18,0,hes6557,1,1,0,1,,,0,0
2026-08-18,0,HES5804,25,20,4,13,1,,0,0
2026-08-18,0,HES4769,3,2,0,2,,,0,0
2026-08-18,1,hes7773,2,2,2,0,2,,0,0
2026-08-18,1,hes8554,1,1,0,1,,,0,0
2026-08-18,1,hes9120,1,1,1,0,1,,0,0
2026-08-18,0,frahydparadise1,3,3,1,2,,,0,0
2026-08-18,1,HES6144,4,3,0,3,,,0,0
2026-08-18,0,hes6054,2,2,2,0,1,,0,0
2026-08-18,0,hes9144,1,1,0,1,,,0,0
2026-08-18,1,hes8121,2,2,1,0,,,0,0
2026-08-18,0,frabalewadi002,3,2,0,2,3,,0,0
2026-08-18,0,rmdn8369,11,9,0,9,4,,0,0
2026-08-18,0,rmdn3529,1,1,1,0,,,0,0
2026-08-18,0,HES7611,22,22,11,10,6,2,0,0
2026-08-18,0,HES7719,2,1,0,1,,,0,0
2026-08-18,0,hes7474,1,1,0,1,,,0,0
2026-08-18,0,HES7353,2,2,1,1,1,1,0,0
2026-08-18,1,hes9021,2,2,2,0,1,,0,0
2026-08-18,0,hes7758,4,4,0,4,1,,0,0
2026-08-18,0,rmdn8205,10,9,7,0,7,,0,0
2026-08-18,1,hes7835,4,3,1,2,,,0,0
2026-08-18,1,hes7721,6,6,5,1,3,1,0,0
2026-08-18,1,HES2524,2,2,2,0,1,,0,0
2026-08-18,0,hes7431,3,3,0,2,1,,0,0
2026-08-18,0,HES5313,15,15,15,0,11,8,0,0
2026-08-18,0,HES4511,2,1,1,0,,,0,0
2026-08-18,0,ASHMEETK,4,3,0,3,2,,0,0
2026-08-18,1,HES4328,3,2,1,1,,,0,0
2026-08-18,0,fradadar1,7,5,2,3,,,0,0
2026-08-18,0,hes7274,31,28,18,8,3,1,0,0
2026-08-18,1,hes9012,2,1,0,1,,,0,0
2026-08-18,0,HES2717,2,1,0,1,,,0,0
2026-08-18,0,HES2358,9,7,2,5,,,0,0
2026-08-18,0,HES5042,7,6,2,4,6,,0,0
2026-08-18,0,HES5156,1,1,1,0,,,0,0
2026-08-18,0,hes8090,2,2,0,2,,,0,0
2026-08-18,0,hes8375,22,21,16,5,1,,0,0
2026-08-18,0,hes5488,1,1,1,0,,,0,0
2026-08-18,0,framohali4,4,4,3,0,1,,0,0
2026-08-18,0,rmdn8201,22,21,21,0,10,4,0,0
2026-08-18,0,frablrjayanagar1,7,6,6,0,2,,0,0
2026-08-18,0,FRA00038,3,2,2,0,,,0,0
2026-08-18,0,hes6298,3,3,2,1,2,1,0,0
2026-08-18,0,flm0167,1,1,0,1,1,,0,0
2026-08-18,0,hes7991,21,18,0,16,,,0,0
2026-08-18,1,hes6631,3,3,3,0,2,,0,0
2026-08-18,0,fra00334,8,7,0,7,,,0,0
2026-08-18,0,HES8433,11,11,10,0,10,1,0,0
2026-08-18,0,HES3959,7,7,6,0,5,,0,0
2026-08-18,0,HES4090,3,3,1,2,,,0,0
2026-08-18,0,HES2789,7,6,6,0,3,,0,0
2026-08-18,1,hes5321,2,2,0,1,,,0,0
2026-08-18,0,hes6099,4,4,4,0,3,,0,0
2026-08-18,0,HES2389,1,1,1,0,,,0,0
2026-08-18,0,HES7648,14,11,11,0,8,2,0,0
2026-08-18,0,hes7598,1,1,1,0,,,0,0
2026-08-18,1,HES4448,2,1,1,0,2,,0,0
2026-08-18,0,HES5881,1,1,0,1,,,0,0
2026-08-18,0,HES6712,4,4,3,0,3,,0,0
2026-08-18,1,HES7727,5,5,2,3,1,1,0,0
2026-08-18,0,ICSATS103168,3,3,3,0,2,,0,0
2026-08-18,0,hes8709,13,13,13,0,13,,0,0
2026-08-18,1,hes9267,1,1,1,0,,,0,0
2026-08-18,0,HES6579,1,1,0,1,,,0,0
2026-08-18,0,frajaipur03,3,2,0,2,,,0,0
2026-08-18,0,hes7730,26,23,8,15,10,1,0,0
2026-08-18,0,hes9091,3,2,2,0,,,0,0
2026-08-18,0,hes6294,1,1,0,1,,,0,0
2026-08-18,0,hes5462,2,2,2,0,2,,0,0
2026-08-18,0,FRA00144,3,3,2,1,,,0,0
2026-08-18,0,HES7360,1,1,0,1,,,0,0
2026-08-18,0,hes7930,4,4,0,4,,,0,0
2026-08-18,0,hes7119,7,7,2,5,2,1,0,0
2026-08-18,0,frabhopal3,10,10,4,4,1,,0,0
2026-08-18,1,hes9232,4,4,1,3,,,0,0
2026-08-18,0,hes7695,3,3,2,1,2,1,0,0
2026-08-18,1,HES0675,1,1,1,0,,,0,0
2026-08-18,0,HES5411,8,6,0,6,1,,0,0
2026-08-18,0,HES5388,2,2,1,1,1,,0,0
2026-08-18,0,hes5112,10,10,3,5,1,1,0,0
2026-08-18,0,fragoa001,1,1,0,1,,,0,0
2026-08-18,0,rmdn8555,5,4,3,1,3,,0,0
2026-08-18,1,hes7442,3,3,2,0,1,,0,0
2026-08-18,0,hes8450,1,1,1,0,1,,0,0
2026-08-18,0,hes6875,4,2,2,0,4,,0,0
2026-08-18,0,fraandheri6,8,5,2,2,,,0,0
2026-08-18,0,icsats106934,4,4,3,0,2,1,0,0
2026-08-18,0,hes6052,3,3,3,0,1,,0,0
2026-08-18,0,hes7974,1,1,1,0,1,,0,0
2026-08-18,0,hes5943,6,6,6,0,4,2,0,0
2026-08-18,1,hes6627,1,1,1,0,,,0,0
2026-08-18,0,hes6572,1,1,0,1,,,0,0
2026-08-18,0,HES7368,15,12,8,4,6,,0,0
2026-08-18,0,hes8880,2,2,1,1,1,,0,0
2026-08-18,0,hes9021,4,4,4,0,4,,0,0
2026-08-18,0,HES8074,2,2,1,0,,,0,0
2026-08-18,0,hes9403,3,2,0,2,1,,0,0
2026-08-18,0,hes7163,1,1,0,1,,,0,0
2026-08-18,0,HES2371,1,1,1,0,1,,0,0
2026-08-18,0,hes9422,16,15,14,0,7,3,0,0
2026-08-18,0,frahydhills2,6,5,4,0,,,0,0
2026-08-18,0,hes8354,8,8,5,1,4,,0,0
2026-08-18,0,hes7279,4,4,4,0,4,,0,0
2026-08-18,1,hes7993,3,3,0,3,,,0,0
2026-08-18,1,hes8803,1,1,0,1,,,0,0
2026-08-18,0,hes9267,7,6,3,3,,,0,0
2026-08-18,1,hes5559,2,2,0,2,,,0,0
2026-08-18,0,ICSATS99349,7,7,7,0,6,,0,0
2026-08-18,0,hes6614,1,1,1,0,1,,0,0
2026-08-18,0,hes8560,8,7,7,0,7,,0,0
2026-08-18,0,icsats96098,1,1,1,0,1,,0,0
2026-08-18,0,RMDN1132,25,25,21,3,10,3,0,0
2026-08-18,0,HES4181,1,1,0,1,,,0,0
2026-08-18,0,hes9252,1,1,1,0,,,0,0
2026-08-18,0,HES5426,3,3,3,0,2,,0,0
2026-08-18,1,hes5443,2,2,2,0,,,0,0
2026-08-18,0,hes5718,2,2,2,0,,,0,0
2026-08-18,0,hes6583,17,13,1,11,5,2,0,0
2026-08-18,0,HES6548,3,2,1,1,3,2,0,0
2026-08-18,0,hes6967,13,12,8,3,1,1,0,0
2026-08-18,0,hes6100,4,4,0,4,,,0,0
2026-08-18,1,HES8307,1,1,0,1,,,0,0
2026-08-18,1,HES7806,2,2,0,2,,,0,0
2026-08-18,0,HES1543,12,11,9,2,6,,0,0
2026-08-18,0,rmdn8566,9,9,0,8,1,,0,0
2026-08-18,1,hes8711,3,3,1,2,1,,0,0
2026-08-18,0,HES0675,1,1,1,0,1,,0,0
2026-08-18,1,hes9111,1,1,0,1,1,,0,0
2026-08-18,1,hes5718,6,6,5,0,,,0,0
2026-08-18,0,HES6146,10,10,7,3,7,2,0,0
2026-08-18,0,hes5932,8,8,8,0,7,4,0,0
2026-08-18,0,hes7561,18,17,5,11,2,,0,0
2026-08-18,1,HES4287,28,25,23,0,1,,0,0
2026-08-18,0,frapuducherry1,4,3,1,2,1,,0,0
2026-08-18,0,fra00277,10,9,0,6,,,0,0
2026-08-18,0,hes5105,16,12,6,4,5,,0,0
2026-08-18,0,hes8579,1,1,0,1,,,0,0
2026-08-18,0,HES1426,3,3,3,0,3,1,0,0
2026-08-18,0,HES4010,3,2,1,0,2,,0,0
2026-08-18,0,hes7229,16,15,7,8,,,0,0
2026-08-18,0,hes8930,5,4,4,0,2,2,0,0
2026-08-18,0,frachandrapur1,2,1,0,1,,,0,0
2026-08-18,1,hes7730,2,2,2,0,2,1,0,0
2026-08-18,0,hes6043,2,2,0,2,1,,0,0
2026-08-18,0,hes8000,2,2,0,2,,,0,0
2026-08-18,0,icsats106796,14,13,12,0,10,2,0,0
2026-08-18,0,hes7616,11,11,11,0,,,0,0
2026-08-18,0,fra00281,4,4,4,0,,,0,0
2026-08-18,0,hes6518,7,7,1,6,1,,0,0
2026-08-18,0,hes6844,12,11,8,3,1,,0,0
2026-08-18,0,hes8123,2,2,2,0,,,0,0
2026-08-18,0,hes7986,3,2,1,1,,,0,0
2026-08-18,0,hes5736,2,2,1,1,,,0,0
2026-08-18,0,HES4221,2,2,2,0,1,,0,0
2026-08-18,0,HES0504,2,1,0,1,2,,0,0
2026-08-18,0,hes6308,3,2,1,1,,,0,0
2026-08-18,0,icsats106790,1,1,1,0,1,,0,0
2026-08-18,0,FRA00214,2,1,0,1,,,0,0
2026-08-18,1,hes5654,12,12,12,0,,,0,0
2026-08-18,0,hes8206,4,4,4,0,,,0,0
2026-08-18,0,HES6556,12,10,0,10,,,0,0
2026-08-18,1,HES6762,8,6,6,0,3,,0,0
2026-08-18,0,hes5666,4,3,0,3,,,0,0
2026-08-18,0,HES3942,6,4,4,0,6,4,0,0
2026-08-18,0,hes5659,3,3,0,3,,,0,0
2026-08-18,0,hes6821,1,1,0,1,,,0,0
2026-08-18,0,flm0007,1,1,0,1,1,,0,0
2026-08-18,0,HES6495,4,3,0,2,,,0,0
2026-08-18,0,hes7510,1,1,0,1,,,0,0
2026-08-18,1,HES7343,2,2,0,2,,,0,0
2026-08-18,0,hes6890,43,41,33,4,16,4,0,0
2026-08-18,1,hes7625,1,1,1,0,,,0,0
2026-08-18,0,HES6845,4,3,1,2,1,,0,0
2026-08-18,0,HES3842,1,1,1,0,,,0,0
2026-08-18,0,FRA00205,1,1,0,1,,,0,0
2026-08-18,0,HES4848,2,2,1,1,1,,0,0
2026-08-18,0,hes6007,24,21,14,6,1,,0,0
2026-08-18,0,hes5527,3,3,3,0,3,3,2,1
2026-08-18,1,HES7311,12,10,9,0,1,,0,0
2026-08-18,0,rmdn3663,2,2,0,2,,,0,0
2026-08-18,1,HES2527,2,1,1,0,,,0,0
2026-08-18,0,HES5554,6,6,0,5,,,0,0
2026-08-18,0,icsats106268,7,7,7,0,7,3,0,0
2026-08-18,0,hes6460,3,3,3,0,3,2,0,0
2026-08-18,0,hes9270,6,5,0,5,,,0,0
2026-08-18,0,hes7143,7,5,1,4,7,2,0,0
2026-08-18,0,frapunjabibagh1,9,7,2,3,3,,0,0
2026-08-18,0,HES6224,2,2,0,2,,,0,0
2026-08-18,0,hes7618,10,9,9,0,2,,0,0
2026-08-18,0,HES1951,3,2,0,2,,,0,0
2026-08-18,1,HES4951,3,3,0,2,,,0,0
2026-08-18,0,HES4752,2,2,1,1,,,0,0
2026-08-18,0,rmdn6546,33,30,9,18,3,,0,0
2026-08-18,0,hes8415,5,4,2,2,,,0,0
2026-08-18,0,hes8563,5,4,2,2,,,0,0
2026-08-18,0,hes7596,7,6,4,2,1,1,0,0
2026-08-18,0,hes7926,3,3,0,3,,,0,0
2026-08-18,0,fraasraonagar3,3,3,0,3,,,0,0
2026-08-18,0,HES7520,2,2,0,2,,,0,0
2026-08-18,0,hes8042,1,1,1,0,1,,0,0
2026-08-18,0,hes7765,1,1,0,1,,,0,0
2026-08-18,0,flm0038,3,2,2,0,,,0,0
2026-08-18,0,hes6083,17,17,5,4,1,,0,0
2026-08-18,0,rmdn3662,35,29,18,9,18,3,0,0
2026-08-18,0,HES3323,2,2,0,2,,,0,0
2026-08-18,1,hes6083,6,5,0,2,,,0,0
2026-08-18,1,HES6403,2,2,1,0,,,0,0
2026-08-18,0,HES4287,1,1,0,0,,,0,0
2026-08-18,0,fravadod008,3,3,3,0,2,1,0,0
2026-08-18,0,HES3796,1,1,1,0,1,,0,0
2026-08-18,0,hes9249,6,5,3,1,,,0,0
2026-08-18,0,HES3384,22,20,18,0,14,1,0,0
2026-08-18,0,hes6305,8,7,6,1,,,0,0
2026-08-18,0,hes7605,3,3,0,3,,,0,0
2026-08-18,0,hes6578,4,4,2,2,,,0,0
2026-08-18,0,hes8451,1,1,0,1,,,0,0
2026-08-18,0,HES6510,2,2,2,0,,,0,0
2026-08-18,0,HES3861,3,3,3,0,3,,0,0
2026-08-18,0,hes6904,11,10,4,3,2,,0,0
2026-08-18,1,hes9164,1,1,0,1,,,0,0
2026-08-18,0,HES5610,3,3,0,2,,,0,0
2026-08-18,0,HES5215,1,1,0,1,,,0,0
2026-08-18,1,HES0325,3,2,1,1,,,0,0
2026-08-18,1,hes8977,2,2,1,1,,,0,0
2026-08-18,0,hes9066,6,5,0,4,2,,0,0
2026-08-18,0,hes7980,4,4,1,2,,,0,0
2026-08-18,0,hes7195,1,1,1,0,,,0,0
2026-08-18,0,hes6753,2,2,1,0,,,0,0
2026-08-18,0,hes6373,15,13,5,8,3,2,0,0
2026-08-18,1,hes6680,2,1,0,1,,,0,0
2026-08-18,0,flm0123,1,1,0,1,1,,0,0
2026-08-18,0,hes6088,1,1,0,1,1,,0,0
2026-08-18,0,icsats106795,8,8,7,1,7,4,0,0
2026-08-18,0,HES6834,3,3,0,2,,,0,0
2026-08-18,0,hes5814,1,1,1,0,1,,0,0
2026-08-18,0,hes8175,6,4,1,3,2,,0,0
2026-08-18,0,hes5612,4,4,4,0,4,1,0,0
2026-08-18,0,icsats77190,5,5,5,0,2,,0,0
2026-08-18,0,rmdn3759,7,7,4,3,3,,0,0
2026-08-18,0,HES4956,1,1,0,1,,,0,0
2026-08-18,0,hes5557,8,8,1,7,,,0,0
2026-08-18,0,hes8470,19,17,11,6,10,2,0,0
2026-08-18,0,hes6745,5,4,2,2,2,,0,0
2026-08-18,0,frasaltlakecc1,8,5,2,2,4,2,0,0
2026-08-18,0,hes8973,6,4,2,2,,,0,0
2026-08-18,0,hes6274,6,6,4,2,1,,0,0
2026-08-18,0,vadod007,1,1,0,1,,,0,0
2026-08-18,0,HES3731,5,5,3,1,1,1,0,0
2026-08-18,0,hes8641,2,1,0,1,,,0,0
2026-08-18,0,hes8814,16,15,2,13,2,,0,0
2026-08-18,0,flm0141,1,1,0,1,1,,0,0
2026-08-18,0,hes8284,10,9,0,9,3,,0,0
2026-08-18,0,hes7627,1,1,0,1,,,0,0
2026-08-18,1,HES4952,2,1,1,0,,,0,0
2026-08-18,0,HES3215,1,1,1,0,,,0,0
2026-08-18,0,hes8828,4,3,3,0,4,,0,0
2026-08-18,0,HES5161,3,3,0,3,1,,0,0
2026-08-18,0,HES1970,7,5,0,5,,,0,0
2026-08-18,0,HES7754,3,2,0,2,,,0,0
2026-08-18,1,HES5403,4,3,0,3,,,0,0
2026-08-18,0,hes7530,6,5,5,0,6,6,1,1
2026-08-18,0,fraravet1,4,4,4,0,2,,0,0
2026-08-18,0,fra00323,14,9,8,0,3,,0,0
2026-08-18,0,rmdn8418,5,5,3,2,2,,0,0
2026-08-18,0,hes7948,1,1,0,1,,,0,0
2026-08-18,0,HES7830,7,7,0,6,,,0,0
2026-08-18,0,fra00280,6,5,0,5,,,0,0
2026-08-18,1,hes5644,1,1,1,0,1,1,0,0
2026-08-18,1,hes7991,1,1,0,1,,,0,0
2026-08-18,0,hes8679,8,6,6,0,6,,0,0
2026-08-18,0,rmdn8740,4,4,0,4,1,1,0,0
2026-08-18,0,hes8578,6,5,0,5,,,0,0
2026-08-18,0,hes8340,8,7,5,2,6,4,0,0
2026-08-18,0,hes6150,2,2,0,2,,,0,0
2026-08-18,0,HES6819,5,4,3,0,4,3,0,0
2026-08-18,0,hes7671,32,30,8,18,3,1,0,0
2026-08-18,0,hes8397,4,4,4,0,1,,0,0
2026-08-18,0,hes9315,1,1,0,1,,,0,0
2026-08-18,1,hes8340,5,4,4,0,5,2,0,0
2026-08-18,0,hes7201,7,7,2,4,1,,0,0
2026-08-18,0,hes5925,4,4,4,0,2,,0,0
2026-08-18,0,hes5638,5,5,5,0,1,,0,0
2026-08-18,0,HES0897,1,1,1,0,,,0,0
2026-08-18,0,fra00309,9,8,1,6,,,0,0
2026-08-18,0,HES5970,3,2,2,0,1,1,0,0
2026-08-18,0,hes8453,10,9,1,7,2,,0,0
2026-08-18,0,hes8712,16,12,6,5,,,0,0
2026-08-18,0,hes8048,10,9,3,6,3,2,0,0
2026-08-18,0,hes9188,5,3,0,3,,,0,0
2026-08-18,0,hes8900,1,1,1,0,,,0,0
2026-08-18,0,HES4707,8,6,2,4,3,,0,0
2026-08-18,0,hes8562,8,7,7,0,5,,0,0
2026-08-18,0,frasaritavihar1,4,4,0,2,,,0,0
2026-08-18,0,HES6730,1,1,1,0,1,,0,0
2026-08-18,0,hes6927,7,7,1,5,1,,0,0
2026-08-18,0,hes7010,7,7,4,3,,,0,0
2026-08-18,1,hes8375,1,1,0,1,,,0,0
2026-08-18,0,HES2231,6,4,0,3,,,0,0
2026-08-18,0,fraprahaladnagar1,2,2,2,0,,,0,0
2026-08-18,0,hes7271,12,9,0,9,,,1,1
2026-08-18,0,RMDN1734,14,13,9,4,5,,0,0
2026-08-18,1,hes6650,5,4,3,1,4,2,0,0
2026-08-18,0,hes5910,2,2,2,0,2,,0,0
2026-08-18,0,ICSATS101249,5,5,2,3,,,0,0
2026-08-18,0,RMDN8311,1,1,1,0,1,1,0,0
2026-08-18,0,HES7358,4,4,2,2,,,0,0
2026-08-18,0,hes6398,1,1,1,0,,,0,0
2026-08-18,0,hes5559,5,5,2,2,1,,0,0
2026-08-18,1,HES5423,1,1,1,0,,,0,0
2026-08-18,1,hes8903,1,1,0,1,,,0,0
2026-08-18,0,HES7844,11,9,2,6,8,,0,0
2026-08-18,0,hes7924,1,1,1,0,,,0,0
2026-08-18,0,hes7305,1,1,0,1,,,0,0
2026-08-18,0,hes7684,3,3,0,3,1,,0,0
2026-08-18,0,icsats91506,18,18,17,0,14,3,0,0
2026-08-18,1,hes6398,2,2,1,0,1,,0,0
2026-08-18,1,hes7488,3,3,3,0,,,0,0
2026-08-18,1,HES3398,1,1,1,0,,,0,0
2026-08-18,0,vadod006,1,1,1,0,,,0,0
2026-08-18,1,hes7305,1,1,0,1,,,0,0
2026-08-18,0,HES4828,4,4,3,1,,,0,0
2026-08-18,0,FRA00258,32,26,8,16,4,,0,0
2026-08-18,0,RMDN8370,14,13,13,0,12,1,0,0
2026-08-18,0,HES2524,8,8,8,0,4,,0,0
2026-08-18,0,HES5434,2,2,2,0,1,,0,0
2026-08-18,0,hes8651,11,9,4,5,3,,0,0
2026-08-18,0,hes8121,4,4,0,4,2,,0,0
2026-08-18,0,hes7859,11,11,10,1,9,,0,0
2026-08-18,0,hes8349,3,3,3,0,1,,0,0
2026-08-18,1,hes5453,1,1,1,0,1,,0,0
2026-08-18,0,hes7638,15,13,9,4,3,2,0,0
2026-08-18,0,hes7570,8,7,2,3,3,,0,0
2026-08-18,0,hes8536,6,5,5,0,3,,0,0
2026-08-18,0,FRA00117,1,1,0,0,,,0,0
2026-08-18,0,FRA00104,11,9,1,6,,,0,0
2026-08-18,0,hes8841,10,10,6,4,3,1,0,0
2026-08-18,0,hes7931,2,2,0,2,,,0,0
2026-08-18,0,hes7835,4,3,0,3,,,0,0
2026-08-18,0,hes6757,6,5,0,4,,,0,0
2026-08-18,0,hes7125,2,2,1,1,,,0,0
2026-08-18,0,hes7677,53,50,25,23,16,4,0,0
2026-08-18,0,HES7059,5,4,0,4,1,,0,0
2026-08-18,0,rmdn8261,11,11,10,0,8,,0,0
2026-08-18,0,icsats100316,12,11,11,0,8,3,0,0
2026-08-18,0,hes7506,16,14,12,0,4,1,0,0
2026-08-18,0,hes7183,11,11,11,0,4,1,0,0
2026-08-18,1,rmdn7054,1,1,1,0,,,0,0
2026-08-18,0,fraannasalai3,2,2,2,0,,,0,0
2026-08-18,0,hes5745,1,1,0,1,,,0,0
2026-08-18,0,hes6119,34,31,16,15,13,,0,0
2026-08-18,0,hes7093,1,1,1,0,,,0,0
2026-08-18,0,hes7423,2,2,2,0,2,,0,0
2026-08-18,1,HES6112,2,1,0,1,2,2,0,0
2026-08-18,1,hes7618,4,4,1,2,2,,0,0
2026-08-18,0,icsats96105,2,2,2,0,2,,0,0
2026-08-18,0,fra00338,26,21,9,12,3,,0,0
2026-08-18,0,icsats81376,26,26,25,0,22,4,0,0
2026-08-18,0,hes7563,1,1,0,1,,,0,0
2026-08-18,0,FRA00320,5,4,0,4,1,,0,0
2026-08-18,1,hes8900,1,1,1,0,,,0,0
2026-08-18,0,hes5323,2,2,2,0,2,2,0,0
2026-08-18,0,HES7070,5,5,0,5,3,,0,0
2026-08-18,0,hes7461,7,7,0,7,,,0,0
2026-08-18,0,hes5616,3,3,2,1,2,1,0,0
2026-08-18,0,icsats95268,10,10,10,0,10,4,0,0
2026-08-18,0,fra00264,2,1,1,0,,,0,0
2026-08-18,0,HES0667,1,1,1,0,1,,0,0
2026-08-18,0,hes8445,3,2,2,0,3,3,0,0
2026-08-18,0,hes7516,12,9,0,9,,,0,0
2026-08-18,0,frarajourigarden2,10,9,8,0,3,,0,0
2026-08-18,0,HES5091,4,4,3,0,1,,0,0
2026-08-18,0,hes9123,6,4,1,3,,,0,0
2026-08-18,0,hes6546,18,15,2,13,5,,0,0
2026-08-18,0,FRA00088,8,8,8,0,1,,0,0
2026-08-18,0,hes7983,1,1,0,1,,,0,0
2026-08-18,1,hes9211,2,1,1,0,,,0,0
2026-08-18,0,fraanand1,2,1,1,0,,,0,0
2026-08-18,0,frakoramangala4,1,1,0,1,,,0,0
2026-08-18,0,HES5717,4,3,1,1,1,,0,0
2026-08-18,0,FRA00076,5,4,2,1,,,0,0
2026-08-18,0,fraadajan1,4,4,1,3,1,,0,0
2026-08-18,0,hes6471,6,5,0,5,,,0,0
2026-08-18,1,hes7605,1,1,1,0,1,,0,0
2026-08-18,0,hes8452,16,13,3,8,2,,0,0
2026-08-18,0,hes7872,1,1,0,1,,,0,0
2026-08-18,0,hes5822,3,2,0,2,,,0,0
2026-08-18,0,hes8235,1,1,1,0,1,,0,0
2026-08-18,0,hes6932,1,1,1,0,1,,0,0
2026-08-18,0,hes7331,2,1,0,1,,,0,0
2026-08-18,0,hes6380,5,5,5,0,5,,0,0
2026-08-18,1,hes8999,1,1,1,0,,,0,0
2026-08-18,0,icsats102126,7,7,4,0,3,,0,0
2026-08-18,0,HES4573,2,1,0,1,2,,0,0
2026-08-18,0,hes7191,2,2,1,1,1,,0,0
2026-08-18,0,hes5613,15,12,5,7,2,,0,0
2026-08-18,0,rmdn8748,22,16,0,14,5,4,0,0
2026-08-18,0,hes8429,2,2,2,0,2,,0,0
2026-08-18,1,hes5875,5,4,2,2,4,,0,0
2026-08-18,0,HES1897,3,3,0,3,,,0,0
2026-08-18,0,frapunedhanori1,3,2,1,1,,,0,0
2026-08-18,0,hes7744,1,1,1,0,,,0,0
2026-08-18,0,fravaishalinagar6,8,8,3,3,,,0,0
2026-08-18,0,hes7866,3,3,0,3,,,0,0
2026-08-18,1,hes8236,2,1,1,0,,,0,0
2026-08-18,0,hes7679,1,1,0,1,,,0,0
2026-08-18,1,hes7143,1,1,0,1,,,0,0
2026-08-18,0,HES2530,2,2,1,0,1,,0,0
2026-08-18,0,frakolhapur3,2,2,0,2,1,,0,0
2026-08-18,0,hes8832,13,12,9,3,2,,0,0
2026-08-18,0,hes8645,4,4,4,0,,,0,0
2026-08-18,0,hes9012,1,1,0,1,,,0,0
2026-08-18,1,HES7353,2,1,0,1,,,0,0
2026-08-18,0,hes6916,8,7,4,2,,,0,0
2026-08-18,0,hes7116,3,3,1,2,1,1,0,0
2026-08-18,1,hes8927,9,7,5,2,2,1,0,0
2026-08-18,1,hes7671,5,4,1,2,,,0,0
2026-08-18,1,hes8713,6,4,2,2,4,,0,0
2026-08-18,0,hes8338,1,1,1,0,,,0,0
2026-08-18,0,hes7306,12,11,6,5,,,0,0
2026-08-18,0,FRA00313,16,13,0,12,,,0,0
2026-08-18,1,hes6546,2,2,1,1,,,0,0
2026-08-18,1,hes5616,41,40,38,2,3,,0,0
2026-08-18,1,HES7059,3,3,1,1,,,0,0
2026-08-18,0,HES7727,4,4,1,3,1,,0,0
2026-08-18,0,hes5505,3,3,3,0,2,,0,0
2026-08-18,1,HES4061,3,2,2,0,,,0,0
2026-08-18,1,HES7358,2,2,1,1,,,0,0
2026-08-18,0,fra00364,3,2,2,0,,,0,0
2026-08-18,0,frabhopal4,2,2,2,0,,,0,0
2026-08-18,0,hes7847,1,1,1,0,1,,0,0
2026-08-18,0,frakochi03,9,7,1,5,1,,0,0
2026-08-18,0,CHANDIGARHFRA3,2,2,1,1,1,,0,0
2026-08-18,0,hes8416,3,3,3,0,3,,0,0
2026-08-18,0,hes9059,40,37,17,15,5,,0,0
2026-08-18,0,hes5799,5,4,4,0,5,,0,0
2026-08-18,0,rmdn1337,27,25,20,4,11,3,0,0
2026-08-18,0,HES5068,6,5,3,2,,,0,0
2026-08-18,0,hes7549,5,5,4,0,4,1,0,0
2026-08-18,0,hes6681,16,14,5,8,2,,0,0
2026-08-18,0,hes8976,2,2,0,1,,,0,0
2026-08-18,0,hes9220,6,6,5,0,2,,0,0
2026-08-18,0,FRA00167,8,5,4,0,4,,0,0
2026-08-18,0,vadod002,9,8,7,1,2,,0,0
2026-08-18,0,icsats90195,2,2,2,0,1,1,0,0
2026-08-18,0,FRA00019,4,4,4,0,,,0,0
2026-08-18,0,rmdn8204,16,15,12,0,6,,0,0
2026-08-18,0,HES2784,6,4,3,0,5,1,0,0
2026-08-18,0,hes8548,1,1,0,1,,,0,0
2026-08-18,0,hes6534,10,9,3,5,6,2,0,0
2026-08-18,0,HES5423,5,5,4,0,,,0,0
2026-08-18,0,hes8455,10,9,4,5,,,0,0
2026-08-18,0,HES2627,1,1,0,1,,,0,0
2026-08-18,1,hes8354,1,1,1,0,1,,0,0
2026-08-18,0,hes7350,3,3,3,0,1,,0,0
2026-08-18,0,hes8798,8,8,8,0,7,2,0,0
2026-08-18,0,frabalewadi001,2,2,0,2,,,0,0
2026-08-18,0,HES3091,2,2,1,1,,,0,0
2026-08-18,1,hes9246,1,1,1,0,1,,0,0
2026-08-18,0,HES6091,5,5,1,4,1,,0,0
2026-08-18,0,hes7427,2,2,1,1,1,1,0,0
2026-08-18,0,FRA00105,9,8,1,7,,,0,0
2026-08-18,0,saratboseroad002,2,2,0,2,,,0,0
2026-08-18,1,hes6423,4,3,2,1,,,0,0
2026-08-18,0,hes9120,10,10,9,1,2,1,0,0
2026-08-18,0,hes7138,2,2,0,2,,,0,0
2026-08-18,0,hes5453,7,7,7,0,4,,0,0
2026-08-18,1,HES5156,2,2,1,1,1,,0,0
2026-08-18,0,fraudaipur01,7,7,2,5,2,,0,0
2026-08-18,0,fra00288,4,2,0,2,,,0,0
2026-08-18,0,hes5948,10,7,3,3,5,1,0,0
2026-08-18,0,HES4856,3,3,3,0,1,,0,0
2026-08-18,0,fraindore2,1,1,0,1,,,0,0
2026-08-18,0,frasbopal05,2,2,0,2,,,0,0
2026-08-18,0,HES4532,10,8,5,3,6,2,0,0
2026-08-18,0,hes7839,1,1,1,0,1,,0,0
2026-08-18,0,frasbopal04,5,5,4,1,,,0,0
2026-08-18,0,hes6665,28,24,5,19,4,,0,0
2026-08-18,0,frasiliguri003,1,1,1,0,,,0,0
2026-08-18,0,hes6639,16,14,13,0,12,3,0,0
2026-08-18,0,HES6974,8,8,1,7,,,0,0
2026-08-18,0,HES6661,3,3,2,1,,,0,0
2026-08-18,0,rmdn8752,2,2,2,0,,,0,0
2026-08-18,0,hes8484,2,2,0,2,,,0,0
2026-08-18,0,HES3590,21,20,0,20,1,1,0,0
2026-08-18,0,HES4527,4,3,3,0,3,,0,0
2026-08-18,0,fraborivali2,1,1,0,1,,,0,0
2026-08-18,0,frapunemgroad3,2,1,0,1,,,0,0
2026-08-18,1,PRATIMAA,1,1,1,0,1,1,0,0
2026-08-18,0,flm0002,3,3,0,3,2,,0,0
2026-08-18,0,hes6913,5,5,4,0,4,,0,0
2026-08-18,0,rmdn8416,7,6,0,6,,,0,0
2026-08-18,1,hes8819,2,2,1,1,1,,0,0
2026-08-18,0,icsats99433,33,30,22,0,15,2,0,0
2026-08-18,0,HES5175,1,1,1,0,,,0,0
2026-08-18,0,flm0166,1,1,0,1,,,0,0
2026-08-18,0,fragomtinagar4,5,4,0,4,,,0,0
2026-08-18,0,HES5274,11,11,4,6,1,,0,0
2026-08-18,1,hes9240,1,1,1,0,,,0,0
2026-08-18,0,flm0006,2,1,0,1,,,0,0
2026-08-18,0,HES7155,7,7,6,1,1,1,0,0
2026-08-18,0,MINALD,1,1,1,0,,,0,0
2026-08-18,0,hes7773,6,6,6,0,6,,0,0
2026-08-18,0,hes8448,6,6,5,0,2,,0,0
2026-08-18,0,hes8076,4,4,2,0,,,0,0
2026-08-18,0,hes6235,12,11,3,7,1,,0,0
2026-08-18,0,hes5484,3,3,3,0,1,,0,0
2026-08-18,0,FRA00049,5,4,3,0,3,,0,0
2026-08-18,0,hes8092,2,2,0,2,,,0,0
2026-08-18,0,SBOPAL03,1,1,0,1,,,0,0
2026-08-18,0,rmdn7054,18,15,6,7,2,,0,0
2026-08-18,0,fra00213,9,8,1,7,,,0,0
2026-08-18,0,hes6472,1,1,0,1,,,0,0
2026-08-18,0,hes6723,4,3,1,1,,,0,0
2026-08-18,0,hes5452,1,1,1,0,1,,0,0
2026-08-18,0,HES4520,5,4,2,2,1,,0,0
2026-08-18,0,HES5506,1,1,1,0,1,,0,0
2026-08-18,1,hes8415,5,4,2,2,,,0,0
2026-08-18,0,hes8711,3,3,1,2,1,1,0,0
2026-08-18,0,hes7572,9,7,0,7,,,0,0
2026-08-18,0,flm0119,3,2,0,2,1,,0,0
2026-08-18,0,HES1751,1,1,1,0,1,,0,0
2026-08-18,0,hes8852,8,8,2,5,4,,0,0
2026-08-18,0,fra00373,10,10,10,0,3,,0,0
2026-08-18,0,franoida009,3,2,2,0,,,0,0
2026-08-18,0,HES5417,6,6,5,0,,,0,0
2026-08-18,0,hes5563,4,3,0,3,,,0,0
2026-08-18,0,hes8534,2,2,0,1,,,0,0
2026-08-18,1,hes7288,2,2,1,1,1,,0,0
2026-08-18,0,HES7728,18,15,5,9,10,2,0,0
2026-08-18,0,hes5995,19,14,1,13,,,0,0
2026-08-18,0,HES4709,5,5,4,0,1,,0,0
2026-08-18,0,hes6881,3,3,3,0,2,,0,0
2026-08-18,0,fra00361,7,5,5,0,7,1,0,0
2026-08-18,1,hes8598,4,3,0,3,,,0,0
2026-08-18,0,hes7832,2,1,0,1,,,0,0
2026-08-18,0,icsats99353,10,10,10,0,3,,0,0
2026-08-18,0,HES6567,4,4,3,0,,,0,0
2026-08-18,0,FRA00085,1,1,1,0,,,0,0
2026-08-18,0,hes8333,26,24,23,0,11,2,0,0
2026-08-18,0,hes8527,1,1,1,0,1,,0,0
2026-08-18,0,hes9390,1,1,1,0,1,1,0,0
2026-08-18,0,hes9015,5,5,5,0,2,,0,0
2026-08-18,0,hes9402,6,5,2,3,2,,0,0
2026-08-18,1,HES6845,4,2,2,0,4,,0,0
2026-08-18,0,HES7806,3,3,0,1,,,0,0
2026-08-18,1,hes7601,1,1,0,1,,,0,0
2026-08-18,1,hes9053,3,3,0,3,,,0,0
2026-08-18,0,hes9240,6,5,4,1,4,,0,0
2026-08-18,0,hes8351,5,5,5,0,2,,0,0
2026-08-18,0,hes8756,6,3,0,3,,,0,0
2026-08-18,0,hes5079,6,5,4,1,3,,0,0
2026-08-18,1,hes6047,3,3,3,0,,,0,0
2026-08-18,0,hes5534,9,7,7,0,8,2,0,0
2026-08-18,0,fraborivali5,4,2,2,0,4,,0,0
2026-08-18,0,frafaridabad001,8,8,5,1,1,,0,0
2026-08-18,0,hes9328,2,2,2,0,2,,0,0
2026-08-18,0,hes6630,2,1,0,1,,,0,0
2026-08-18,0,HES4165,7,6,3,1,4,,0,0
2026-08-18,1,hes8265,1,1,1,0,,,0,0
2026-08-18,1,HES5417,8,8,7,0,4,2,0,0
2026-08-18,0,rmdn6117,27,24,5,16,4,1,0,0
2026-08-18,0,hes8556,1,1,1,0,1,1,0,0
2026-08-18,0,HES7473,2,2,2,0,2,,0,0
2026-08-18,0,hes7493,6,6,6,0,2,,0,0
2026-08-18,0,hes8355,5,3,0,3,2,,0,0
2026-08-18,1,HES5096,1,1,1,0,1,,0,0
2026-08-18,0,HES0803,6,5,0,4,,,0,0
2026-08-18,0,hes7471,7,5,3,2,2,,0,0
2026-08-18,0,frasurat005,5,4,3,0,1,,0,0
2026-08-18,0,HES5480,1,1,1,0,1,,0,0
2026-08-18,1,HES0897,1,1,0,1,,,0,0
2026-08-18,0,rmdn8419,2,2,2,0,2,2,0,0
2026-08-18,0,HES3828,11,11,10,0,9,1,0,0
2026-08-18,1,HES7728,2,2,0,2,,,0,0
2026-08-18,1,hes7471,1,1,0,1,,,0,0
2026-08-18,1,hes6967,2,1,1,0,2,2,0,0
2026-08-18,1,hes7787,3,3,1,2,1,,0,0
2026-08-18,0,HES2993,1,1,1,0,1,,0,0
2026-08-18,0,HES5200,4,3,0,3,,,0,0
2026-08-18,0,hes7654,6,6,2,2,1,,0,0
2026-08-18,0,hes7721,15,14,10,3,7,2,0,0
2026-08-18,0,hes9118,4,3,3,0,4,,0,0
2026-08-18,0,HES6985,3,2,0,2,,,0,0
2026-08-18,0,HES3191,5,3,0,3,,,0,0
2026-08-18,1,HES7648,1,1,1,0,1,,0,0
2026-08-18,0,HES4893,3,3,2,1,2,,0,0
2026-08-18,0,hes7545,5,5,1,4,4,,0,0
2026-08-18,0,hes9318,5,4,4,0,2,,0,0
2026-08-18,0,hes9126,10,9,0,7,,,0,0
2026-08-18,0,hes7505,1,1,1,0,,,0,0
2026-08-18,0,hes7488,31,28,18,10,2,,0,0
2026-08-18,0,hes5501,2,2,0,2,,,0,0
2026-08-18,0,FRA00186,4,4,1,1,1,,0,0
2026-08-18,0,frapuducherry2,3,2,2,0,2,,0,0
2026-08-18,0,HES1957,2,2,1,1,,,0,0
2026-08-18,0,HES4501,5,5,5,0,3,1,0,0
2026-08-18,0,HES4061,8,6,0,6,,,0,0
2026-08-18,0,hes9001,3,2,0,2,,,0,0
2026-08-18,0,hes7318,1,1,0,1,,,0,0
2026-08-18,0,hes8459,1,1,0,1,,,0,0
2026-08-18,1,hes9215,1,1,0,1,,,0,0
2026-08-18,1,hes8645,2,2,2,0,,,0,0
2026-08-18,1,HES6592,1,1,1,0,1,,0,0
2026-08-18,0,frajamshedpur2,1,1,1,0,,,0,0
2026-08-18,1,hes6628,3,2,1,1,3,,0,0
2026-08-18,0,fraudaipur02,1,1,1,0,1,,0,0
2026-08-18,0,HES5279,7,7,7,0,,,0,0
2026-08-18,0,hes8411,5,5,2,3,,,0,0
2026-08-18,0,hes9177,3,2,0,2,,,0,0
2026-08-18,0,hes5858,3,3,2,0,2,,0,0
2026-08-18,0,icsats88698,11,11,10,0,7,3,0,0
2026-08-18,1,HES5970,2,2,0,2,,,0,0
2026-08-18,0,HES5748,1,1,0,1,,,0,0
2026-08-18,0,HES8280,1,1,0,1,,,0,0
2026-08-18,0,icsats92883,21,21,21,0,21,,0,0
2026-08-18,1,hes8646,2,2,1,0,2,,0,0
2026-08-18,1,hes5704,1,1,0,1,,,0,0
2026-08-18,0,fraadajan2,6,5,0,4,,,0,0
2026-08-18,0,fragorakhpur04,3,3,0,3,,,0,0
2026-08-18,1,HES2358,2,1,0,1,,,0,0
2026-08-18,0,HES1181,3,3,1,2,,,0,0
2026-08-18,0,frahub01,1,1,0,1,,,0,0
2026-08-18,0,hes8236,5,4,0,4,,,0,0
2026-08-18,0,HES6956,2,2,2,0,1,,0,0
2026-08-18,0,fra00355,6,4,0,4,,,0,0
2026-08-18,0,hes6014,6,6,4,1,5,,0,0
2026-08-18,0,hes9211,8,7,5,2,2,,0,0
2026-08-18,0,flm0160,1,1,0,1,,,0,0
2026-08-18,1,HES5434,6,5,3,2,1,,0,0
2026-08-18,0,hes7961,10,9,1,8,1,,0,0
2026-08-18,1,hes8349,1,1,0,0,,,0,0
2026-08-18,0,HES5945,6,6,4,0,1,,0,0
2026-08-18,0,framathura2,3,2,0,2,,,0,0
2026-08-18,1,hes6885,5,4,2,2,3,1,0,0
2026-08-18,0,fra00353,7,6,0,5,,,0,0
2026-08-18,0,HES5556,5,3,1,2,1,,0,0
2026-08-18,0,rmdn5249,56,55,50,2,22,2,0,0
2026-08-18,0,HES4406,5,4,0,4,,,0,0
2026-08-18,0,fra00136,1,1,1,0,,,0,0
2026-08-18,0,hes7625,15,15,15,0,7,1,0,0
2026-08-18,0,HES0993,25,24,19,5,8,2,0,0
2026-08-18,0,HES4324,4,2,2,0,4,,0,0
2026-08-18,0,hes7971,1,1,1,0,,,0,0
2026-08-18,0,FRA00026,8,7,6,0,1,,0,0
2026-08-18,0,hes8686,1,1,0,1,,,0,0
2026-08-18,0,hes6862,2,2,2,0,2,,0,0
2026-08-18,0,HES5403,3,2,0,2,,,0,0
2026-08-18,0,HES2933,11,11,11,0,11,2,0,0
2026-08-18,1,HES4521,1,1,1,0,1,,0,0
2026-08-18,0,HES7726,17,13,1,10,2,,0,0
2026-08-18,0,hes8750,4,3,2,1,,,0,0
2026-08-18,0,HES0992,3,3,3,0,3,1,0,0
2026-08-18,0,hes6621,3,2,0,1,,,0,0
2026-08-18,0,hes6994,1,1,1,0,,,0,0
2026-08-17,0,flm0119,6,4,0,4,3,,0,0
2026-08-17,0,hes6088,1,1,0,1,,,0,0
2026-08-17,0,frabhopal3,7,6,4,2,,,0,0
2026-08-17,0,hes7268,8,7,0,6,,,0,0
2026-08-17,0,hes8355,2,2,0,2,,,0,0
2026-08-17,0,FRA00205,4,4,1,3,,,0,0
2026-08-17,0,HES5364,6,4,2,2,,,0,0
2026-08-17,0,hes7469,3,2,0,2,,,0,0
2026-08-17,0,FRA00068,2,2,0,2,,,0,0
2026-08-17,0,hes9137,3,3,3,0,3,,0,0
2026-08-17,0,hes5125,3,3,2,0,1,,0,0
2026-08-17,0,frasiliguri003,1,1,1,0,1,,0,0
2026-08-17,0,hes7729,10,8,2,4,6,4,1,1
2026-08-17,0,FRA00349,11,8,0,8,,,0,0
2026-08-17,0,rmdn8748,8,6,1,3,5,2,1,1
2026-08-17,1,HES4848,2,2,2,0,,,0,0
2026-08-17,0,hes7616,9,8,0,7,1,1,1,1
2026-08-17,0,hes5720,1,1,1,0,1,,0,0
2026-08-17,0,hes6862,5,4,3,0,3,,0,0
2026-08-17,0,rmdn8751,12,9,0,9,10,2,0,0
2026-08-17,0,hes6119,11,9,5,4,4,,0,0
2026-08-17,0,HES3942,6,5,4,1,5,1,0,0
2026-08-17,0,hes7856,7,6,0,5,,,0,0
2026-08-17,0,FRA00049,3,2,2,0,2,,0,0
2026-08-17,0,hes6932,2,2,2,0,2,,0,0
2026-08-17,0,HES2790,6,4,2,2,3,,0,0
2026-08-17,0,fra00266,3,3,0,3,2,,0,0
2026-08-17,0,hes8534,1,1,0,0,,,0,0
2026-08-17,0,hes8024,7,7,3,0,3,,0,0
2026-08-17,0,framohali4,3,2,2,0,2,,0,0
2026-08-17,0,hes5534,11,10,4,2,4,4,1,1
2026-08-17,0,HES2137,7,6,3,3,1,,0,0
2026-08-17,0,icsats100316,10,10,9,0,7,3,1,1
2026-08-17,0,HES3269,5,4,2,2,1,,0,0
2026-08-17,0,hes6583,14,14,2,9,5,3,1,1
2026-08-17,0,hes9252,1,1,1,0,1,,0,0
2026-08-17,1,hes7716,1,1,0,0,,,0,0
2026-08-17,0,hes8175,5,3,1,2,,,0,0
2026-08-17,0,hes8559,1,1,0,1,,,0,0
2026-08-17,1,HES5042,1,1,0,1,,,0,0
2026-08-17,0,hes8900,4,3,2,1,2,,0,0
2026-08-17,1,HES8280,3,3,0,3,,,0,0
2026-08-17,0,hes7545,6,6,2,4,1,,0,0
2026-08-17,0,hes7300,2,1,0,1,,,0,0
2026-08-17,0,fra00364,2,2,2,0,,,0,0
2026-08-17,0,hes7677,24,21,8,8,6,,0,0
2026-08-17,0,hes9232,1,1,0,1,1,,0,0
2026-08-17,0,fra00355,10,8,0,6,,,0,0
2026-08-17,0,hes6546,25,21,5,16,3,,0,0
2026-08-17,0,HES3828,3,3,3,0,3,1,0,0
2026-08-17,0,HES8532,3,2,0,2,,,1,1
2026-08-17,0,hes5105,2,2,2,0,2,1,0,0
2026-08-17,0,HES1970,1,1,0,1,,,0,0
2026-08-17,0,hes8814,11,11,2,8,3,,0,0
2026-08-17,0,hes6825,2,2,2,0,2,,0,0
2026-08-17,0,hes5858,4,2,2,0,2,,0,0
2026-08-17,0,frahydhills2,3,2,2,0,,,0,0
2026-08-17,0,fra00241,4,4,0,4,,,0,0
2026-08-17,0,HES4893,3,3,3,0,3,,0,0
2026-08-17,0,hes5529,11,10,10,0,6,1,1,1
2026-08-17,0,hes6203,4,4,0,2,,,0,0
2026-08-17,0,icsats90188,17,15,7,5,12,3,1,1
2026-08-17,0,HES3384,13,11,9,0,10,,0,0
2026-08-17,0,hes7721,47,45,36,6,38,1,0,0
2026-08-17,0,flm0038,2,1,1,0,,,0,0
2026-08-17,0,hes5444,3,3,2,0,1,,0,0
2026-08-17,0,rmdn1559,23,21,16,3,19,2,0,0
2026-08-17,1,HES5417,5,3,1,2,2,,0,0
2026-08-17,0,hes6821,4,4,0,3,1,1,0,0
2026-08-17,0,hes8578,4,4,0,3,,,0,0
2026-08-17,0,flm0121,2,2,0,2,,,0,0
2026-08-17,0,hes7596,2,2,0,1,,,0,0
2026-08-17,0,fra00281,2,1,1,0,,,0,0
2026-08-17,0,hes8946,2,2,2,0,2,,0,0
2026-08-17,1,hes7471,1,1,0,1,,,0,0
2026-08-17,1,hes9145,1,1,1,0,1,,0,0
2026-08-17,0,FRA00076,7,7,2,5,1,,0,0
2026-08-17,0,hes5453,6,6,1,5,1,,1,1
2026-08-17,0,hes8709,14,13,8,5,7,1,1,1
2026-08-17,0,icsats96105,6,5,5,0,5,,0,0
2026-08-17,0,hes7273,14,14,12,1,11,,0,0
2026-08-17,0,hes8519,1,1,1,0,,,0,0
2026-08-17,0,hes8048,4,3,3,0,3,,0,0
2026-08-17,0,hes9150,10,8,0,8,5,,0,0
2026-08-17,0,hes6183,4,4,0,4,1,,0,0
2026-08-17,0,frawhitefield1,4,4,4,0,,,0,0
2026-08-17,0,hes6822,9,7,3,2,2,,1,1
2026-08-17,0,hes5464,2,2,2,0,2,1,0,0
2026-08-17,0,hes9240,18,18,15,0,13,6,2,1
2026-08-17,0,hes9105,1,1,0,1,,,0,0
2026-08-17,0,hes7625,9,9,8,0,6,2,0,0
2026-08-17,0,hes6619,3,3,1,2,,,0,0
2026-08-17,0,HES6091,7,6,1,5,,,0,0
2026-08-17,0,fra00353,2,2,0,2,,,0,0
2026-08-17,0,vadod006,1,1,0,1,,,0,0
2026-08-17,0,hes7306,11,9,0,9,,,0,0
2026-08-17,0,HES4520,3,2,0,2,,,0,0
2026-08-17,0,hes7572,15,13,3,3,2,2,1,1
2026-08-17,0,FRA00186,6,5,2,3,,,0,0
2026-08-17,1,hes8662,1,1,0,1,,,0,0
2026-08-17,0,HES4010,5,5,5,0,5,4,2,1
2026-08-17,0,HES4324,2,2,2,0,,,0,0
2026-08-17,0,FRA00175,2,1,0,1,,,0,0
2026-08-17,0,hes5527,6,5,5,0,6,3,0,0
2026-08-17,0,HES4532,11,9,4,3,4,,0,0
2026-08-17,0,hes7605,5,4,0,2,,,0,0
2026-08-17,0,frarajourigarden4,1,1,1,0,,,0,0
2026-08-17,0,hes8417,13,13,9,3,5,,0,0
2026-08-17,0,hes8733,4,3,3,0,4,,0,0
2026-08-17,0,HES4113,1,1,0,1,,,0,0
2026-08-17,0,frajaipurr1,3,3,2,1,2,1,0,0
2026-08-17,0,hes7549,3,3,2,0,2,2,0,0
2026-08-17,0,rmdn8555,5,4,3,1,3,,0,0
2026-08-17,0,hes8092,2,2,0,2,,,0,0
2026-08-17,0,hes9144,23,19,0,17,11,,0,0
2026-08-17,0,hes6100,2,2,0,2,,,0,0
2026-08-17,0,HES5388,6,6,3,3,4,,0,0
2026-08-17,0,hes6518,6,6,1,5,1,1,1,0
2026-08-17,0,HES7358,6,6,1,5,1,,0,0
2026-08-17,0,flm0102,3,2,0,1,,,0,0
2026-08-17,0,hes5822,2,2,2,0,1,,0,0
2026-08-17,0,icsats88688,6,6,6,0,4,,0,0
2026-08-17,0,hes9141,2,2,1,1,,,0,0
2026-08-17,0,hes7186,2,2,0,2,,,0,0
2026-08-17,0,hes5613,15,12,1,11,,,0,0
2026-08-17,0,FRA00117,11,9,6,3,,,0,0
2026-08-17,0,HES5058,8,7,5,2,5,1,0,0
2026-08-17,0,hes9118,3,2,1,1,2,,0,0
2026-08-17,0,hes7561,5,3,0,3,,,0,0
2026-08-17,0,rmdn3759,18,18,14,2,13,6,1,1
2026-08-17,0,fra00300,4,4,0,4,,,0,0
2026-08-17,0,hes7614,2,2,1,1,,,0,0
2026-08-17,0,hes6967,7,6,4,2,3,,0,0
2026-08-17,0,hes9052,5,3,3,0,4,,1,0
2026-08-17,1,hes7338,2,2,1,1,1,,0,0
2026-08-17,0,frakoramangala4,3,3,0,2,,,0,0
2026-08-17,0,hes8524,14,13,3,9,,,0,0
2026-08-17,0,HES6834,4,4,0,4,,,0,0
2026-08-17,1,hes8279,5,4,1,2,1,,0,0
2026-08-17,0,hes6281,5,5,3,2,1,,0,0
2026-08-17,0,hes9270,6,6,2,3,1,,0,0
2026-08-17,0,HES0897,2,1,0,1,,,0,0
2026-08-17,0,hes8562,7,7,7,0,6,1,0,0
2026-08-17,0,hes6043,1,1,0,1,,,0,0
2026-08-17,0,HES5161,5,5,0,4,1,1,0,0
2026-08-17,0,HES4425,4,3,3,0,4,,0,0
2026-08-17,0,HES2933,7,7,7,0,7,1,1,0
2026-08-17,0,hes7661,5,3,0,3,,,0,0
2026-08-17,0,rmdn7229,1,1,1,0,1,,0,0
2026-08-17,1,HES1706,2,1,0,1,,,0,0
2026-08-17,0,HES7473,2,2,2,0,2,,0,0
2026-08-17,0,icsats91506,11,11,10,0,9,2,0,0
2026-08-17,0,hes7740,3,3,3,0,3,,0,0
2026-08-17,0,hes5063,1,1,1,0,,,0,0
2026-08-17,0,hes8969,4,4,1,1,1,,0,0
2026-08-17,0,HES4769,6,4,1,3,1,,0,0
2026-08-17,0,HES4165,4,3,2,0,3,,0,0
2026-08-17,0,MATHURA006,3,2,0,2,,,0,0
2026-08-17,0,hes9066,3,3,0,2,,,0,0
2026-08-17,0,hes6323,5,5,5,0,5,1,1,1
2026-08-17,0,fra00318,9,9,0,7,,,0,0
2026-08-17,0,HES3888,2,2,1,1,1,,0,0
2026-08-17,0,hes8397,4,3,2,0,3,,0,0
2026-08-17,0,hes7980,7,7,2,4,,,1,1
2026-08-17,0,rmdn8566,9,6,0,6,5,,0,0
2026-08-17,0,HES5728,2,2,1,1,,,0,0
2026-08-17,0,HES4115,3,2,0,2,,,0,0
2026-08-17,0,amdcg7,1,1,1,0,1,,0,0
2026-08-17,0,hes5835,1,1,1,0,1,,0,0
2026-08-17,1,hes5505,2,2,1,0,1,,0,0
2026-08-17,0,hes6653,8,6,0,5,2,,0,0
2026-08-17,0,rmdn8564,1,1,0,0,,,0,0
2026-08-17,0,hes5704,4,2,0,2,4,,0,0
2026-08-17,0,hes8645,2,2,1,1,,,0,0
2026-08-17,0,HES6445,1,1,1,0,1,,0,0
2026-08-17,0,hes7674,1,1,1,0,,,0,0
2026-08-17,1,hes7350,2,2,0,2,,,0,0
2026-08-17,0,hes8411,5,3,2,1,3,,0,0
2026-08-17,0,hes6052,7,5,5,0,6,,0,0
2026-08-17,0,hes7521,1,1,0,1,1,1,1,1
2026-08-17,0,hes8453,9,7,0,7,,,0,0
2026-08-17,0,hes7730,6,6,4,1,3,1,1,1
2026-08-17,1,hes8977,5,4,2,2,2,1,0,0
2026-08-17,0,hes6298,26,22,1,10,4,2,1,1
2026-08-17,0,HES4527,3,3,3,0,3,1,0,0
2026-08-17,0,fra00280,8,7,0,6,,,0,0
2026-08-17,0,HES7155,2,2,2,0,1,,0,0
2026-08-17,0,HES5748,8,7,0,6,,,0,0
2026-08-17,0,hes7191,4,3,0,3,3,,0,0
2026-08-17,0,hes7859,8,7,5,1,4,,0,0
2026-08-17,0,HES1543,8,7,3,4,1,,0,0
2026-08-17,0,hes6875,3,3,3,0,3,,0,0
2026-08-17,0,hes7288,1,1,1,0,1,,0,0
2026-08-17,0,hes5910,4,4,4,0,2,,0,0
2026-08-17,0,frasaltlakecc1,8,7,1,3,1,,0,0
2026-08-17,0,flm0167,4,3,0,3,1,,0,0
2026-08-17,0,hes9177,6,6,0,3,1,,0,0
2026-08-17,0,hes9215,2,2,0,1,,,0,0
2026-08-17,0,hes5119,3,3,3,0,2,,0,0
2026-08-17,0,FRA00105,6,5,0,4,,,0,0
2026-08-17,0,HES4181,4,4,0,2,,,0,0
2026-08-17,0,frahadapsar1,2,2,0,1,,,0,0
2026-08-17,0,rmdn8369,18,18,1,13,4,,2,2
2026-08-17,0,fragorakhpur03,7,6,0,4,,,0,0
2026-08-17,0,HES0993,20,19,8,8,6,1,0,0
2026-08-17,0,HES4544,6,6,6,0,6,1,0,0
2026-08-17,0,surat001,8,6,4,2,4,,0,0
2026-08-17,0,HES4079,4,3,0,3,1,,0,0
2026-08-17,0,hes5476,4,4,0,3,,,0,0
2026-08-17,0,hes7866,12,11,0,8,,,1,1
2026-08-17,0,hes8646,10,8,7,0,9,1,0,0
2026-08-17,0,frapunedhanori1,2,2,2,0,,,0,0
2026-08-17,0,rmdn1726,18,17,5,11,4,2,0,0
2026-08-17,0,hes5655,1,1,0,1,,,0,0
2026-08-17,0,HES5610,4,4,0,4,,,0,0
2026-08-17,0,HES4448,3,3,1,2,1,,0,0
2026-08-17,0,HES8091,7,7,1,6,2,2,1,0
2026-08-17,0,hes7474,1,1,0,1,,,0,0
2026-08-17,0,frakotagumanpura1,7,6,2,3,,,0,0
2026-08-17,0,hes8930,17,14,11,0,13,,0,0
2026-08-17,0,icsats106268,15,15,10,0,8,,0,0
2026-08-17,0,frasaltlake2,5,3,3,0,2,,0,0
2026-08-17,0,MINALD,6,5,5,0,2,,0,0
2026-08-17,0,hes7511,3,3,1,2,,,0,0
2026-08-17,0,HES3459,1,1,1,0,1,,0,0
2026-08-17,0,hes8455,4,4,3,1,,,0,0
2026-08-17,0,fra00324,1,1,1,0,,,0,0
2026-08-17,0,hes8470,23,19,7,9,7,,0,0
2026-08-17,0,FRA00100,3,3,1,2,,,0,0
2026-08-17,0,framathura3,18,15,6,5,1,,0,0
2026-08-17,0,framumbaithane2,9,8,3,3,,,1,1
2026-08-17,0,hes6398,3,3,2,0,2,,0,0
2026-08-17,0,FRA00038,2,2,0,1,,,0,0
2026-08-17,0,hes8306,7,7,2,5,,,0,0
2026-08-17,0,HES7754,2,2,0,2,,,0,0
2026-08-17,1,hes7689,1,1,1,0,1,,0,0
2026-08-17,0,hes7753,5,5,3,2,2,,0,0
2026-08-17,0,icsats106795,14,14,12,1,9,,0,0
2026-08-17,0,hes6745,6,4,0,4,,,0,0
2026-08-17,0,hes6568,2,2,0,2,,,0,0
2026-08-17,0,hes9241,4,4,4,0,3,2,0,0
2026-08-17,0,RMDN1132,18,16,9,5,11,2,0,0
2026-08-17,0,fra00334,5,4,0,3,,,0,0
2026-08-17,0,hes9007,1,1,0,1,,,0,0
2026-08-17,0,hes9126,2,1,0,1,,,0,0
2026-08-17,0,hes6274,5,5,0,5,,,0,0
2026-08-17,0,HES5215,3,3,0,1,,,0,0
2026-08-17,0,flm0118,3,2,0,2,,,0,0
2026-08-17,0,HES6556,5,4,3,1,2,,0,0
2026-08-17,0,rmdn8261,2,2,0,2,,,0,0
2026-08-17,0,hes6885,4,3,0,3,4,3,0,0
2026-08-17,0,hes6101,5,5,0,5,,,0,0
2026-08-17,0,hes6099,6,6,6,0,5,,0,0
2026-08-17,0,HES7728,8,7,2,4,5,2,1,1
2026-08-17,0,hes7271,13,11,0,10,1,,1,0
2026-08-17,1,hes6650,6,4,2,2,2,1,0,0
2026-08-17,0,rmdn4078,29,27,8,18,5,1,0,0
2026-08-17,0,FRA00106,13,12,11,0,,,0,0
2026-08-17,0,hes8228,1,1,0,1,,,0,0
2026-08-17,0,hes7978,7,7,7,0,7,,0,0
2026-08-17,0,hes5616,17,16,10,5,9,1,1,1
2026-08-17,0,HES5200,3,2,0,2,2,,0,0
2026-08-17,0,HES4856,5,4,4,0,5,,0,0
2026-08-17,0,hes5612,5,4,1,2,1,,0,0
2026-08-17,0,hes7574,1,1,0,1,,,0,0
2026-08-17,0,hes5079,6,5,1,3,2,1,0,0
2026-08-17,0,HES7311,7,6,0,4,,,0,0
2026-08-17,0,hes7279,1,1,1,0,,,0,0
2026-08-17,0,hes8663,3,3,2,1,1,,0,0
2026-08-17,0,frarajourigarden2,2,2,2,0,,,0,0
2026-08-17,0,fra00261,2,1,1,0,,,0,0
2026-08-17,0,hes6916,29,28,16,7,2,,0,0
2026-08-17,0,CHANDIGARHFRA3,3,2,0,2,,,0,0
2026-08-17,0,HES4866,3,3,2,0,2,,0,0
2026-08-17,0,hes8427,1,1,1,0,1,,0,0
2026-08-17,0,HES8480,7,7,7,0,7,,0,0
2026-08-17,0,HES7512,4,4,2,1,2,,0,0
2026-08-17,0,hes8832,4,4,1,2,1,,0,0
2026-08-17,0,hes7877,5,5,5,0,5,1,0,0
2026-08-17,0,FRA00291,5,3,1,1,,,0,0
2026-08-17,0,rmdn8419,8,8,3,4,3,2,1,1
2026-08-17,0,hes8505,3,2,2,0,1,,0,0
2026-08-17,0,flm0112,1,1,0,1,,,0,0
2026-08-17,0,hes5929,2,1,0,1,,,0,0
2026-08-17,0,hes8076,8,6,2,4,2,,0,0
2026-08-17,0,fravileparle002,1,1,1,0,,,0,0
2026-08-17,0,hes6528,13,10,4,4,,,0,0
2026-08-17,0,hes7938,2,2,0,2,,,0,0
2026-08-17,0,HES6592,2,2,2,0,,,0,0
2026-08-17,0,hes6083,4,4,4,0,2,,0,0
2026-08-17,0,HES5970,4,3,0,3,,,0,0
2026-08-17,0,FRA00214,8,7,2,4,,,0,0
2026-08-17,1,hes9328,2,2,2,0,2,2,0,0
2026-08-17,0,hes8237,2,2,1,1,,,0,0
2026-08-17,0,hes7930,6,6,1,5,1,,0,0
2026-08-17,0,hes5659,6,5,1,3,3,3,1,1
2026-08-17,0,rmdn3663,3,3,1,2,1,,0,0
2026-08-17,0,hes6423,7,6,3,3,3,2,0,0
2026-08-17,0,hes8527,9,8,2,3,,,0,0
2026-08-17,0,hes7925,19,17,5,5,4,4,1,1
2026-08-17,0,flm0097,1,1,0,1,1,1,0,0
2026-08-17,0,frapunemgroad3,2,2,0,2,,,0,0
2026-08-17,0,ICSATS103168,18,17,14,2,12,3,0,0
2026-08-17,1,hes7920,1,1,1,0,1,,0,0
2026-08-17,0,hes8351,3,3,2,1,1,,0,0
2026-08-17,1,hes8984,4,3,1,2,1,,1,1
2026-08-17,0,hes7760,9,8,2,5,2,,0,0
2026-08-17,0,hes8443,4,4,3,0,3,,0,0
2026-08-17,0,HES4229,12,11,11,0,12,,0,0
2026-08-17,0,HES4118,5,4,4,0,5,,0,0
2026-08-17,0,HES4795,4,3,1,2,,,0,0
2026-08-17,0,hes7530,16,14,12,2,10,4,0,0
2026-08-17,0,hes7143,8,7,1,6,8,1,0,0
2026-08-17,0,hes7338,2,2,0,1,,,0,0
2026-08-17,0,hes7449,2,2,0,1,1,,0,0
2026-08-17,0,rmdn8552,2,1,0,1,,,0,0
2026-08-17,0,hes7758,4,4,0,3,1,,0,0
2026-08-17,0,hes8215,3,2,2,0,3,,0,0
2026-08-17,0,HES5279,4,4,4,0,1,,0,0
2026-08-17,0,hes7926,2,2,0,2,1,1,0,0
2026-08-17,0,icsats102126,5,5,5,0,4,3,0,0
2026-08-17,0,hes7684,6,4,0,4,,,0,0
2026-08-17,0,hes6614,20,18,13,2,8,5,1,1
2026-08-17,0,HES5945,1,1,1,0,1,,0,0
2026-08-17,0,hes9290,1,1,0,1,1,,0,0
2026-08-17,0,HES2358,4,4,0,4,,,0,0
2026-08-17,0,HES5091,6,5,5,0,4,,0,0
2026-08-17,0,hes5718,5,4,3,0,,,0,0
2026-08-17,0,fravaishalinagar1,2,2,1,1,1,,0,0
2026-08-17,0,HES6985,6,4,2,2,,,0,0
2026-08-17,0,hes6887,2,2,2,0,1,1,1,1
2026-08-17,0,hes5117,3,2,0,2,,,0,0
2026-08-17,0,rmdn8273,15,15,15,0,14,2,1,1
2026-08-17,0,flm0155,1,1,0,1,,,0,0
2026-08-17,0,icsats96092,13,13,13,0,9,3,0,0
2026-08-17,0,hes6591,5,5,1,2,1,,0,0
2026-08-17,0,hes8416,11,8,7,0,9,1,0,0
2026-08-17,0,HES6762,4,3,0,3,,,0,0
2026-08-17,0,flm0080,3,2,0,1,,,0,0
2026-08-17,0,HES6596,1,1,1,0,1,,0,0
2026-08-17,0,hes8452,16,14,7,6,6,2,0,0
2026-08-17,0,HES6403,4,3,0,3,,,0,0
2026-08-17,1,HES6712,3,3,3,0,3,2,1,1
2026-08-17,0,HES3843,1,1,1,0,1,1,1,1
2026-08-17,0,hes8927,10,8,0,7,,,0,0
2026-08-17,1,hes8333,4,2,2,0,4,,0,0
2026-08-17,0,hes7591,3,3,0,3,,,0,0
2026-08-17,0,hes8484,14,11,1,7,4,1,1,1
2026-08-17,0,HES6384,3,2,2,0,3,,0,0
2026-08-17,0,frasbopal05,1,1,0,1,,,0,0
2026-08-17,0,hes7991,30,27,3,20,4,1,2,1
2026-08-17,0,HES7726,12,12,6,4,8,6,0,0
2026-08-17,0,hes7835,1,1,0,1,,,0,0
2026-08-17,0,HES5042,1,1,0,1,,,0,0
2026-08-17,0,hes8027,7,7,7,0,7,,0,0
2026-08-17,0,hes9424,8,5,2,3,4,,0,0
2026-08-17,0,hes8236,24,19,0,15,,,0,0
2026-08-17,0,FRA00104,23,22,3,11,1,,0,0
2026-08-17,0,hes7857,2,2,0,2,,,1,0
2026-08-17,0,FRA00052,1,1,0,1,,,0,0
2026-08-17,0,hes8460,1,1,1,0,1,,0,0
2026-08-17,0,hes7204,2,2,0,2,,,0,0
2026-08-17,0,HES5881,1,1,0,1,,,0,0
2026-08-17,0,flm0006,6,4,0,4,,,0,0
2026-08-17,0,hes8880,1,1,1,0,1,,0,0
2026-08-17,0,hes9001,10,9,0,9,,,0,0
2026-08-17,0,icsats92875,14,14,12,0,10,,0,0
2026-08-17,0,hes8825,13,10,0,10,,,0,0
2026-08-17,0,rmdn8240,4,3,0,3,,,0,0
2026-08-17,0,hes5840,4,4,4,0,4,,0,0
2026-08-17,0,fraccuesplanade4,6,4,0,4,,,1,1
2026-08-17,0,hes7654,5,5,2,3,1,,1,1
2026-08-17,0,fra00346,9,7,3,3,1,,0,0
2026-08-17,0,hes6436,3,2,0,2,,,0,0
2026-08-17,0,hes8338,1,1,1,0,1,,0,0
2026-08-17,0,frasaritavihar2,2,1,0,1,,,0,0
2026-08-17,0,hes5442,5,5,4,0,,,0,0
2026-08-17,0,ICSATS81163,2,2,2,0,2,,0,0
2026-08-17,0,HES5417,1,1,0,1,,,0,0
2026-08-17,0,HES3504,10,8,0,7,3,,0,0
2026-08-17,0,hes6983,7,5,0,3,,,0,0
2026-08-17,0,fraggn1,1,1,1,0,,,0,0
2026-08-17,0,hes8977,15,13,6,7,,,0,0
2026-08-17,1,hes6761,1,1,1,0,,,0,0
2026-08-17,0,hes9022,3,3,0,2,,,0,0
2026-08-17,0,HES0803,1,1,0,0,,,0,0
2026-08-17,0,hes7350,17,15,0,11,,,0,0
2026-08-17,0,vadod002,2,2,2,0,2,,0,0
2026-08-17,1,HES6592,1,1,1,0,1,,0,0
2026-08-17,0,HES4090,7,7,1,5,,,0,0
2026-08-17,0,FRA00090,1,1,1,0,,,0,0
2026-08-17,0,rmdn5933,28,25,0,19,3,,0,0
2026-08-17,0,hes9086,18,16,5,7,2,,0,0
2026-08-17,0,HES4297,2,2,0,2,,,0,0
2026-08-17,0,rmdn5249,40,36,29,7,16,1,0,0
2026-08-17,0,HES8433,5,5,5,0,4,,0,0
2026-08-17,0,HES4707,3,2,1,1,,,0,0
2026-08-17,0,frabareilly02,2,2,0,2,,,0,0
2026-08-17,0,hes8188,7,7,0,5,1,1,1,0
2026-08-17,0,HES6112,8,6,1,5,,,0,0
2026-08-17,0,hes6181,4,3,0,3,,,0,0
2026-08-17,0,HES6510,3,2,2,0,2,,0,0
2026-08-17,0,hes6664,15,14,8,6,8,,0,0
2026-08-17,0,FRA00088,1,1,1,0,,,0,0
2026-08-17,0,frasouthex6,3,2,1,1,,,0,0
2026-08-17,0,fragurgaon1,2,1,1,0,,,0,0
2026-08-17,0,fraadajan1,1,1,0,0,,,0,0
2026-08-17,0,HES1181,1,1,1,0,1,1,0,0
2026-08-17,0,frakoramangala3,1,1,0,1,,,0,0
2026-08-17,0,HES6144,1,1,0,1,,,0,0
2026-08-17,0,frapuducherry1,6,5,3,2,1,1,0,0
2026-08-17,0,hes6378,14,12,7,4,7,,0,0
2026-08-17,0,HES6538,8,8,0,7,3,,0,0
2026-08-17,1,hes9232,1,1,0,1,,,0,0
2026-08-17,0,rmdn7054,27,24,4,13,3,1,0,0
2026-08-17,0,hes7679,4,4,3,1,3,,0,0
2026-08-17,0,hes5922,3,2,1,1,1,,0,0
2026-08-17,0,hes6844,28,24,9,14,5,,0,0
2026-08-17,0,hes5443,13,12,8,2,4,,0,0
2026-08-17,0,hes5904,5,5,5,0,5,2,0,0
2026-08-17,0,HES0504,13,12,3,8,6,,0,0
2026-08-17,0,frasurat005,7,7,6,1,1,,0,0
2026-08-17,0,hes6047,6,6,6,0,4,,0,0
2026-08-17,0,hes7951,2,2,0,2,,,0,0
2026-08-17,0,hes7653,1,1,1,0,1,,0,0
2026-08-17,0,hes5484,2,2,2,0,2,,0,0
2026-08-17,0,HES2608,7,7,0,6,1,,0,0
2026-08-17,0,HES5255,2,2,2,0,2,,0,0
2026-08-17,0,hes8077,7,7,3,2,1,,0,0
2026-08-17,0,HES5426,1,1,1,0,1,,0,0
2026-08-17,0,HES8307,14,11,2,9,1,,0,0
2026-08-17,0,hes9387,8,7,1,6,,,0,0
2026-08-17,0,hes6761,2,2,1,1,,,0,0
2026-08-17,0,HES3137,2,2,1,0,1,,0,0
2026-08-17,0,HES5411,22,20,4,12,3,,0,0
2026-08-17,0,icsats106934,4,4,4,0,2,,0,0
2026-08-17,0,icsats90195,4,3,3,0,4,1,1,0
2026-08-17,0,hes5713,5,4,4,0,5,2,2,2
2026-08-17,0,HES5264,2,2,2,0,2,,0,0
2026-08-17,1,HES8480,2,2,1,1,1,,0,0
2026-08-17,0,icsats92883,16,16,14,0,10,,0,0
2026-08-17,0,fra00309,5,4,0,3,,,0,0
2026-08-17,1,framumbaithane2,5,4,2,2,2,,0,0
2026-08-17,0,HES4183,4,4,2,2,2,1,0,0
2026-08-17,0,HES7520,2,1,0,1,,,0,0
2026-08-17,0,hes5526,8,8,8,0,8,3,0,0
2026-08-17,0,frapatiala1,6,6,5,0,2,,0,0
2026-08-17,0,fravaishalinagar6,2,2,1,1,,,0,0
2026-08-17,0,hes5948,1,1,1,0,1,,0,0
2026-08-17,0,hes6980,4,3,0,3,,,0,0
2026-08-17,1,hes5718,1,1,1,0,1,,0,0
2026-08-17,1,HES5427,4,4,3,1,,,0,0
2026-08-17,0,hes8459,3,2,0,1,,,0,0
2026-08-17,0,hes9065,1,1,1,0,1,1,0,0
2026-08-17,0,hes7992,5,5,1,4,1,,0,0
2026-08-17,0,HES3823,8,8,8,0,3,,0,0
2026-08-17,0,frablrjpnagar2,2,1,1,0,,,0,0
2026-08-17,0,HES6712,12,11,4,3,4,1,0,0
2026-08-17,0,hes8639,9,8,2,6,2,,0,0
2026-08-17,0,HES4221,12,10,5,2,5,1,1,1
2026-08-17,0,icsats92879,43,40,37,0,38,10,5,2
2026-08-17,0,HES5107,6,6,5,1,4,,0,0
2026-08-17,0,hes8712,30,26,14,8,5,,0,0
2026-08-17,0,hes5503,2,2,0,2,,,0,0
2026-08-17,0,saratbose001,6,5,3,1,,,0,0
2026-08-17,1,hes9150,1,1,0,1,1,,0,0
2026-08-17,0,vadod007,4,3,0,3,,,0,0
2026-08-17,0,hes8662,5,4,0,4,,,0,0
2026-08-17,0,HES5506,2,2,0,2,1,1,0,0
2026-08-17,0,frahowrah002,2,2,0,2,,,0,0
2026-08-17,0,nungambakkam001,1,1,1,0,1,,0,0
2026-08-17,0,HES3590,19,17,0,14,,,0,0
2026-08-17,0,hes6117,10,7,0,5,,,0,0
2026-08-17,0,hes8641,3,3,1,1,1,,0,0
2026-08-17,0,hes6675,8,5,0,5,,,0,0
2026-08-17,0,hes9155,3,2,0,2,1,,0,0
2026-08-17,0,rmdn6887,17,14,4,10,4,,0,0
2026-08-17,0,fra00288,2,1,0,1,,,0,0
2026-08-17,0,hes6639,11,11,11,0,7,,0,0
2026-08-17,0,hes8030,3,2,2,0,3,,0,0
2026-08-17,0,hes8425,2,2,0,2,,,0,0
2026-08-17,0,HES1897,11,9,3,5,4,2,2,2
2026-08-17,0,hes6893,13,11,0,11,,,1,1
2026-08-17,0,rmdn7065,5,4,0,3,,,0,0
2026-08-17,1,hes8646,1,1,1,0,1,,0,0
2026-08-17,0,HES3933,3,3,2,1,1,,0,0
2026-08-17,0,frachandrapur1,1,1,0,1,,,0,0
2026-08-17,0,fragomtinagar1,5,4,2,2,1,,0,0
2026-08-17,0,fra00373,11,9,6,3,2,,0,0
2026-08-17,0,hes5932,11,11,11,0,11,3,0,0
2026-08-17,0,hes8711,10,8,2,6,2,1,2,1
2026-08-17,0,flm0005,2,2,0,2,,,0,0
2026-08-17,0,HES2028,2,2,0,1,,,0,0
2026-08-17,0,hes7096,3,2,0,2,,,0,0
2026-08-17,0,hes8354,3,3,1,1,1,,0,0
2026-08-17,0,franagpur1,2,2,2,0,,,0,0
2026-08-17,0,fraimphal1,1,1,0,1,,,0,0
2026-08-17,0,hes7347,2,2,0,1,,,0,0
2026-08-17,0,frasahakarnagar1,4,4,4,0,,,0,0
2026-08-17,0,hes7214,2,1,1,0,,,0,0
2026-08-17,0,hes6236,3,3,0,2,,,0,0
2026-08-17,0,ASHMEETK,8,7,0,6,,,0,0
2026-08-17,0,hes7488,7,7,6,1,2,,0,0
2026-08-17,0,hes8968,10,9,0,9,,,0,0
2026-08-17,0,icsats91558,4,4,0,4,,,0,0
2026-08-17,0,hes7832,1,1,0,1,,,0,0
2026-08-17,0,hes8553,8,7,1,5,,,0,0
2026-08-17,0,hes5321,10,8,4,4,2,,0,0
2026-08-17,0,hes6294,3,2,0,2,,,0,0
2026-08-17,0,fra00348,2,2,0,2,,,0,0
2026-08-17,0,HES2524,11,9,9,0,5,,0,0
2026-08-17,0,hes8560,4,4,4,0,3,,0,0
2026-08-17,0,hes7183,7,7,7,0,6,3,0,0
2026-08-17,0,hes8265,6,5,5,0,3,,0,0
2026-08-17,0,hes7716,5,5,1,3,1,,0,0
2026-08-17,0,ICSATS82193,18,18,18,0,1,,0,0
2026-08-17,0,HES4961,59,57,24,21,14,1,0,0
2026-08-17,0,hes6890,4,4,4,0,,,0,0
2026-08-17,0,hes8090,1,1,0,1,,,0,0
2026-08-17,0,hes7516,3,3,0,2,,,0,0
2026-08-17,0,HES7059,5,5,0,5,,,0,0
2026-08-17,0,hes5098,4,4,2,1,1,,0,0
2026-08-17,0,hes8798,4,4,4,0,4,2,1,1
2026-08-17,0,hes7744,2,2,2,0,2,,0,0
2026-08-17,0,FRA00258,41,32,12,17,6,,0,0
2026-08-17,1,hes8375,4,2,0,2,,,0,0
2026-08-17,0,fra00275,2,2,2,0,,,0,0
2026-08-17,0,HES2231,3,2,0,2,,,0,0
2026-08-17,0,frahydparadise1,8,8,2,6,,,0,0
2026-08-17,0,hes8445,2,2,2,0,1,,0,0
2026-08-17,0,HES7056,1,1,1,0,,,0,0
2026-08-17,0,HES7648,4,3,3,0,4,3,0,0
2026-08-17,0,hes9422,18,16,5,10,6,,0,0
2026-08-17,0,hes6158,7,6,2,3,1,,0,0
2026-08-17,0,hes5654,12,12,1,9,8,2,1,1
2026-08-17,0,hes6783,4,4,0,4,,,0,0
2026-08-17,1,hes7546,2,2,2,0,1,,0,0
2026-08-17,1,hes6014,6,5,4,0,3,,0,0
2026-08-17,0,rmdn8196,9,9,9,0,8,,0,0
2026-08-17,0,hes8271,18,17,17,0,18,3,1,1
2026-08-17,0,hes6014,8,8,6,1,6,1,1,1
2026-08-17,1,HES0803,5,4,1,3,1,,0,0
2026-08-17,0,HES4023,1,1,0,1,,,0,0
2026-08-17,0,hes8819,3,3,0,1,,,0,0
2026-08-17,0,HES4962,2,1,0,1,,,0,0
2026-08-17,0,hes9388,5,5,5,0,3,,0,0
2026-08-17,0,hes7924,14,12,1,10,2,1,1,1
2026-08-17,0,frajamshedpur2,2,1,1,0,,,0,0
2026-08-17,0,HES5033,2,1,0,1,,,0,0
2026-08-17,0,HES7719,2,2,0,2,,,0,0
2026-08-17,0,hes5755,6,4,1,2,,,0,0
2026-08-17,0,hes7195,11,6,0,6,,,0,0
2026-08-17,0,HES5254,1,1,1,0,1,,0,0
2026-08-17,0,hes5531,1,1,1,0,1,1,1,1
2026-08-17,0,icsats106790,7,6,6,0,7,,0,0
2026-08-17,0,hes7971,3,3,3,0,1,,0,0
2026-08-17,0,HES7051,7,7,1,4,1,,0,0
2026-08-17,0,hes6497,5,4,0,4,3,,0,0
2026-08-17,0,hes7193,6,5,0,4,,,0,0
2026-08-17,0,HES4166,1,1,1,0,1,,0,0
2026-08-17,0,hes5093,2,2,0,2,,,0,0
2026-08-17,0,hes6918,2,1,0,1,,,0,0
2026-08-17,0,hes8238,6,6,6,0,3,,0,0
2026-08-17,0,fraandheri2,14,12,10,2,1,,1,1
2026-08-17,0,hes7312,2,2,2,0,1,,0,0
2026-08-17,0,hes8026,2,2,2,0,2,,0,0
2026-08-17,0,fradadar1,2,2,2,0,2,,0,0
2026-08-17,0,HES4294,3,3,2,0,,,0,0
2026-08-17,0,HES6146,7,6,6,0,7,,0,0
2026-08-17,0,hes6471,5,4,3,1,3,1,0,0
2026-08-17,0,frabareilly01,1,1,0,1,,,0,0
2026-08-17,0,hes8156,1,1,0,1,,,0,0
2026-08-17,0,HES3861,4,3,3,0,4,,0,0
2026-08-17,0,hes5644,1,1,1,0,1,,0,0
2026-08-17,0,hes6376,5,5,2,3,,,0,0
2026-08-17,0,hes9328,3,3,3,0,3,1,0,0
2026-08-17,0,HES2437,3,2,2,0,3,,0,0
2026-08-17,0,hes7627,1,1,0,1,,,0,0
2026-08-17,0,hes7119,5,5,5,0,4,,0,0
2026-08-17,1,hes6181,3,3,0,3,,,0,0
2026-08-17,1,HES2371,1,1,1,0,,,0,0
2026-08-17,0,hes5925,2,2,2,0,1,,0,0
2026-08-17,0,HES6624,1,1,0,1,,,0,0
2026-08-17,0,icsats96098,6,5,4,0,5,2,1,1
2026-08-17,0,rmdn3662,15,13,4,7,6,,0,0
2026-08-17,0,HES2371,1,1,1,0,1,,0,0
2026-08-17,0,hes8579,3,2,0,2,,,0,0
2026-08-17,0,rmdn6117,5,5,1,4,1,,0,0
2026-08-17,0,hes8284,6,6,0,6,,,0,0
2026-08-17,0,HES4692,9,8,2,5,,,0,0
2026-08-17,0,HES4767,13,12,0,10,1,,0,0
2026-08-17,0,icsats99433,2,2,1,0,1,,0,0
2026-08-17,0,hes7731,3,3,3,0,,,0,0
2026-08-17,0,FRA00085,1,1,1,0,,,0,0
2026-08-17,0,HES7830,31,29,2,14,1,,1,1
2026-08-17,0,HES5173,4,4,4,0,2,,0,0
2026-08-17,0,hes9123,9,7,1,6,1,,0,0
2026-08-17,0,hes6179,17,11,8,2,11,7,0,0
2026-08-17,0,hes7961,10,9,2,5,4,,0,0
2026-08-17,0,rmdn6546,24,22,2,15,1,,1,1
2026-08-17,0,rmdn8201,7,6,6,0,6,,0,0
2026-08-17,0,HES3323,5,4,0,4,,,0,0
2026-08-17,0,HES6956,1,1,0,1,,,0,0
2026-08-17,0,fra00133,3,3,0,1,,,0,0
2026-08-17,0,hes6034,2,2,2,0,1,,0,0
2026-08-17,0,hes9318,8,8,4,3,,,0,0
2026-08-17,0,RMDN8370,1,1,1,0,1,,0,0
2026-08-17,0,hes5112,4,4,0,4,,,0,0
2026-08-17,0,HES4828,7,7,1,3,1,1,1,1
2026-08-17,0,hes5614,1,1,1,0,1,1,0,0
2026-08-17,0,HES7505,2,2,1,1,1,,0,0
2026-08-17,0,hes5113,4,3,0,3,,,0,0
2026-08-17,0,fraravet1,2,2,2,0,,,0,0
2026-08-17,0,frapunjabibagh1,3,3,0,3,1,,0,0
2026-08-17,0,hes7671,15,14,5,5,2,1,0,0
2026-08-17,0,hes8836,4,3,1,1,,,0,0
2026-08-17,0,hes5805,2,1,1,0,2,,0,0
2026-08-17,1,hes9322,2,2,2,0,,,0,0
2026-08-17,0,hes5943,2,2,2,0,2,,0,0
2026-08-17,0,hes8407,4,3,3,0,3,1,1,1
2026-08-17,0,hes6910,6,4,1,2,,,0,0
2026-08-17,0,HES4381,3,3,1,2,,,0,0
2026-08-17,0,hes8601,1,1,1,0,1,,0,0
2026-08-17,0,HES4061,5,5,0,4,,,0,0
2026-08-17,0,hes8333,10,9,9,0,6,3,0,0
2026-08-17,0,RMDN8311,1,1,1,0,1,,0,0
2026-08-17,0,HES3398,2,2,2,0,,,0,0
2026-08-17,0,hes7126,2,2,0,1,,,0,0
2026-08-17,0,hes7274,20,16,0,15,,,1,1
2026-08-17,0,HES3731,5,4,3,0,4,2,0,0
2026-08-17,0,rmdn8195,4,3,0,2,2,,0,0
2026-08-17,0,frabelapur1,2,2,1,1,,,0,0
2026-08-17,0,hes7510,4,3,0,3,,,0,0
2026-08-17,0,hes7601,9,7,0,6,,,0,0
2026-08-17,0,hes7618,8,8,5,2,5,,0,0
2026-08-17,0,HES5848,32,27,13,7,18,9,2,1
2026-08-17,0,CHANDIGARHFRA1,3,2,0,1,,,0,0
2026-08-17,0,hes7461,15,14,0,13,,,0,0
2026-08-17,0,hes9111,3,3,0,1,,,0,0
2026-08-17,0,HES3661,2,2,0,2,,,0,0
2026-08-17,0,hes9053,5,5,0,5,,,0,0
2026-08-17,0,HES3693,4,3,1,2,1,1,0,0
2026-08-17,0,hes8042,1,1,1,0,1,,0,0
2026-08-17,0,hes6557,5,5,1,3,3,,0,0
2026-08-17,0,hes5132,10,10,3,2,4,1,1,1
2026-08-17,0,FRA00083,6,6,6,0,,,0,0
2026-08-17,0,icsats99353,10,10,9,0,8,2,0,0
2026-08-17,0,rmdn7040,1,1,1,0,1,,0,0
2026-08-17,0,hes5666,7,5,3,2,3,,0,0
2026-08-17,0,hes7431,6,5,0,4,,,0,0
2026-08-17,0,hes8375,4,3,0,3,,,0,0
2026-08-17,0,HES4956,18,14,4,8,3,,0,0
2026-08-17,1,hes9099,10,10,0,9,,,0,0
2026-08-17,0,hes7506,17,15,12,0,11,3,3,1
2026-08-17,0,hes8973,5,4,0,4,,,0,0
2026-08-17,0,hes5564,8,7,5,1,5,4,1,1
2026-08-17,0,hes7233,6,6,6,0,4,,0,0
2026-08-17,1,HES7648,2,1,1,0,2,,0,0
2026-08-17,0,hes5499,2,2,0,2,,,0,0
2026-08-17,0,HES4728,2,2,0,1,,,0,0
2026-08-17,0,hes8876,4,2,0,2,,,0,0
2026-08-17,0,hes8444,12,10,0,9,,,0,0
2026-08-17,0,HES2789,12,11,2,0,3,,0,0
2026-08-17,0,HES4287,2,2,1,1,1,,0,0
2026-08-17,0,HES4585,1,1,1,0,1,,0,0
2026-08-17,0,hes9322,3,3,2,0,2,,0,0
2026-08-17,0,HES3191,2,1,1,0,,,0,0
2026-08-17,0,noida004,6,6,6,0,3,,0,0
2026-08-17,0,franoida009,7,7,6,0,1,,0,0
2026-08-17,0,HES5554,4,3,0,3,2,,0,0
2026-08-17,0,hes9140,3,3,2,0,2,2,0,0
2026-08-17,0,hes6852,1,1,1,0,1,1,0,0
2026-08-17,1,hes8841,2,2,0,1,,,0,0
2026-08-17,0,fra00325,29,26,14,11,4,,0,0
2026-08-17,0,hes9010,2,1,0,1,,,0,0
2026-08-17,0,saratboseroad002,1,1,0,1,,,0,0
2026-08-17,0,ICSATS99349,42,41,39,0,38,4,1,1
2026-08-17,0,icsats81376,23,23,23,0,19,2,0,0
2026-08-17,0,hes9220,1,1,1,0,1,,0,0
2026-08-17,0,HES5096,7,6,3,2,,,0,0
2026-08-17,1,hes6472,4,4,1,3,,,0,0
2026-08-17,0,hes7563,3,2,0,2,,,0,0
2026-08-17,0,HES0325,11,8,0,7,,,0,0
2026-08-17,0,hes8223,2,1,0,1,,,0,0
2026-08-17,0,HES6677,5,5,0,4,,,0,0
2026-08-17,0,hes7685,1,1,1,0,1,1,0,0
2026-08-17,0,frajalandhar04,1,1,1,0,1,,0,0
2026-08-17,1,hes6627,6,4,4,0,5,1,0,0
2026-08-17,0,hes7638,12,11,5,5,6,3,0,0
2026-08-17,0,hes6913,9,8,4,3,5,,0,0
2026-08-17,0,hes9021,2,2,2,0,1,,0,0
2026-08-17,0,hes5563,5,4,1,3,,,0,0
2026-08-17,0,hes5327,12,10,3,7,3,,1,1
2026-08-17,0,frasouthex2,4,4,1,2,1,,0,0
2026-08-17,0,HES7815,2,2,0,1,,,0,0
2026-08-17,0,hes9099,14,13,4,9,1,1,1,1
2026-08-17,0,HES6348,1,1,1,0,1,,0,0
2026-08-17,0,hes8554,3,3,0,3,,,0,0
2026-08-17,0,hes8800,3,3,1,1,2,2,2,0
2026-08-17,1,hes8641,4,4,4,0,2,,0,0
2026-08-17,0,hes7489,3,3,0,2,,,0,0
2026-08-17,0,FRA00195,9,7,0,5,,,0,0
2026-08-17,1,HES6556,2,1,0,1,,,0,0
2026-08-17,0,hes6049,3,3,3,0,3,,0,0
2026-08-17,0,HES7367,15,15,13,2,11,2,0,0
2026-08-17,0,FRA00313,21,18,0,17,2,,0,0
2026-08-17,0,hes6191,4,3,1,2,1,,0,0
2026-08-17,0,hes8841,5,4,2,2,,,0,0
2026-08-17,1,hes7029,3,2,2,0,3,,0,0
2026-08-17,0,HES5262,3,3,3,0,2,,0,0
2026-08-17,0,HES5156,2,2,2,0,2,,0,0
2026-08-17,0,hes9204,4,4,1,2,1,,0,0
2026-08-17,0,HES3959,1,1,1,0,,,0,0
2026-08-17,0,hes6994,4,4,2,2,2,,0,0
2026-08-17,0,HES7595,7,7,5,0,4,,0,0
2026-08-17,0,hes6658,7,6,3,3,,,0,0
2026-08-17,0,hes7547,1,1,0,1,,,0,0
2026-08-17,0,hes6927,5,4,1,3,1,1,1,1
2026-08-17,0,hes7929,7,6,0,4,,,0,0
2026-08-17,0,HES0675,2,2,1,0,1,,0,0
2026-08-17,0,hes9206,4,3,0,3,,,0,0
2026-08-17,0,HES0585,1,1,0,1,,,0,0
2026-08-17,0,HES3977,8,8,4,2,2,,0,0
2026-08-17,0,HES4877,1,1,1,0,1,,0,0
2026-08-17,0,HES6224,4,4,0,3,,,0,0
2026-08-17,0,HES7368,3,2,2,0,3,,0,0
2026-08-17,0,rmdn3529,3,3,2,1,2,1,0,0
2026-08-17,0,HES1751,3,2,1,0,2,,0,0
2026-08-17,0,hes9186,2,2,2,0,2,,0,0
2026-08-17,0,hes8803,2,1,0,1,,,0,0
2026-08-17,0,HES5876,5,5,2,3,1,,0,0
2026-08-17,0,HES4709,4,4,4,0,3,1,1,1
2026-08-17,0,hes8349,5,4,1,3,3,1,0,0
2026-08-17,0,hes7212,7,6,0,5,,,0,0
2026-08-17,0,hes6429,1,1,1,0,1,,0,0
2026-08-17,0,HES7121,2,1,1,0,2,,0,0
2026-08-17,1,HES4707,2,2,0,0,,,0,0
2026-08-17,0,hes8415,7,6,3,3,1,,0,0
2026-08-17,0,hes8448,4,4,4,0,2,,0,0
2026-08-17,1,hes7938,2,2,2,0,2,,0,0
2026-08-17,0,HES1951,4,3,0,3,1,,0,0
2026-08-17,0,fraasraonagar3,3,3,0,3,,,1,1
2026-08-17,1,HES4418,1,1,0,0,,,0,0
2026-08-17,0,hes8069,2,2,1,1,1,,0,0
2026-08-17,0,fra00338,6,5,0,5,,,0,0
2026-08-17,0,frafaridabad001,8,6,5,1,7,,0,0
2026-08-17,0,indrnt005,2,2,0,2,,,0,0
2026-08-17,0,flm0123,2,2,0,2,1,,0,0
2026-08-17,0,hes7116,6,5,0,4,,,0,0
2026-08-17,0,HES7052,3,2,0,2,,,0,0
2026-08-17,0,hes7725,5,5,1,4,1,,0,0
2026-08-17,1,hes7961,1,1,0,0,,,0,0
2026-08-17,0,HES5068,1,1,1,0,1,,0,0
2026-08-17,0,flm0111,1,1,0,1,,,0,0
2026-08-17,0,hes9015,4,3,0,2,,,0,0
2026-08-17,0,hes8686,10,8,0,6,1,,0,0
2026-08-17,0,HES2339,3,3,3,0,2,1,0,0
2026-08-17,0,hes5323,7,5,4,1,2,,0,0
2026-08-17,0,fraludhiana1,13,12,3,6,1,,0,0
2026-08-17,0,fra00319,1,1,0,1,,,0,0
2026-08-17,0,flm0007,3,2,0,2,3,,0,0
2026-08-17,0,RMDN1734,9,9,8,0,8,1,1,0
2026-08-17,0,frasbopal04,4,3,2,0,3,,0,0
2026-08-17,0,hes9120,1,1,0,1,1,,0,0
2026-08-17,0,hes7428,3,3,3,0,2,,0,0
2026-08-17,0,HES7611,9,7,4,3,4,,0,0
2026-08-17,0,hes8131,4,4,1,3,2,,0,0
2026-08-17,0,hes8044,1,1,1,0,1,,0,0
2026-08-17,0,hes7229,7,7,3,3,1,,0,0
2026-08-17,0,hes6681,21,18,6,11,3,,1,1
2026-08-17,0,icsats106797,10,10,9,0,6,2,0,0
2026-08-17,0,HES6845,1,1,0,0,,,0,0
2026-08-17,0,hes7689,7,6,6,0,6,1,0,0
2026-08-17,0,hes5995,6,6,0,4,,,0,0
2026-08-17,1,ins1218,1,1,0,1,,,0,0
2026-08-17,0,hes7620,8,8,7,0,5,3,1,0
2026-08-17,1,hes7469,1,1,0,1,,,0,0
2026-08-17,0,frajam01,1,1,0,1,,,0,0
2026-08-17,0,hes8651,7,6,2,3,,,1,1
2026-08-17,0,fragorakhpur04,4,4,0,4,,,0,0
2026-08-17,0,hes5638,9,9,9,0,8,4,0,0
2026-08-17,0,hes9059,18,18,9,8,4,,0,0
2026-08-17,1,hes9294,2,2,1,1,,,0,0
2026-08-17,0,hes9401,4,4,2,1,1,,0,0
2026-08-17,0,HES5804,12,10,1,7,2,,0,0
2026-08-17,0,HES4952,4,4,4,0,2,,0,0
2026-08-17,0,hes5736,2,2,1,1,1,,0,0
2026-08-17,0,FRA00026,7,6,6,0,3,,0,0
2026-08-17,0,rmdn8418,5,4,4,0,4,,0,0
2026-08-17,0,hes5964,3,3,3,0,3,,0,0
2026-08-17,0,HES3381,11,10,10,0,8,4,1,1
2026-08-17,0,fraudaipur01,12,8,4,3,,,0,0
2026-08-17,0,HES7727,1,1,1,0,1,,0,0
2026-08-17,0,hes8982,1,1,0,1,,,0,0
2026-08-17,0,flm0065,2,2,0,2,2,,0,0
2026-08-17,0,hes6690,9,9,4,4,1,,0,0
2026-08-17,0,HES4163,1,1,1,0,1,,0,0
2026-08-17,0,hes7482,3,3,0,3,,,0,0
2026-08-17,0,hes6938,2,2,0,2,,,0,0
2026-08-17,0,hes6235,4,4,1,3,1,,0,0
2026-08-17,0,hes9230,6,4,3,0,1,,0,0
2026-08-17,0,hes7427,6,6,0,4,,,0,0
2026-08-17,0,hes7983,1,1,1,0,1,,0,0
2026-08-17,0,hes7724,8,6,0,6,4,1,0,0
2026-08-17,0,fraandheri6,7,6,6,0,2,,0,0
2026-08-17,0,hes6460,1,1,0,1,,,0,0
2026-08-17,0,HES4453,10,9,4,4,4,,0,0
2026-08-17,0,hes8340,1,1,1,0,1,1,0,0
2026-08-17,0,hes6373,12,11,5,6,3,1,0,0
2026-08-17,0,hes7518,2,1,1,0,2,,0,0
2026-08-17,0,hes8647,3,2,0,1,,,0,0
2026-08-17,0,HES6548,2,2,1,1,1,,0,0
2026-08-17,0,hes7260,15,14,5,7,7,,1,0
2026-08-17,0,hes6999,7,7,2,5,1,,0,0
2026-08-17,0,hes7493,1,1,1,0,1,,0,0
2026-08-17,0,hes7869,2,2,2,0,2,,0,0
2026-08-17,0,HES6669,8,7,6,1,6,,0,0
2026-08-17,0,hes6308,5,5,0,3,,,0,0
2026-08-17,0,hes9403,17,13,1,11,6,1,1,0
2026-08-17,0,FRA00190,8,6,0,6,,,0,0
2026-08-17,0,HES7343,15,12,0,10,1,,0,0
2026-08-17,0,hes7872,4,4,0,3,,,0,0
2026-08-17,0,hes5745,3,2,0,2,,,0,0
2026-08-17,0,FRA00320,11,8,1,6,1,,0,0
2026-08-17,0,hes6527,2,2,2,0,2,,0,0
2026-08-17,0,HES4548,33,29,15,12,5,,0,0
2026-08-17,0,HES4501,3,3,3,0,3,,0,0
2026-08-17,0,hes7451,3,3,3,0,3,,0,0
2026-08-17,0,hes6534,20,19,5,10,6,2,1,1
2026-08-17,0,hes9382,4,4,4,0,2,1,0,0
2026-08-17,1,hes6904,3,2,1,1,1,,0,0
2026-08-17,0,hes8492,2,2,0,1,,,0,0
2026-08-17,0,frabalewadi001,10,9,0,4,,,0,0
2026-08-17,0,hes6305,6,5,2,2,,,0,0
2026-08-17,0,hes8976,5,5,0,5,,,0,0
2026-08-17,0,HES3842,6,5,2,2,3,2,0,0
2026-08-17,0,hes5557,12,9,2,7,1,,0,0
2026-08-17,0,icsats95268,1,1,1,0,1,1,1,1
2026-08-17,0,hes5505,3,3,3,0,2,1,0,0
2026-08-17,0,hes7787,11,11,1,8,3,2,2,0
2026-08-17,0,hes8573,4,4,2,2,,,0,0
2026-08-17,0,hes8563,4,3,2,1,,,0,0
2026-08-17,0,icsats106796,6,6,5,0,5,1,0,0
2026-08-17,0,hes7943,6,6,0,5,2,,0,0
2026-08-16,0,hes8976,16,14,0,9,,,2,2
2026-08-16,0,MINALD,5,4,4,0,2,,0,0
2026-08-16,0,hes5659,4,4,0,3,,,0,0
2026-08-16,0,icsats92879,4,4,3,0,3,1,0,0
2026-08-16,1,hes8977,15,12,6,6,4,,0,0
2026-08-16,0,hes5526,2,2,2,0,2,,0,0
2026-08-16,0,icsats91558,10,10,7,2,3,,0,0
2026-08-16,0,hes8271,12,10,8,0,9,4,1,1
2026-08-16,0,hes6938,2,2,0,1,,,0,0
2026-08-16,0,icsats106790,7,7,5,1,4,1,0,0
2026-08-16,0,hes9388,7,7,2,3,2,,0,0
2026-08-16,0,HES4453,2,2,1,1,,,0,0
2026-08-16,1,hes8778,3,3,0,3,,,0,0
2026-08-16,0,HES1196,4,4,0,3,,,0,0
2026-08-16,0,hes8302,4,4,1,3,1,,0,0
2026-08-16,1,HES7057,2,2,2,0,2,,0,0
2026-08-16,0,hes6131,1,1,1,0,1,,0,0
2026-08-16,0,HES6712,8,7,5,1,5,1,0,0
2026-08-16,0,hes6583,6,4,0,4,3,3,0,0
2026-08-16,0,rmdn8201,4,4,4,0,4,,0,0
2026-08-16,0,hes6893,8,8,0,3,,,0,0
2026-08-16,0,HES7830,20,18,1,9,1,,0,0
2026-08-16,0,hes7779,2,2,2,0,2,,0,0
2026-08-16,0,icsats96098,7,7,7,0,6,2,2,1
2026-08-16,1,hes8460,2,2,1,0,,,0,0
2026-08-16,0,hes8711,12,11,8,3,7,5,1,1
2026-08-16,0,HES7202,2,2,1,0,,,0,0
2026-08-16,0,hes8712,13,13,8,3,1,,0,0
2026-08-16,0,hes6376,7,6,2,2,,,0,0
2026-08-16,0,fra00300,4,4,0,3,,,0,0
2026-08-16,0,hes6821,1,1,0,1,,,0,0
2026-08-16,0,FRA00052,10,9,2,3,3,,1,1
2026-08-16,0,HES4181,25,24,5,10,2,,0,0
2026-08-16,0,fra00346,3,2,0,1,,,0,0
2026-08-16,0,HES4425,2,2,1,0,1,,0,0
2026-08-16,0,hes7992,2,2,1,1,,,0,0
2026-08-16,0,hes8484,2,2,0,2,,,0,0
2026-08-16,0,hes8900,12,11,2,4,2,1,1,1
2026-08-16,0,hes5925,1,1,1,0,1,1,1,1
2026-08-16,0,hes5453,5,5,1,2,,,0,0
2026-08-16,0,hes6398,8,6,3,0,3,1,0,0
2026-08-16,1,HES6144,1,1,0,1,,,0,0
2026-08-16,0,RMDN8311,4,4,3,0,3,1,0,0
2026-08-16,0,hes8121,7,7,0,5,5,,0,0
2026-08-16,0,hes5840,3,2,0,1,,,0,0
2026-08-16,1,hes6007,4,4,2,2,,,0,0
2026-08-16,0,hes5932,11,11,11,0,11,5,0,0
2026-08-16,0,hes7980,6,4,1,2,,,1,0
2026-08-16,0,hes7510,1,1,0,1,,,0,0
2026-08-16,0,hes6918,6,5,2,3,1,,0,0
2026-08-16,0,HES7473,2,2,2,0,2,,0,0
2026-08-16,0,hes7729,33,30,9,11,15,2,1,1
2026-08-16,0,hes5484,4,4,4,0,4,1,0,0
2026-08-16,0,HES4501,5,5,2,0,1,,0,0
2026-08-16,1,ins1218,3,2,0,2,,,0,0
2026-08-16,0,hes5062,2,2,2,0,1,,0,0
2026-08-16,0,HES7505,6,5,3,2,1,,0,0
2026-08-16,0,hes8450,1,1,1,0,1,,0,0
2026-08-16,0,HES3459,6,6,5,0,5,,0,0
2026-08-16,0,hes7448,8,7,0,4,1,,0,0
2026-08-16,0,HES3185,1,1,1,0,,,0,0
2026-08-16,0,hes6885,15,9,3,4,9,8,0,0
2026-08-16,0,hes6527,1,1,0,1,,,0,0
2026-08-16,0,hes6757,15,14,2,5,3,,0,0
2026-08-16,0,hes8238,9,8,8,0,5,1,0,0
2026-08-16,0,rmdn5642,1,1,1,0,1,,0,0
2026-08-16,0,hes7618,2,2,2,0,2,,0,0
2026-08-16,0,hes6557,2,2,0,1,,,1,1
2026-08-16,0,hes8351,5,5,5,0,5,1,1,1
2026-08-16,0,hes7214,3,3,2,0,2,,0,0
2026-08-16,0,hes9267,3,2,1,1,,,0,0
2026-08-16,0,hes6052,2,2,2,0,1,1,0,0
2026-08-16,0,hes7731,1,1,1,0,,,0,0
2026-08-16,0,fra00373,10,9,2,6,3,,0,0
2026-08-16,0,HES2358,19,16,9,6,1,,0,0
2026-08-16,0,icsats96092,17,17,17,0,16,1,0,0
2026-08-16,0,HES4023,3,2,0,2,,,0,0
2026-08-16,0,hes9422,18,15,8,4,8,4,4,3
2026-08-16,0,hes8553,1,1,0,1,,,0,0
2026-08-16,1,hes5718,1,1,1,0,1,,0,0
2026-08-16,0,HES4079,17,15,0,10,2,,1,1
2026-08-16,0,hes8354,1,1,1,0,1,,0,0
2026-08-16,0,hes7350,18,14,0,9,2,,0,0
2026-08-16,0,FRA00190,14,13,0,10,,,0,0
2026-08-16,0,hes7689,2,2,2,0,1,,0,0
2026-08-16,0,hes6675,6,6,0,2,,,0,0
2026-08-16,0,frasouthex2,3,3,0,2,,,0,0
2026-08-16,0,hes6083,11,11,5,5,2,,0,0
2026-08-16,0,hes6916,3,3,3,0,3,,0,0
2026-08-16,0,FRA00258,9,7,7,0,5,,0,0
2026-08-16,0,hes5927,1,1,0,1,,,0,0
2026-08-16,0,HES5848,6,4,0,3,,,0,0
2026-08-16,0,HES2686,4,3,2,1,,,0,0
2026-08-16,1,HES8480,1,1,0,1,,,0,0
2026-08-16,0,ICSATS103168,16,16,15,0,13,4,0,0
2026-08-16,0,hes6378,17,14,10,0,11,1,0,0
2026-08-16,0,hes6723,1,1,0,0,,,0,0
2026-08-16,0,HES2717,1,1,0,1,,,0,0
2026-08-16,0,hes6983,1,1,0,1,,,0,0
2026-08-16,0,rmdn8369,7,7,3,2,5,1,0,0
2026-08-16,0,hes7119,3,3,3,0,1,,0,0
2026-08-16,0,hes6294,11,11,0,6,,,0,0
2026-08-16,0,rmdn8205,1,1,1,0,1,,0,0
2026-08-16,0,hes8175,8,6,0,3,2,,1,1
2026-08-16,0,hes8321,4,3,3,0,4,,0,0
2026-08-16,0,HES5274,2,2,1,1,,,1,1
2026-08-16,0,hes7546,2,2,1,1,1,,0,0
2026-08-16,0,HES1970,5,5,1,2,,,0,0
2026-08-16,0,hes5666,3,3,1,1,,,0,0
2026-08-16,0,hes8333,18,16,16,0,10,3,0,0
2026-08-16,0,fraudaipur02,2,2,1,1,1,,0,0
2026-08-16,0,rmdn8204,15,15,11,0,10,1,1,1
2026-08-16,0,HES4010,9,9,8,0,8,6,1,0
2026-08-16,0,hes9165,3,3,3,0,3,3,1,1
2026-08-16,0,hes6305,2,2,1,1,,,0,0
2026-08-16,0,rmdn7065,22,16,1,9,4,,0,0
2026-08-16,0,HES0993,9,8,2,3,3,2,1,1
2026-08-16,0,icsats106268,32,31,31,0,23,4,2,2
2026-08-16,1,HES1340,2,2,2,0,,,0,0
2026-08-16,0,hes7725,13,13,2,7,,,0,0
2026-08-16,0,HES5970,1,1,1,0,1,1,0,0
2026-08-16,0,hes8452,16,16,5,6,2,,0,0
2026-08-16,0,hes8645,4,3,0,2,,,1,1
2026-08-16,0,hes9034,16,14,7,4,8,1,0,0
2026-08-16,0,hes7677,3,3,1,1,2,,0,0
2026-08-16,0,hes7661,2,1,0,1,,,0,0
2026-08-16,0,HES2608,4,4,0,3,2,,0,0
2026-08-16,0,hes9220,1,1,1,0,,,0,0
2026-08-16,0,fra00325,4,4,3,1,1,,0,0
2026-08-16,0,hes6904,8,6,2,2,,,0,0
2026-08-16,0,hes9249,12,11,4,4,1,1,0,0
2026-08-16,0,fra00281,5,5,5,0,2,,1,1
2026-08-16,0,HES6538,12,11,0,8,9,,0,0
2026-08-16,0,HES7512,5,4,1,2,2,,0,0
2026-08-16,0,icsats77190,5,4,4,0,5,4,0,0
2026-08-16,0,hes7271,19,16,0,12,2,,0,0
2026-08-16,0,hes9099,14,14,2,6,1,,0,0
2026-08-16,0,fraandheri2,2,2,0,2,,,0,0
2026-08-16,0,hes6653,4,4,0,3,1,,0,0
2026-08-16,0,hes8969,1,1,1,0,,,0,0
2026-08-16,0,hes7869,6,6,1,2,2,,0,0
2026-08-16,0,hes7125,3,3,0,2,,,0,0
2026-08-16,0,hes7305,21,19,4,6,6,,0,0
2026-08-16,0,hes9155,2,2,2,0,2,,0,0
2026-08-16,0,hes8411,5,5,5,0,5,1,0,0
2026-08-16,0,hes5132,4,4,4,0,4,,0,0
2026-08-16,0,fraccuesplanade4,6,6,0,4,,,0,0
2026-08-16,0,HES5426,2,2,1,0,1,,0,0
2026-08-16,0,hes6761,10,9,3,3,5,4,3,1
2026-08-16,0,HES5388,7,6,2,2,2,1,0,0
2026-08-16,0,hes8663,5,4,2,1,1,,0,0
2026-08-16,0,HES6112,2,1,0,1,,,0,0
2026-08-16,0,hes8718,24,21,2,12,9,3,0,0
2026-08-16,0,icsats92875,19,17,14,0,11,,0,0
2026-08-16,0,hes9052,1,1,1,0,1,,0,0
2026-08-16,0,HES8480,3,3,3,0,3,,0,0
2026-08-16,0,hes6690,5,5,1,2,1,1,1,1
2026-08-16,0,hes7761,11,10,6,3,6,1,0,0
2026-08-16,0,hes8564,3,3,3,0,3,1,0,0
2026-08-16,0,hes5643,13,13,12,0,11,1,0,0
2026-08-16,0,HES4767,12,11,0,4,5,,0,0
2026-08-16,0,rmdn8240,29,26,10,7,11,4,2,2
2026-08-16,0,hes8340,14,13,13,0,14,5,2,2
2026-08-16,0,ICSATS99349,6,6,5,0,4,2,0,0
2026-08-16,0,hes7930,3,3,0,1,,,0,0
2026-08-16,0,hes6568,1,1,0,1,,,0,0
2026-08-16,0,HES5161,2,2,0,1,,,0,0
2026-08-16,0,HES6146,10,9,7,0,8,,0,0
2026-08-16,0,HES5068,5,5,4,0,4,,0,0
2026-08-16,0,HES6819,8,8,8,0,7,,0,0
2026-08-16,0,hes5904,14,14,14,0,13,1,1,1
2026-08-16,0,hes7570,8,7,0,3,,,0,0
2026-08-16,1,hes8236,4,4,0,2,,,0,0
2026-08-16,0,hes9007,5,3,1,2,4,2,1,0
2026-08-16,0,hes7721,41,38,21,12,20,8,6,4
2026-08-16,0,hes6518,9,9,5,0,5,2,1,1
2026-08-16,0,HES3861,10,9,5,1,6,,0,0
2026-08-16,0,hes9401,29,24,16,4,19,2,1,1
2026-08-16,0,HES4817,3,3,0,2,1,,1,1
2026-08-16,0,fraadajan2,8,7,1,2,,,0,0
2026-08-16,0,hes6994,19,17,6,6,11,2,0,0
2026-08-16,0,HES7070,11,10,1,4,4,,0,0
2026-08-16,0,icsats95268,5,4,4,0,4,1,0,0
2026-08-16,0,HES5121,2,2,0,1,,,0,0
2026-08-16,0,hes5704,4,4,1,2,1,,0,0
2026-08-16,0,HES5130,4,3,2,1,2,2,0,0
2026-08-16,0,HES4961,61,58,24,21,24,2,1,1
2026-08-16,0,HES6091,5,5,1,2,2,,0,0
2026-08-16,0,hes9227,9,9,5,4,2,,0,0
2026-08-16,1,HES7052,8,8,0,5,,,0,0
2026-08-16,0,rmdn6117,8,7,3,3,4,,0,0
2026-08-16,0,HES5200,4,4,1,2,2,,0,0
2026-08-16,0,hes8092,1,1,0,1,,,0,0
2026-08-16,0,hes9001,1,1,0,1,,,0,0
2026-08-16,0,HES5423,2,2,2,0,2,,0,0
2026-08-16,0,icsats100316,7,7,7,0,7,2,0,0
2026-08-16,0,rmdn8273,11,10,9,0,9,,0,0
2026-08-16,0,hes5098,4,4,1,1,,,0,0
2026-08-16,0,HES2093,3,2,0,1,,,0,0
2026-08-16,0,hes8562,9,9,8,0,7,4,3,1
2026-08-16,0,icsats99353,28,27,27,0,23,3,0,0
2026-08-16,0,hes9111,7,7,0,5,2,,1,1
2026-08-16,0,hes7143,6,5,1,4,3,,0,0
2026-08-16,0,HES0325,1,1,0,1,,,0,0
2026-08-16,0,hes5503,6,6,1,5,1,1,0,0
2026-08-16,0,hes7598,3,3,0,2,1,,1,1
2026-08-16,0,hes5534,10,9,4,3,5,,0,0
2026-08-16,0,hes9177,9,8,0,4,,,0,0
2026-08-16,0,HES3384,9,9,9,0,9,1,0,0
2026-08-16,0,FRA00104,2,1,0,1,,,0,0
2026-08-16,0,hes7653,5,5,5,0,5,1,1,1
2026-08-16,1,HES2093,2,1,0,1,,,0,0
2026-08-16,1,HES7358,2,2,1,1,1,,0,0
2026-08-16,0,hes7753,11,10,6,1,8,1,1,1
2026-08-16,0,HES4448,5,4,0,2,,,0,0
2026-08-16,0,HES7726,19,18,1,12,4,,1,1
2026-08-16,0,hes5093,5,5,2,2,,,0,0
2026-08-16,0,hes8601,9,6,6,0,9,3,0,0
2026-08-16,0,hes6619,7,5,1,1,,,0,0
2026-08-16,0,hes6631,3,3,0,3,,,1,1
2026-08-16,0,hes6534,2,2,0,1,,,0,0
2026-08-16,0,icsats96105,4,4,4,0,3,1,0,0
2026-08-16,0,HES6677,1,1,1,0,,,0,0
2026-08-16,0,hes5814,2,2,2,0,2,,0,0
2026-08-16,0,hes7841,2,1,0,1,,,0,0
2026-08-16,0,HES5876,7,6,5,0,5,,0,0
2026-08-16,0,fra00277,8,8,2,4,2,,0,0
2026-08-16,0,HES2437,1,1,1,0,1,,0,0
2026-08-16,0,hes8800,2,2,0,1,,,1,0
2026-08-16,0,hes7614,14,11,1,5,4,,0,0
2026-08-16,0,hes5442,1,1,1,0,1,1,0,0
2026-08-16,0,hes7138,7,7,3,4,3,2,1,1
2026-08-16,0,HES7155,5,5,4,1,2,,0,0
2026-08-16,0,hes5113,4,4,4,0,4,4,1,1
2026-08-16,0,HES5881,1,1,0,1,,,0,0
2026-08-16,0,FRA00349,6,5,2,1,1,,0,0
2026-08-16,0,HES7595,1,1,1,0,1,,0,0
2026-08-16,0,hes5462,2,1,1,0,,,0,0
2026-08-16,0,HES3823,1,1,1,0,1,,0,0
2026-08-16,0,hes6373,4,3,0,2,,,0,0
2026-08-16,0,rmdn8261,7,7,7,0,6,1,0,0
2026-08-16,0,hes6887,4,4,4,0,4,1,0,0
2026-08-16,0,hes7263,4,3,1,1,1,,0,0
2026-08-16,0,hes8093,8,7,6,0,5,1,1,1
2026-08-16,0,HES4061,25,23,0,14,6,3,5,2
2026-08-16,0,FRA00026,27,24,22,0,3,1,1,1
2026-08-16,0,hes6967,2,2,2,0,2,,0,0
2026-08-16,0,icsats88698,1,1,1,0,1,1,0,0
2026-08-16,0,HES7051,24,20,6,10,4,,0,0
2026-08-16,0,HES4709,2,2,2,0,2,,0,0
2026-08-16,0,hes5613,55,48,21,20,2,,0,0
2026-08-16,0,hes7260,5,5,1,1,2,,0,0
2026-08-16,0,ICSATS101249,5,5,5,0,1,,0,0
2026-08-16,0,flm0019,2,1,0,1,,,0,0
2026-08-16,0,hes7193,3,3,0,2,,,0,0
2026-08-16,0,hes9137,11,10,0,6,2,,0,0
2026-08-16,0,hes8832,11,11,8,1,3,1,1,1
2026-08-16,0,hes8839,3,2,0,2,,,0,0
2026-08-16,0,hes8453,1,1,0,1,,,0,0
2026-08-16,0,hes8284,1,1,0,1,,,0,0
2026-08-16,1,hes7924,10,10,1,9,1,,0,0
2026-08-16,0,FRA00140,2,2,0,1,,,0,0
2026-08-16,0,HES4381,1,1,1,0,1,,0,0
2026-08-16,0,rmdn5249,34,33,28,5,21,2,0,0
2026-08-16,0,hes8686,9,8,3,5,2,1,2,1
2026-08-16,0,HES2339,2,2,0,2,,,0,0
2026-08-16,0,hes8417,3,3,2,1,1,,0,0
2026-08-16,0,hes6999,1,1,0,1,,,0,0
2026-08-16,0,rmdn8419,1,1,0,1,1,,0,0
2026-08-16,0,HES2435,1,1,1,0,,,0,0
2026-08-16,0,rmdn1559,19,18,16,0,15,2,1,1
2026-08-16,0,HES5413,4,4,2,1,1,,0,0
2026-08-16,1,hes7214,1,1,1,0,1,,0,0
2026-08-16,0,hes7760,8,8,1,2,,,0,0
2026-08-16,0,HES7052,8,7,0,5,,,0,0
2026-08-16,0,HES4166,1,1,0,1,,,0,0
2026-08-16,0,hes8527,2,1,0,1,2,2,1,1
2026-08-16,0,hes6844,2,2,1,1,,,0,0
2026-08-16,0,hes7787,13,11,0,7,7,1,1,1
2026-08-16,0,hes8131,10,10,3,3,1,,0,0
2026-08-16,0,hes5531,8,8,3,3,2,1,0,0
2026-08-16,0,hes9230,10,10,10,0,7,1,1,1
2026-08-16,0,hes7924,18,15,3,10,3,,1,1
2026-08-16,0,HES5091,1,1,1,0,1,1,1,0
2026-08-16,0,hes7511,23,22,6,8,2,,0,0
2026-08-16,0,HES5556,3,3,1,1,,,0,0
2026-08-16,0,HES2541,1,1,0,1,,,0,0
2026-08-16,0,hes7969,1,1,0,1,,,0,0
2026-08-16,0,hes6148,3,3,0,2,,,0,0
2026-08-16,0,hes6890,15,15,7,5,6,3,2,1
2026-08-16,0,hes6650,2,2,1,1,,,0,0
2026-08-16,0,hes7572,10,10,0,6,,,0,0
2026-08-16,0,hes9318,32,32,19,10,14,7,1,1
2026-08-16,0,HES3505,4,4,0,2,,,0,0
2026-08-16,0,hes5713,1,1,1,0,1,1,1,1
2026-08-16,0,hes7620,1,1,0,0,,,0,0
2026-08-16,0,hes7561,6,5,0,3,,,0,0
2026-08-16,0,HES6596,2,2,0,2,2,,0,0
2026-08-16,0,hes8265,10,8,8,0,7,,0,0
2026-08-16,0,hes9206,1,1,0,1,,,0,0
2026-08-16,0,HES7611,28,26,17,6,8,2,0,0
2026-08-16,0,fra00353,1,1,0,1,,,0,0
2026-08-16,0,hes8156,11,11,1,7,1,1,1,1
2026-08-16,0,AGRA001,6,4,4,0,,,0,0
2026-08-16,0,hes7596,1,1,0,1,,,0,0
2026-08-16,0,hes7627,12,11,0,7,1,,1,1
2026-08-16,0,hes6937,2,2,2,0,2,,0,0
2026-08-16,0,hes7488,27,23,7,10,1,,2,2
2026-08-16,0,hes6117,9,8,2,5,2,1,2,2
2026-08-16,0,hes9252,3,3,1,1,1,,0,0
2026-08-16,0,rmdn7229,4,4,4,0,4,,0,0
2026-08-16,0,icsats106795,7,7,4,1,2,2,0,0
2026-08-16,0,hes5323,5,5,3,2,2,,0,0
2026-08-16,0,HES6730,1,1,1,0,1,,0,0
2026-08-16,0,hes6528,3,3,1,1,,,0,0
2026-08-16,0,hes8027,2,2,2,0,2,,0,0
2026-08-16,0,hes8459,3,3,0,1,,,0,0
2026-08-16,0,hes8042,1,1,1,0,1,,0,0
2026-08-16,0,HES5175,5,5,0,1,,,0,0
2026-08-16,0,hes7674,4,4,4,0,,,0,0
2026-08-16,0,hes8026,4,4,4,0,4,4,1,1
2026-08-16,0,hes8930,4,4,3,0,3,,0,0
2026-08-16,0,HES3731,1,1,1,0,1,1,0,0
2026-08-16,0,hes9290,6,6,1,2,1,,0,0
2026-08-16,0,HES3381,16,16,15,0,14,1,1,1
2026-08-16,0,frasaritavihar2,5,4,0,1,,,0,0
2026-08-16,1,hes6378,2,2,0,2,,,0,0
2026-08-16,0,HES8280,2,2,0,2,,,0,0
2026-08-16,0,hes5527,5,4,3,0,4,,0,0
2026-08-16,0,HES7057,11,11,4,1,,,0,0
2026-08-16,0,hes7549,6,6,5,0,5,,0,0
2026-08-16,0,hes7191,12,10,0,8,2,,0,0
2026-08-16,0,hes6038,10,10,2,3,2,2,2,1
2026-08-16,0,HES5748,17,14,4,7,5,5,2,2
2026-08-16,0,hes5612,19,18,6,7,6,,0,0
2026-08-16,0,hes5655,4,4,0,1,,,0,0
2026-08-16,0,fraagra02,3,2,0,2,,,0,0
2026-08-16,0,hes8946,1,1,1,0,1,,1,1
2026-08-16,0,hes8534,4,4,0,2,,,0,0
2026-08-16,0,HES4956,1,1,0,1,,,0,0
2026-08-16,0,HES3843,1,1,1,0,1,1,0,0
2026-08-16,0,HES1897,2,2,1,0,1,1,0,0
2026-08-16,0,HES4856,1,1,1,0,1,,0,0
2026-08-16,0,hes5557,2,2,2,0,2,,0,0
2026-08-16,0,rmdn8564,17,17,3,6,4,1,1,1
2026-08-16,0,hes8679,7,7,2,3,1,,0,0
2026-08-16,0,hes8579,3,3,0,1,,,0,0
2026-08-16,0,HES5196,15,14,5,3,,,0,0
2026-08-16,0,HES4118,1,1,1,0,1,1,1,1
2026-08-16,0,hes7233,7,5,5,0,2,,0,0
2026-08-16,0,icsats81376,20,20,19,0,11,2,1,1
2026-08-16,0,hes7461,10,10,1,5,1,,0,0
2026-08-16,0,hes5718,2,2,2,0,,,0,0
2026-08-16,0,hes5745,2,2,0,1,,,0,0
2026-08-16,0,hes7273,21,20,13,7,13,3,0,0
2026-08-16,0,hes7306,12,9,0,5,,,0,0
2026-08-16,0,hes7948,4,4,0,4,1,,0,0
2026-08-16,0,hes5805,1,1,1,0,1,1,0,0
2026-08-16,0,hes6591,2,2,0,1,,,0,0
2026-08-16,1,hes9227,5,4,1,3,2,,0,0
2026-08-16,0,HES3269,4,2,2,0,4,,0,0
2026-08-16,0,hes7530,2,1,1,0,2,,0,0
2026-08-16,0,hes8713,1,1,1,0,1,1,0,0
2026-08-16,0,hes9240,16,13,11,2,11,5,0,0
2026-08-16,0,hes7877,9,8,5,0,6,,0,0
2026-08-16,0,hes8443,20,16,13,0,16,,1,0
2026-08-16,0,hes9090,1,1,0,1,,,0,0
2026-08-16,0,HES6556,1,1,0,1,,,0,0
2026-08-16,0,hes6119,2,2,0,2,2,,0,0
2026-08-16,0,HES7648,6,5,5,0,4,,0,0
2026-08-16,0,hes6380,4,3,3,0,3,,0,0
2026-08-16,0,hes7929,16,14,3,4,5,1,0,0
2026-08-16,0,hes7757,1,1,1,0,1,,0,0
2026-08-16,0,HES0803,2,2,1,1,,,0,0
2026-08-16,0,hes8460,2,2,2,0,1,,0,0
2026-08-16,0,hes7489,1,1,0,1,1,,0,0
2026-08-16,0,HES5717,5,5,2,2,2,2,2,1
2026-08-16,0,hes8778,5,5,0,2,,,0,0
2026-08-16,0,HES2933,2,1,1,0,2,,0,0
2026-08-16,0,hes8876,13,12,0,6,,,0,0
2026-08-16,0,hes7953,2,2,2,0,2,,0,0
2026-08-16,0,HES4777,1,1,0,1,,,0,0
2026-08-16,0,HES7728,26,21,3,9,8,1,0,0
2026-08-16,0,hes9123,14,13,7,5,3,,0,0
2026-08-16,0,framohali4,1,1,0,1,,,0,0
2026-08-16,0,HES1181,1,1,0,1,,,0,0
2026-08-16,0,hes8709,8,8,7,0,7,,0,0
2026-08-16,0,rmdn8752,2,2,0,2,,,0,0
2026-08-16,0,hes5964,3,3,3,0,3,1,1,1
2026-08-16,0,rmdn7049,4,4,3,0,3,3,0,0
2026-08-16,0,HES4090,12,10,1,6,,,0,0
2026-08-16,0,hes9164,17,17,0,10,,,0,0
2026-08-16,0,hes7730,12,12,7,4,7,4,1,0
2026-08-16,0,HES4174,2,2,0,2,,,0,0
2026-08-16,0,HES4828,9,7,0,3,,,0,0
2026-08-16,0,hes7847,2,2,2,0,2,,0,0
2026-08-16,0,hes5502,1,1,0,1,,,0,0
2026-08-16,0,rmdn7040,3,3,2,0,2,,0,0
2026-08-16,0,rmdn1337,10,10,7,2,9,,0,0
2026-08-16,0,rmdn8418,9,9,7,0,7,,0,0
2026-08-16,0,hes6274,16,15,1,8,,,0,0
2026-08-16,0,FRA00144,26,25,7,12,1,,2,2
2026-08-16,0,RMDN1734,6,5,1,2,4,,1,1
2026-08-16,0,HES3590,9,9,0,4,,,1,1
2026-08-16,0,rmdn6546,4,4,1,1,1,,0,0
2026-08-16,0,HES5411,3,2,0,1,,,0,0
2026-08-16,0,HES4520,14,12,4,5,3,1,1,1
2026-08-16,0,hes5146,2,2,0,1,,,0,0
2026-08-16,0,rmdn6887,14,14,2,7,,,0,0
2026-08-16,0,hes7347,1,1,0,1,,,0,0
2026-08-16,0,HES0504,7,7,0,2,,,0,0
2026-08-16,1,hes8679,8,8,3,5,2,,0,0
2026-08-16,0,hes8646,8,6,6,0,8,5,1,1
2026-08-16,0,FRA00195,13,12,1,6,,,0,0
2026-08-16,1,hes6904,5,5,2,2,1,,0,0
2026-08-16,0,rmdn8552,2,2,0,1,,,0,0
2026-08-16,0,rmdn8740,8,7,3,0,4,1,1,1
2026-08-16,0,hes8470,12,11,8,2,6,,0,0
2026-08-16,0,hes8524,8,6,2,3,1,,0,0
2026-08-16,0,hes8578,2,2,0,2,,,0,0
2026-08-16,0,icsats106796,3,3,3,0,3,1,1,1
2026-08-16,0,hes8402,4,3,2,0,,,0,0
2026-08-16,0,hes9086,12,10,5,4,5,,0,0
2026-08-16,0,hes6088,4,4,0,3,3,3,0,0
2026-08-16,0,framumbaithane2,10,9,4,3,2,1,0,0
2026-08-16,0,RMDN8370,3,3,3,0,3,,0,0
2026-08-16,0,HES2832,6,6,3,1,3,,0,0
2026-08-16,0,hes8279,1,1,0,0,,,0,0
2026-08-16,0,hes7605,2,2,0,1,,,0,0
2026-08-16,0,hes5321,17,15,5,5,7,5,2,2
2026-08-16,0,HES0984,1,1,1,0,1,1,1,0
2026-08-16,0,HES7368,8,7,0,4,3,,0,0
2026-08-16,0,hes5929,12,11,1,6,1,,3,2
2026-08-16,0,HES4287,5,3,2,1,3,,0,0
2026-08-16,0,hes5638,6,6,6,0,5,3,1,0
2026-08-16,0,hes5943,12,10,8,1,3,,0,0
2026-08-16,0,HES4866,1,1,1,0,,,0,0
2026-08-16,0,frapatiala1,4,3,3,0,4,,0,0
2026-08-16,0,hes7300,2,2,0,2,,,0,0
2026-08-16,0,hes8427,1,1,1,0,1,,0,0
2026-08-16,0,icsats106797,12,11,11,0,11,3,0,0
2026-08-16,0,hes8798,10,10,10,0,9,5,1,1
2026-08-16,0,hes7274,9,7,2,5,,,0,0
2026-08-16,0,HES4544,5,4,4,0,3,,0,0
2026-08-16,0,hes6236,2,2,0,1,,,0,0
2026-08-16,0,HES4115,2,2,0,1,,,0,0
2026-08-16,0,HES6548,2,2,1,0,1,1,1,0
2026-08-16,0,hes5443,9,8,3,4,1,1,1,1
2026-08-16,0,hes8651,2,2,1,1,,,0,0
2026-08-16,0,hes5654,12,11,2,9,10,,0,0
2026-08-16,0,RMDN1132,24,22,9,8,7,1,1,1
2026-08-16,0,icsats92883,6,6,6,0,4,3,3,2
2026-08-16,1,hes8641,1,1,1,0,1,,0,0
2026-08-16,0,HES5215,2,2,0,1,,,0,0
2026-08-16,0,hes8444,5,5,0,2,,,0,0
2026-08-16,0,ICSATS90189,4,4,1,1,1,,0,0
2026-08-16,0,hes6639,1,1,1,0,1,,0,0
2026-08-16,0,HES5264,2,2,2,0,2,,0,0
2026-08-16,0,icsats90195,2,2,2,0,2,1,0,0
2026-08-16,0,hes5079,13,11,4,5,1,,0,0
2026-08-16,0,rmdn8555,6,6,5,0,3,,0,0
2026-08-16,0,hes6664,2,2,2,0,1,,0,0
2026-08-16,0,hes6049,4,4,4,0,4,,0,0
2026-08-16,0,icsats91506,14,14,14,0,13,,0,0
2026-08-16,0,rmdn3759,5,5,3,2,3,2,0,0
2026-08-16,0,hes7740,6,5,5,0,6,,0,0
2026-08-16,0,hes6047,6,5,5,0,4,,0,0
2026-08-16,0,hes5958,1,1,1,0,1,1,0,0
2026-08-16,0,frafaridabad001,3,2,2,0,,,0,0
2026-08-16,0,hes6298,4,2,0,2,,,0,0
2026-08-16,0,FRA00126,7,7,7,0,,,1,1
2026-08-16,0,HES4548,8,7,3,2,3,,0,0
2026-08-16,0,hes6471,10,8,3,3,5,,0,0
2026-08-16,0,rmdn8196,11,10,9,0,5,,0,0
2026-08-16,0,hes8076,6,6,1,2,1,1,1,1
2026-08-16,0,hes8236,3,2,0,2,,,0,0
2026-08-16,0,HES1543,15,14,7,4,5,,0,0
2026-08-16,0,hes8044,1,1,1,0,1,,0,0
2026-08-16,0,hes7601,4,3,0,2,2,,0,0
2026-08-16,1,hes8646,3,2,2,0,3,1,0,0
2026-08-16,0,hes8228,3,2,1,1,3,,0,0
2026-08-16,0,hes8189,3,2,0,1,,,0,0
2026-08-16,0,HES7367,11,10,7,1,2,1,1,1
2026-08-16,0,hes8345,1,1,1,0,1,,0,0
2026-08-16,0,HES6144,9,8,1,3,2,2,1,1
2026-08-16,0,hes8927,4,2,1,1,2,,0,0
2026-08-16,0,ICSATS82193,4,4,4,0,1,,0,0
2026-08-16,0,rmdn8566,4,3,0,3,4,,0,0
2026-08-16,0,hes6235,12,11,5,3,6,,0,0
2026-08-16,0,hes6680,6,5,0,3,,,0,0
2026-08-16,0,hes5858,8,8,8,0,8,1,1,1
2026-08-16,0,hes6681,3,3,0,1,,,0,0
2026-08-16,0,hes7183,2,2,2,0,1,,0,0
2026-08-16,0,HES6592,4,3,3,0,4,,0,0
2026-08-16,0,hes7925,3,3,1,1,,,0,0
2026-08-16,0,icsats102126,15,15,14,0,12,3,1,1
2026-08-16,0,HES6845,7,6,6,0,7,2,1,1
2026-08-16,0,icsats86677,9,8,8,0,3,3,1,1
2026-08-16,0,HES5058,3,3,1,1,2,1,0,0
2026-08-16,0,frahadapsar4,4,3,0,3,1,,0,0
2026-08-16,0,hes6007,2,2,0,2,,,0,0
2026-08-16,1,hes8927,2,2,0,2,,,0,0
2026-08-16,0,frabareilly01,7,7,0,3,,,0,0
2026-08-16,0,hes7671,21,19,7,6,2,1,0,0
2026-08-16,0,hes7654,5,5,2,2,1,,0,0
2026-08-16,0,hes5732,2,2,0,1,,,0,0
2026-08-16,0,hes6436,8,8,2,4,3,1,1,1
2026-08-16,0,HES7844,6,5,2,3,3,2,1,1
2026-08-16,0,FRA00320,3,3,0,1,,,0,0
2026-08-16,0,hes9328,1,1,1,0,1,,0,0
2026-08-16,0,HES4707,1,1,0,1,,,0,0
2026-08-16,0,hes8448,24,22,7,10,8,,0,0
2026-08-16,0,HES7067,1,1,1,0,1,,0,0
2026-08-16,0,hes5499,6,5,0,4,,,0,0
2026-08-16,0,hes6101,4,3,0,2,,,0,0
2026-08-16,0,hes9403,19,18,5,7,4,1,0,0
2026-08-16,0,ASHMEETK,24,21,1,13,1,1,1,1
2026-08-16,0,hes8977,8,8,2,2,,,0,0
2026-08-16,0,HES5804,9,9,2,5,,,0,0
2026-08-16,0,icsats99433,16,14,11,0,10,3,0,0
2026-08-16,0,hes9120,5,4,2,1,3,,0,0
2026-08-16,0,frasahakarnagar1,2,2,1,1,,,0,0
2026-08-16,0,HES2618,11,11,2,4,5,2,1,1
2026-08-16,0,rmdn7054,14,14,6,4,2,,0,0
2026-08-16,0,hes5112,4,3,0,2,,,0,0
2026-08-16,0,hes7856,2,1,0,1,,,0,0
2026-08-16,0,hes6980,7,7,0,2,1,,0,0
2026-08-16,0,hes7567,1,1,1,0,1,1,1,1
2026-08-16,0,HES8091,7,6,0,4,4,2,0,0
2026-08-16,0,HES3828,1,1,1,0,1,,0,0
2026-08-16,0,HES7343,2,1,0,1,,,0,0
2026-08-16,0,hes7943,1,1,0,1,,,0,0
2026-08-16,1,HES6712,3,3,2,0,2,,0,0
2026-08-16,0,hes9382,10,10,10,0,8,2,0,0
2026-08-16,0,hes7978,3,2,2,0,3,,0,0
2026-08-16,0,hes6875,3,3,3,0,3,,0,0
2026-08-16,0,hes7835,4,4,1,1,1,,0,0
2026-08-16,0,hes8733,3,3,2,0,2,1,1,1
2026-08-16,0,fraravet1,8,7,6,0,,,1,1
2026-08-16,0,hes6054,2,2,2,0,2,1,1,1
2026-08-16,0,icsats90188,41,37,20,12,13,,0,0
2026-08-16,0,hes8407,1,1,1,0,1,1,0,0
2026-08-16,0,hes6191,11,10,6,1,7,,0,0
2026-08-16,0,frabalewadi001,2,1,0,1,,,0,0
2026-08-16,0,hes8647,20,16,6,8,3,1,0,0
2026-08-16,0,hes9059,2,2,1,1,,,1,1
2026-08-16,0,hes9297,2,2,2,0,2,,0,0
2026-08-15,0,icsats100316,32,29,28,0,24,8,2,1
2026-08-15,0,rmdn8204,8,7,6,0,7,,0,0
2026-08-15,0,hes5911,3,3,2,1,2,2,1,1
2026-08-15,0,hes8765,1,1,0,1,,,0,0
2026-08-15,1,hes7930,2,1,0,1,,,0,0
2026-08-15,0,hes8712,4,4,2,2,1,,1,1
2026-08-15,0,hes8492,1,1,0,1,,,0,0
2026-08-15,0,icsats99433,21,20,18,0,14,,0,0
2026-08-15,0,hes5487,10,6,6,0,10,3,0,0
2026-08-15,0,hes5502,1,1,0,1,,,0,0
2026-08-15,0,hes5948,7,6,2,2,3,,0,0
2026-08-15,0,hes6380,2,2,1,1,,,0,0
2026-08-15,0,hes8982,11,7,5,2,6,,0,0
2026-08-15,1,hes7471,4,3,0,3,,,0,0
2026-08-15,0,hes8557,6,5,2,2,5,4,0,0
2026-08-15,0,ICSATS90189,1,1,0,1,,,0,0
2026-08-15,1,HES4221,1,1,0,1,,,0,0
2026-08-15,0,hes5612,8,8,5,1,5,,0,0
2026-08-15,0,FRA00052,2,2,0,2,,,0,0
2026-08-15,0,HES4113,11,9,2,5,2,,1,1
2026-08-15,0,HES5748,34,30,0,18,,,0,0
2026-08-15,0,HES3629,1,1,0,1,,,0,0
2026-08-15,0,rmdn8196,19,17,17,0,16,,0,0
2026-08-15,0,hes9164,5,4,0,4,,,0,0
2026-08-15,0,hes7827,2,1,0,1,,,0,0
2026-08-15,0,hes8448,18,17,10,4,6,,0,0
2026-08-15,0,hes7510,5,5,0,3,3,,0,0
2026-08-15,0,hes6438,5,4,2,2,1,,0,0
2026-08-15,0,hes9144,3,3,0,3,1,,0,0
2026-08-15,0,frasiliguri002,6,5,5,0,1,,1,1
2026-08-15,1,hes8318,1,1,1,0,1,,0,0
2026-08-15,0,hes7653,5,5,5,0,5,4,1,1
2026-08-15,0,rmdn8564,19,16,6,6,9,3,2,1
2026-08-15,0,hes6274,6,6,4,2,1,,0,0
2026-08-15,0,HES5509,1,1,1,0,1,,0,0
2026-08-15,0,hes8718,9,7,0,4,3,,0,0
2026-08-15,0,HES5556,8,8,5,2,4,,0,0
2026-08-15,0,rmdn8261,7,6,5,0,6,,0,0
2026-08-15,0,HES3842,13,13,3,9,4,,0,0
2026-08-15,0,fra00318,3,3,0,3,,,0,0
2026-08-15,0,HES2784,2,1,1,0,2,,0,0
2026-08-15,0,rmdn8273,27,26,16,0,15,,0,0
2026-08-15,0,hes8826,6,6,6,0,6,1,0,0
2026-08-15,0,HES7367,3,3,2,0,3,3,0,0
2026-08-15,0,hes8044,5,4,4,0,5,,0,0
2026-08-15,0,hes8167,1,1,1,0,,,0,0
2026-08-15,0,HES6956,6,5,0,5,,,0,0
2026-08-15,0,hes6893,8,7,1,6,1,,0,0
2026-08-15,0,HES5313,8,8,7,0,7,4,1,1
2026-08-15,0,frahydhills2,2,2,1,0,,,1,1
2026-08-15,0,hes9123,12,12,2,4,,,1,0
2026-08-15,0,hes6429,1,1,1,0,1,,0,0
2026-08-15,0,hes7488,21,19,9,6,2,,0,0
2026-08-15,0,hes8030,1,1,1,0,1,,0,0
2026-08-15,0,rmdn8419,9,8,5,3,2,,0,0
2026-08-15,0,hes7926,3,3,0,3,,,0,0
2026-08-15,0,hes9168,1,1,0,1,,,0,0
2026-08-15,0,hes7279,2,1,1,0,,,0,0
2026-08-15,0,hes7625,3,3,1,2,3,1,1,1
2026-08-15,0,hes5527,1,1,1,0,1,,0,0
2026-08-15,0,hes9010,1,1,0,1,,,0,0
2026-08-15,0,hes7744,4,4,4,0,3,,0,0
2026-08-15,0,hes7471,6,5,0,4,,,0,0
2026-08-15,0,fra00281,12,10,9,0,2,,1,1
2026-08-15,0,hes8265,10,7,7,0,7,2,1,1
2026-08-15,0,hes8415,1,1,1,0,,,0,0
2026-08-15,0,hes5759,10,8,4,2,,,0,0
2026-08-15,1,HES4848,5,5,5,0,2,,0,0
2026-08-15,0,hes7306,6,4,0,5,,,0,0
2026-08-15,0,hes4083,2,1,0,1,,,0,0
2026-08-15,0,HES3823,8,7,7,0,4,2,1,1
2026-08-15,0,hes6043,1,1,1,0,,,0,0
2026-08-15,0,HES5271,4,4,0,3,3,,0,0
2026-08-15,0,HES4769,7,7,0,5,1,,1,1
2026-08-15,0,hes7974,3,2,2,0,3,,0,0
2026-08-15,0,hes6881,11,11,10,0,6,,0,0
2026-08-15,0,hes5564,3,2,0,2,,,0,0
2026-08-15,0,HES6834,5,4,1,3,,,0,0
2026-08-15,0,hes8175,3,3,1,1,,,0,0
2026-08-15,0,hes6572,1,1,1,0,1,,0,0
2026-08-15,0,hes9137,1,1,0,1,,,0,0
2026-08-15,0,hes6131,1,1,1,0,,,0,0
2026-08-15,0,rmdn4078,36,31,7,20,12,,0,0
2026-08-15,0,hes7516,7,6,1,5,1,,0,0
2026-08-15,0,hes7545,5,4,0,2,,,0,0
2026-08-15,0,HES2686,6,5,2,2,1,,0,0
2026-08-15,0,HES5881,2,2,1,1,,,0,0
2026-08-15,0,hes6038,5,5,1,4,1,,0,0
2026-08-15,0,HES3590,42,37,0,28,4,1,1,1
2026-08-15,0,SBOPAL03,1,1,0,1,,,0,0
2026-08-15,0,hes7214,2,2,1,1,,,0,0
2026-08-15,0,HES5161,12,12,1,7,2,,0,0
2026-08-15,0,HES0325,13,13,0,9,,,0,0
2026-08-15,0,HES2608,14,11,0,9,5,,0,0
2026-08-15,0,rmdn2959,19,19,18,0,17,2,1,1
2026-08-15,0,hes8351,2,2,2,0,2,,0,0
2026-08-15,0,HES4183,2,2,1,1,,,0,0
2026-08-15,0,hes8534,2,1,0,1,,,0,0
2026-08-15,0,hes5794,1,1,1,0,1,,0,0
2026-08-15,0,hes8554,7,5,0,5,,,1,1
2026-08-15,0,hes6546,4,3,0,3,1,,0,0
2026-08-15,0,rmdn8748,5,5,0,5,5,,0,0
2026-08-15,0,hes6534,2,2,0,2,,,0,0
2026-08-15,0,hes8757,4,3,3,0,3,,0,0
2026-08-15,0,HES5156,4,4,3,0,3,,0,0
2026-08-15,0,HES4817,2,1,0,1,,,0,0
2026-08-15,0,hes7567,2,2,1,1,1,,0,0
2026-08-15,0,ASHMEETK,10,9,0,9,,,0,0
2026-08-15,0,FRA00026,2,2,2,0,,,0,0
2026-08-15,0,hes5442,1,1,1,0,1,,0,0
2026-08-15,0,hes7943,1,1,0,1,,,0,0
2026-08-15,0,HES4118,7,6,3,0,4,1,0,0
2026-08-15,0,hes8455,1,1,0,1,,,0,0
2026-08-15,0,hes5125,1,1,1,0,,,0,0
2026-08-15,0,icsats92879,14,14,14,0,12,3,1,1
2026-08-15,0,hes7730,12,11,10,1,9,2,0,0
2026-08-15,0,hes7989,3,3,2,1,2,1,0,0
2026-08-15,0,hes8423,2,1,1,0,,,0,0
2026-08-15,0,hes5736,2,2,1,1,,,0,0
2026-08-15,0,HES7360,3,2,0,1,,,0,0
2026-08-15,0,hes9422,12,10,3,5,,,0,0
2026-08-15,0,FRA00105,8,7,1,6,,,0,0
2026-08-15,0,HES5945,5,5,5,0,3,,0,0
2026-08-15,0,HES4893,1,1,1,0,1,,1,0
2026-08-15,0,indrnt002,1,1,0,1,,,0,0
2026-08-15,1,hes8417,1,1,1,0,1,,0,0
2026-08-15,0,fra00136,4,3,3,0,,,1,1
2026-08-15,0,rmdn8740,4,4,0,3,,,0,0
2026-08-15,0,FRA00068,3,2,0,1,,,0,0
2026-08-15,0,hes6557,5,5,0,2,2,,0,0
2026-08-15,0,ICSATS81163,2,2,1,0,1,,0,0
2026-08-15,0,hes5658,1,1,1,0,,,0,0
2026-08-15,1,HES0984,1,1,0,1,1,,0,0
2026-08-15,0,HES4767,3,3,0,3,3,,0,0
2026-08-15,0,HES4411,1,1,0,1,,,0,0
2026-08-15,0,hes9240,15,15,15,0,15,10,1,1
2026-08-15,0,hes8460,2,2,0,1,,,0,0
2026-08-15,0,HES7830,24,22,1,13,,,1,1
2026-08-15,0,hes6527,9,9,5,1,3,,0,0
2026-08-15,0,HES7512,5,5,5,0,4,2,1,1
2026-08-15,0,hes7740,7,7,6,0,6,3,1,1
2026-08-15,0,MINALD,8,8,6,0,4,1,0,0
2026-08-15,0,HES3828,2,2,2,0,2,,0,0
2026-08-15,0,hes7572,8,7,1,4,,,3,2
2026-08-15,0,HES6538,9,8,0,6,6,,0,0
2026-08-15,0,HES2717,3,2,0,2,,,0,0
2026-08-15,0,hes9322,2,2,1,0,1,,1,0
2026-08-15,1,hes8841,1,1,1,0,1,,0,0
2026-08-15,0,rmdn7065,15,13,3,9,2,,0,0
2026-08-15,0,hes6047,3,3,3,0,1,,0,0
2026-08-15,0,rmdn8201,8,7,7,0,6,1,0,0
2026-08-15,0,fraadajan2,11,10,0,4,1,,1,1
2026-08-15,0,hes5484,3,3,3,0,3,,0,0
2026-08-15,0,hes8354,2,2,2,0,2,1,0,0
2026-08-15,0,hes9390,2,1,1,0,2,,0,0
2026-08-15,0,HES0803,2,2,1,1,1,,0,0
2026-08-15,0,hes9007,3,3,2,1,2,1,0,0
2026-08-15,0,hes6999,8,6,0,6,,,1,1
2026-08-15,0,FRA00144,3,3,1,0,,,0,0
2026-08-15,0,ICSATS82193,12,12,12,0,11,1,1,1
2026-08-15,0,icsats91558,11,9,5,3,7,1,0,0
2026-08-15,1,hes8977,5,5,3,2,,,0,0
2026-08-15,0,hes6052,7,7,6,0,6,,0,0
2026-08-15,0,hes7253,1,1,1,0,,,0,0
2026-08-15,0,hes5078,8,7,1,6,1,,0,0
2026-08-15,0,frabalewadi002,4,4,0,3,,,2,2
2026-08-15,0,frasurat005,3,3,2,0,,,0,0
2026-08-15,0,HES7067,1,1,1,0,1,,0,0
2026-08-15,0,HES1951,5,5,2,1,1,,0,0
2026-08-15,1,HES4113,3,3,0,2,,,0,0
2026-08-15,0,hes9021,3,3,3,0,2,,0,0
2026-08-15,0,HES0504,3,3,2,1,1,,0,0
2026-08-15,0,hes6664,10,8,7,0,7,,0,0
2026-08-15,0,HES7050,1,1,1,0,1,,0,0
2026-08-15,0,hes8553,2,2,0,1,,,0,0
2026-08-15,0,HES7728,25,21,7,13,12,5,1,0
2026-08-15,0,hes9280,3,3,0,1,,,0,0
2026-08-15,0,hes5563,3,2,0,2,,,1,1
2026-08-15,0,frakolhapur3,4,3,0,3,,,0,0
2026-08-15,0,hes6054,4,4,4,0,4,2,0,0
2026-08-15,0,hes5321,7,7,0,1,1,1,0,0
2026-08-15,0,hes8579,2,2,1,1,1,1,1,1
2026-08-15,0,hes7930,3,3,1,2,,,0,0
2026-08-15,0,hes9213,1,1,0,1,,,0,0
2026-08-15,0,hes8562,6,6,6,0,4,,0,0
2026-08-15,0,HES7505,15,11,6,5,5,1,0,0
2026-08-15,0,HES3465,1,1,0,1,,,0,0
2026-08-15,0,hes6904,13,13,7,4,2,1,1,1
2026-08-15,0,icsats95268,2,2,2,0,2,,0,0
2026-08-15,1,hes9227,5,5,3,2,1,,0,0
2026-08-15,0,hes8930,6,6,3,1,3,,0,0
2026-08-15,0,hes8876,1,1,1,0,,,0,0
2026-08-15,0,hes5531,12,12,7,3,2,1,1,1
2026-08-15,0,fra00355,7,6,0,3,,,0,0
2026-08-15,0,HES7754,8,8,0,6,,,0,0
2026-08-15,0,fra00338,1,1,0,1,,,0,0
2026-08-15,0,hes6675,13,13,0,8,2,,0,0
2026-08-15,0,hes5093,7,6,3,3,1,,0,0
2026-08-15,0,hes7652,1,1,1,0,1,,0,0
2026-08-15,0,hes7677,7,6,3,2,3,,0,0
2026-08-15,0,hes7616,4,3,0,2,,,0,0
2026-08-15,0,flm0002,2,1,0,1,,,0,0
2026-08-15,0,hes6100,10,10,2,3,2,2,2,0
2026-08-15,0,HES5970,3,3,0,2,,,0,0
2026-08-15,0,fraghatkopar02,2,2,0,2,,,1,1
2026-08-15,0,HES3459,1,1,1,0,1,,0,0
2026-08-15,1,hes7284,1,1,0,1,,,0,0
2026-08-15,0,hes7288,3,2,1,1,,,0,0
2026-08-15,0,HES5068,1,1,1,0,1,,0,0
2026-08-15,0,HES8091,7,5,0,4,2,,0,0
2026-08-15,0,HES7368,3,3,3,0,2,,0,0
2026-08-15,0,rmdn8418,7,7,4,0,4,3,0,0
2026-08-15,0,rmdn1559,17,16,5,2,5,1,0,0
2026-08-15,0,hes7212,2,1,0,1,,,0,0
2026-08-15,0,HES5175,3,3,0,3,,,0,0
2026-08-15,0,rmdn8369,23,18,13,5,13,2,1,1
2026-08-15,0,hes9387,1,1,0,1,,,0,0
2026-08-15,0,hes7284,1,1,0,1,,,1,1
2026-08-15,0,hes8573,19,16,8,6,3,,1,1
2026-08-15,0,fraandheri6,9,8,5,0,1,,0,0
2026-08-15,0,hes5638,1,1,1,0,1,,0,0
2026-08-15,0,frasaritavihar2,2,2,0,2,,,0,0
2026-08-15,0,hes9318,19,19,12,4,6,2,1,1
2026-08-15,0,HES3888,2,1,0,1,2,,0,0
2026-08-15,0,HES5274,5,5,1,3,,,0,0
2026-08-15,0,HES2437,1,1,1,0,1,,0,0
2026-08-15,0,hes9405,3,3,3,0,3,,0,0
2026-08-15,0,HES4956,2,2,2,0,1,,0,0
2026-08-15,0,hes7839,5,4,1,1,1,1,0,0
2026-08-15,0,hes7563,1,1,0,1,,,0,0
2026-08-15,0,hes5453,7,7,2,3,1,,0,0
2026-08-15,0,HES4828,2,2,2,0,2,1,1,1
2026-08-15,0,hes6681,24,20,5,12,3,3,1,1
2026-08-15,0,hes6885,8,6,2,4,1,,0,0
2026-08-15,0,icsats106934,1,1,1,0,1,,0,0
2026-08-15,0,HES5728,1,1,1,0,1,1,0,0
2026-08-15,0,hes7274,5,5,0,2,1,,0,0
2026-08-15,0,HES6596,3,3,0,1,1,,0,0
2026-08-15,0,hes8900,13,12,6,5,7,,0,0
2026-08-15,0,HES3861,1,1,1,0,1,,0,0
2026-08-15,0,HES7311,1,1,0,1,,,0,0
2026-08-15,0,hes7143,4,4,1,3,3,,0,0
2026-08-15,0,hes8027,2,2,2,0,2,,0,0
2026-08-15,0,HES6730,2,2,2,0,2,,0,0
2026-08-15,1,hes5486,4,3,1,2,,,0,0
2026-08-15,0,FRA00088,2,2,1,0,,,0,0
2026-08-15,0,hes7924,5,4,2,2,3,2,0,0
2026-08-15,0,hes8318,1,1,1,0,1,,0,0
2026-08-15,0,HES5804,8,7,0,6,,,0,0
2026-08-15,0,hes7856,4,4,0,4,,,0,0
2026-08-15,0,hes6931,5,5,2,2,1,1,1,1
2026-08-15,0,fragorakhpur05,1,1,0,1,,,0,0
2026-08-15,0,hes9329,3,2,0,1,,,0,0
2026-08-15,0,hes7674,1,1,1,0,,,0,0
2026-08-15,0,hes5745,6,5,0,4,,,0,0
2026-08-15,0,fra00373,7,7,3,3,1,,0,0
2026-08-15,0,hes5529,2,2,2,0,,,0,0
2026-08-15,0,fraandheri2,12,10,7,2,1,1,1,1
2026-08-15,0,hes7449,7,5,0,5,5,,0,0
2026-08-15,0,FRA00106,3,2,2,0,,,1,1
2026-08-15,0,HES6224,4,3,0,3,,,0,0
2026-08-15,0,hes8156,5,3,0,3,,,0,0
2026-08-15,0,HES0992,2,2,2,0,1,,0,0
2026-08-15,0,HES2231,5,4,0,4,,,0,0
2026-08-15,0,hes5904,9,9,9,0,9,,0,0
2026-08-15,0,hes5644,2,2,1,0,1,,0,0
2026-08-15,0,HES7059,6,6,4,2,,,0,0
2026-08-15,0,HES1970,2,2,2,0,1,,0,0
2026-08-15,0,HES3245,1,1,1,0,1,,0,0
2026-08-15,0,hes5079,9,9,4,5,2,,0,0
2026-08-15,0,HES4866,1,1,1,0,1,,0,0
2026-08-15,0,HES2358,1,1,0,1,,,0,0
2026-08-15,0,hes8792,5,3,0,3,1,1,1,1
2026-08-15,0,fra00324,4,2,2,0,2,,1,1
2026-08-15,0,hes6305,11,10,5,5,2,,0,0
2026-08-15,0,hes7978,4,4,4,0,4,,0,0
2026-08-15,0,hes8121,5,4,0,3,3,,0,0
2026-08-15,0,hes6117,17,16,9,4,9,2,1,0
2026-08-15,0,hes9015,2,2,1,1,1,1,0,0
2026-08-15,0,hes5443,5,4,1,1,2,2,0,0
2026-08-15,0,hes8445,1,1,1,0,1,,0,0
2026-08-15,0,frabareilly02,2,1,0,1,,,0,0
2026-08-15,0,rmdn8240,9,9,0,8,,,0,0
2026-08-15,0,HES4462,1,1,1,0,,,0,0
2026-08-15,0,fra00333,4,4,0,3,,,0,0
2026-08-15,0,hes7992,17,16,3,6,3,1,1,1
2026-08-15,0,hes9204,14,11,2,7,4,3,1,1
2026-08-15,0,fraudaipur01,6,6,3,2,,,0,0
2026-08-15,0,hes6148,3,2,0,2,,,2,2
2026-08-15,0,icsats88698,3,3,3,0,2,,0,0
2026-08-15,0,hes9111,7,6,0,6,,,0,0
2026-08-15,0,HES5388,1,1,1,0,1,,0,0
2026-08-15,0,hes8076,11,9,0,6,,,0,0
2026-08-15,0,hes5505,1,1,1,0,,,0,0
2026-08-15,0,icsats96092,14,14,14,0,13,2,0,0
2026-08-15,0,hes5132,6,5,5,0,3,1,0,0
2026-08-15,0,rmdn5249,25,23,22,1,16,2,0,0
2026-08-15,0,HES6677,19,19,11,4,1,,0,0
2026-08-15,0,hes7868,3,2,0,2,,,0,0
2026-08-15,0,hes7753,2,2,1,1,,,0,0
2026-08-15,0,hes5616,11,9,6,2,6,,0,0
2026-08-15,0,hes6150,4,4,1,3,,,0,0
2026-08-15,0,hes7948,1,1,0,1,1,,0,0
2026-08-15,0,HES4221,1,1,1,0,1,,0,0
2026-08-15,0,hes7482,11,8,0,6,,,0,0
2026-08-15,0,hes5112,4,3,0,2,,,0,0
2026-08-15,0,frapuducherry1,2,2,2,0,,,0,0
2026-08-15,0,hes7521,3,2,0,2,,,0,0
2026-08-15,1,HES7343,1,1,0,1,,,0,0
2026-08-15,0,hes7546,3,3,1,2,1,,0,0
2026-08-15,0,HES4952,1,1,1,0,1,,0,0
2026-08-15,0,HES5033,3,2,2,0,,,0,0
2026-08-15,0,PRHLDNGR1,2,2,0,2,,,0,0
2026-08-15,0,frabalewadi001,13,12,0,10,,,1,1
2026-08-15,0,hes6294,2,2,0,2,,,1,1
2026-08-15,0,hes7671,7,7,1,5,,,0,0
2026-08-15,0,hes8443,2,2,2,0,2,1,0,0
2026-08-15,0,hes6631,4,3,0,3,,,0,0
2026-08-15,1,HES3245,1,1,1,0,1,,0,0
2026-08-15,0,hes7183,6,6,6,0,5,1,0,0
2026-08-15,0,FRA00186,2,1,1,0,,,0,0
2026-08-15,0,hes5476,9,7,2,4,4,2,0,0
2026-08-15,0,hes7530,2,2,2,0,2,2,1,1
2026-08-15,1,hes8845,2,2,0,2,,,0,0
2026-08-15,1,HES6819,2,2,2,0,2,,0,0
2026-08-15,0,hes7204,8,7,0,7,5,1,1,1
2026-08-15,0,fra00334,3,3,0,3,,,0,0
2026-08-15,0,frabelapur1,7,6,5,0,2,,0,0
2026-08-15,1,hes9022,2,2,2,0,1,,0,0
2026-08-15,0,HES8480,11,10,7,1,6,,0,0
2026-08-15,0,HES5848,6,5,2,3,3,,0,0
2026-08-15,0,hes9249,30,29,13,11,2,,0,0
2026-08-15,0,HES2028,4,4,1,3,1,,1,1
2026-08-15,0,rmdn6117,5,4,1,2,,,0,0
2026-08-15,0,hes6916,3,3,3,0,1,,0,0
2026-08-15,0,hes5805,1,1,1,0,1,,0,0
2026-08-15,1,HES6712,1,1,1,0,1,,0,0
2026-08-15,0,hes8042,5,4,3,0,3,,0,0
2026-08-15,0,RMDN1132,42,37,15,17,28,2,2,2
2026-08-15,0,hes9232,5,5,0,2,,,1,1
2026-08-15,0,hes6653,6,4,0,4,,,0,0
2026-08-15,0,hes8451,2,2,1,1,1,,0,0
2026-08-15,0,hes7030,1,1,1,0,,,0,0
2026-08-15,0,hes8444,26,23,0,16,2,,1,1
2026-08-15,0,hes7991,1,1,1,0,,,0,0
2026-08-15,0,hes6825,15,14,11,0,10,3,2,2
2026-08-15,0,HES4548,8,7,5,2,4,,0,0
2026-08-15,0,hes6821,3,2,0,2,,,0,0
2026-08-15,0,rmdn3662,9,8,8,0,9,3,0,0
2026-08-15,0,HES6146,9,9,9,0,9,,0,0
2026-08-15,0,hes6680,16,14,3,6,4,1,1,1
2026-08-15,1,HES3842,1,1,0,1,,,0,0
2026-08-15,0,hes6181,1,1,0,1,1,,0,0
2026-08-15,0,HES8307,2,2,0,1,,,0,0
2026-08-15,1,hes7924,1,1,0,1,,,0,0
2026-08-15,0,rmdn7049,27,26,18,5,20,,1,0
2026-08-15,0,hes9065,1,1,0,1,1,,0,0
2026-08-15,0,hes6887,3,2,2,0,3,,0,0
2026-08-15,0,hes8713,4,3,1,2,2,,0,0
2026-08-15,0,hes9382,2,2,2,0,2,1,0,0
2026-08-15,0,fragomtinagar1,1,1,0,1,,,0,0
2026-08-15,0,hes6298,12,12,2,5,2,1,0,0
2026-08-15,0,hes5713,3,3,3,0,3,2,1,1
2026-08-15,0,hes5534,1,1,0,1,1,,0,0
2026-08-15,0,HES3185,1,1,1,0,,,0,0
2026-08-15,0,hes5932,1,1,1,0,,,0,0
2026-08-15,0,HES0897,4,4,0,3,,,0,0
2026-08-15,0,rmdn5933,7,7,1,6,,,0,0
2026-08-15,0,HES5411,9,6,2,2,2,,0,0
2026-08-15,0,SHARMISHTHAD,5,3,3,0,3,,0,0
2026-08-15,0,hes5875,8,8,4,4,1,,0,0
2026-08-15,0,hes7120,2,2,2,0,,,0,0
2026-08-15,0,HES4520,2,2,1,1,2,1,0,0
2026-08-15,0,hes5105,3,2,1,1,1,1,1,1
2026-08-15,0,hes8651,5,5,0,5,,,0,0
2026-08-15,0,icsats102126,4,4,3,0,3,1,0,0
2026-08-15,0,hes7195,1,1,0,1,,,0,0
2026-08-15,0,hes5958,4,4,3,1,3,1,1,1
2026-08-15,0,hes9177,21,16,0,9,1,1,0,0
2026-08-15,0,icsats77190,7,7,6,0,4,,0,0
2026-08-15,0,hes7233,4,4,3,0,3,,0,0
2026-08-15,0,HES1196,2,2,0,2,,,0,0
2026-08-15,0,HES5554,8,8,0,4,,,0,0
2026-08-15,0,HES5717,22,21,7,6,11,5,0,0
2026-08-15,0,icsats92883,19,18,18,0,17,2,0,0
2026-08-15,0,frapunemgroad3,4,4,1,3,,,0,0
2026-08-15,0,hes6333,2,2,0,2,1,,0,0
2026-08-15,0,hes7598,1,1,1,0,,,0,0
2026-08-15,0,fra00277,8,7,4,2,,,0,0
2026-08-15,0,rmdn3663,7,7,2,5,2,,0,0
2026-08-15,1,hes8444,1,1,0,1,,,0,0
2026-08-15,0,hes8333,4,4,4,0,4,1,1,0
2026-08-15,0,hes8340,13,12,12,0,9,6,0,0
2026-08-15,0,hes8977,17,17,10,5,,,0,0
2026-08-15,0,hes7305,14,13,3,4,1,,0,0
2026-08-15,0,hes8215,1,1,1,0,1,,0,0
2026-08-15,0,hes5929,9,8,0,5,,,1,0
2026-08-15,0,hes8269,2,1,1,0,2,2,0,0
2026-08-15,0,HES4174,2,2,0,1,,,1,1
2026-08-15,0,HES2922,2,1,0,1,2,,0,0
2026-08-15,0,hes6937,9,9,8,0,8,1,1,1
2026-08-15,0,hes8355,3,2,0,2,,,0,0
2026-08-15,0,icsats90195,7,7,7,0,7,6,2,1
2026-08-15,0,hes8564,8,6,4,2,4,,0,0
2026-08-15,0,HES5173,3,3,3,0,3,1,0,0
2026-08-15,0,HES7343,2,2,1,1,,,0,0
2026-08-15,0,hes9220,1,1,1,0,1,,0,0
2026-08-15,0,hes6203,3,3,0,3,,,0,0
2026-08-15,0,fraadajan1,6,5,1,3,1,,0,0
2026-08-15,0,HES3731,2,2,2,0,2,2,0,0
2026-08-15,0,hes8798,4,4,4,0,4,1,1,0
2026-08-15,0,hes6650,7,5,0,5,1,,0,0
2026-08-15,0,hes8005,6,6,3,3,,,1,1
2026-08-15,0,hes7729,17,14,5,7,11,1,1,1
2026-08-15,0,hes6591,1,1,0,1,,,0,0
2026-08-15,0,rmdn8751,5,4,0,3,2,,0,0
2026-08-15,0,HES7155,1,1,1,0,1,,0,0
2026-08-15,0,HES6519,1,1,0,1,,,0,0
2026-08-15,0,hes6101,1,1,0,1,,,0,0
2026-08-15,0,icsats106796,11,11,10,0,10,4,0,0
2026-08-15,0,hes8459,4,3,0,3,,,0,0
2026-08-15,0,hes7689,8,7,6,0,6,2,2,1
2026-08-15,0,hes5098,33,27,11,11,7,4,0,0
2026-08-15,0,ICSATS99349,5,5,4,0,4,,0,0
2026-08-15,0,hes8203,3,2,1,1,,,0,0
2026-08-15,0,hes6614,6,5,4,1,1,1,0,0
2026-08-15,0,HES6548,13,10,7,2,8,2,1,0
2026-08-15,0,hes8433,1,1,1,0,1,,0,0
2026-08-15,0,hes7469,9,7,0,6,,,0,0
2026-08-15,1,hes8984,3,3,0,1,1,1,0,0
2026-08-15,0,HES6949,10,8,8,0,9,5,3,1
2026-08-15,1,HES0897,1,1,0,1,,,0,0
2026-08-15,0,hes6822,1,1,0,1,,,0,0
2026-08-15,0,hes5666,1,1,0,1,,,0,0
2026-08-15,0,hes7684,1,1,0,1,,,0,0
2026-08-15,0,HES4381,2,2,2,0,2,,0,0
2026-08-15,0,hes8092,2,2,0,2,,,0,0
2026-08-15,0,hes7857,1,1,0,1,,,0,0
2026-08-15,0,hes8645,6,4,1,3,,,0,0
2026-08-15,0,hes8411,4,3,3,0,3,,0,0
2026-08-15,0,rmdn8744,20,18,7,10,10,,1,1
2026-08-15,0,HES4115,1,1,0,1,,,0,0
2026-08-15,0,HES5876,7,6,3,2,4,,0,0
2026-08-15,0,hes9120,2,1,0,1,2,,0,0
2026-08-15,0,hes7620,3,3,2,1,1,1,0,0
2026-08-15,0,hes7866,7,7,1,4,,,0,0
2026-08-15,0,hes9053,3,2,0,2,,,1,1
2026-08-15,0,hes9099,8,7,4,3,1,1,1,1
2026-08-15,0,hes9066,1,1,1,0,1,,0,0
2026-08-15,0,HES5480,3,3,3,0,1,,0,0
2026-08-15,0,HES7473,7,6,6,0,7,1,1,1
2026-08-15,0,hes7760,3,3,1,2,1,,0,0
2026-08-15,0,hes8598,5,5,5,0,3,1,1,1
2026-08-15,0,hes7461,6,6,0,5,,,0,0
2026-08-15,0,HES7844,1,1,0,1,1,1,1,1
2026-08-15,0,HES5215,3,2,2,0,3,,0,0
2026-08-15,0,hes8836,2,2,1,1,1,,0,0
2026-08-15,0,hes6980,9,7,0,5,,,0,0
2026-08-15,0,hes7721,28,26,16,7,16,4,3,2
2026-08-15,1,hes6014,1,1,0,0,,,0,0
2026-08-15,0,hes6619,7,6,1,1,,,0,0
2026-08-15,0,hes7596,1,1,0,0,,,0,0
2026-08-15,0,hes8397,1,1,1,0,1,1,0,0
2026-08-15,0,fragoa001,9,8,4,4,5,,1,1
2026-08-15,0,hes6232,1,1,1,0,1,,0,0
2026-08-15,0,hes8686,1,1,0,1,1,1,0,0
2026-08-15,0,hes9403,12,10,0,9,4,2,0,0
2026-08-15,0,hes6007,37,31,10,20,7,2,2,2
2026-08-15,0,hes9424,5,3,0,3,,,0,0
2026-08-15,0,hes7119,13,13,11,0,8,1,1,1
2026-08-15,0,hes6783,10,8,1,6,6,1,1,1
2026-08-15,0,hes8271,13,12,12,0,7,3,0,0
2026-08-15,0,HES4307,4,4,4,0,4,,0,0
2026-08-15,0,FRA00195,1,1,0,1,,,0,0
2026-08-15,0,frahowrah003,2,1,0,1,,,0,0
2026-08-15,0,icsats106795,16,16,12,4,9,3,0,0
2026-08-15,0,HES7520,8,5,1,3,2,,0,0
2026-08-15,0,fra00325,6,6,1,2,1,,0,0
2026-08-15,0,HES3977,7,7,4,2,3,,0,0
2026-08-15,0,hes9401,9,8,2,4,2,1,1,1
2026-08-15,0,HES4961,43,42,20,18,21,2,2,2
2026-08-15,0,HES3381,6,6,6,0,5,1,0,0
2026-08-15,0,hes8845,1,1,0,1,,,0,0
2026-08-15,0,hes8093,1,1,1,0,1,,0,0
2026-08-15,0,HES6567,1,1,1,0,,,0,0
2026-08-15,0,hes5499,2,2,0,2,1,,0,0
2026-08-15,0,HES2371,2,2,2,0,2,,0,0
2026-08-15,0,hes8284,8,7,0,7,2,,0,0
2026-08-15,0,fra00364,1,1,0,1,,,0,0
2026-08-15,0,hes7869,1,1,0,1,,,0,0
2026-08-15,0,HES4079,13,10,0,8,5,,0,0
2026-08-15,0,hes8819,1,1,1,0,1,,0,0
2026-08-15,0,HES7726,9,8,1,5,,,0,0
2026-08-15,0,HES3959,2,1,0,1,,,0,0
2026-08-15,0,HES3843,2,2,2,0,2,2,0,0
2026-08-15,1,hes6937,1,1,1,0,1,,0,0
2026-08-15,0,hes8578,7,6,0,5,,,0,0
2026-08-15,0,HES3191,2,2,0,2,,,1,1
2026-08-15,1,HES5130,1,1,0,1,1,1,0,0
2026-08-15,0,hes8452,21,20,9,9,7,4,1,0
2026-08-15,0,hes8524,5,4,1,3,1,,0,0
2026-08-15,0,hes8429,2,2,2,0,2,,0,0
2026-08-15,0,hes5503,12,12,6,5,4,,0,0
2026-08-15,0,hes9086,9,8,3,5,,,0,0
2026-08-15,0,rmdn1337,14,13,8,2,9,1,2,2
2026-08-15,0,HES4661,1,1,1,0,1,,0,0
2026-08-15,1,HES5610,2,2,0,2,,,0,0
2026-08-15,0,hes9034,2,2,1,1,1,,0,0
2026-08-15,0,hes8007,8,8,0,5,,,3,3
2026-08-15,0,RMDN8311,13,12,11,0,11,2,1,1
2026-08-15,0,hes8814,2,1,0,1,2,,0,0
2026-08-15,0,hes7191,5,3,1,2,2,,0,0
2026-08-15,0,hes6235,17,14,4,8,4,,1,1
2026-08-15,0,HES6384,3,2,2,0,3,,0,0
2026-08-15,0,hes8033,2,2,0,2,,,0,0
2026-08-15,0,hes6753,1,1,1,0,1,,0,0
2026-08-15,0,FRA00104,2,2,0,2,,,0,0
2026-08-15,0,hes6281,6,6,5,1,4,1,1,1
2026-08-15,0,hes5659,1,1,0,1,,,0,0
2026-08-15,0,hes8207,3,3,1,0,1,,0,0
2026-08-15,0,hes6083,5,5,1,3,,,0,0
2026-08-15,0,HES3091,1,1,1,0,1,,0,0
2026-08-15,0,HES1543,7,7,6,1,3,,0,0
2026-08-15,0,hes7872,1,1,0,1,,,0,0
2026-08-15,0,HES0984,4,4,1,0,1,1,1,1
2026-08-15,0,rmdn8742,9,7,0,6,4,,0,0
2026-08-15,1,hes6628,3,2,1,1,1,,0,0
2026-08-15,0,hes7731,11,11,11,0,5,2,1,1
2026-08-15,0,HES5200,18,16,4,11,5,3,1,1
2026-08-15,0,hes9297,2,2,2,0,2,,0,0
2026-08-15,0,hes7758,1,1,1,0,,,0,0
2026-08-15,0,hes7679,1,1,1,0,1,,0,0
2026-08-15,0,HES4061,24,20,1,17,1,1,2,0
2026-08-15,0,hes6913,1,1,0,1,1,,0,0
2026-08-15,0,HES7727,2,2,0,1,,,0,0
2026-08-15,0,hes8709,1,1,1,0,1,,0,0
2026-08-15,0,HES4585,1,1,1,0,1,,0,0
2026-08-15,0,hes6378,2,1,1,0,2,,0,0
2026-08-15,0,hes8711,8,8,1,4,2,2,0,0
2026-08-15,0,hes8750,2,2,2,0,,,0,0
2026-08-15,1,hes6999,3,2,1,1,,,0,0
2026-08-15,0,icsats96098,16,16,16,0,16,3,0,0
2026-08-15,0,hes6088,4,4,0,4,3,2,0,0
2026-08-15,0,HES0993,28,25,16,7,20,2,0,0
2026-08-15,0,rmdn5642,3,3,3,0,2,,0,0
2026-08-15,0,FRA00258,7,7,3,4,1,,0,0
2026-08-15,1,HES8480,3,2,0,2,,,0,0
2026-08-15,0,hes9022,1,1,1,0,,,0,0
2026-08-15,0,hes6583,10,8,3,5,6,1,0,0
2026-08-15,0,fraprahaladnagar1,3,3,1,1,1,,0,0
2026-08-15,0,hes5323,2,2,0,2,1,1,1,1
2026-08-15,0,HES6579,8,8,4,3,3,,0,0
2026-08-15,0,hes5943,9,9,9,0,9,,0,0
2026-08-15,0,hes9155,1,1,1,0,1,,0,0
2026-08-15,0,HES4544,2,2,2,0,2,,0,0
2026-08-15,0,hes7271,13,10,0,8,,,0,0
2026-08-15,0,hes6669,1,1,0,0,,,0,0
2026-08-15,0,hes8601,2,2,2,0,2,1,0,0
2026-08-15,0,hes5613,5,4,1,3,,,0,0
2026-08-15,0,hes8832,2,2,0,2,,,0,0
2026-08-15,0,HES2339,4,4,2,2,1,,0,0
2026-08-15,0,rmdn3759,5,4,4,0,4,,0,0
2026-08-15,0,HES7595,8,7,7,0,5,2,1,1
2026-08-15,0,hes7835,4,4,0,3,,,0,0
2026-08-15,0,hes8417,31,29,18,7,15,10,5,2
2026-08-15,0,frahadapsar4,3,3,0,3,,,0,0
2026-08-15,0,fragorakhpur03,1,1,0,1,,,0,0
2026-08-15,0,HES8433,10,10,10,0,8,,0,0
2026-08-15,0,hes6191,3,3,1,2,1,,0,0
2026-08-15,0,hes5654,10,10,1,8,8,1,1,1
2026-08-15,0,hes6639,7,7,6,0,6,1,0,0
2026-08-15,0,hes8306,8,6,5,1,7,,0,0
2026-08-15,0,HES4181,20,19,2,11,1,,0,0
2026-08-15,0,hes8969,5,5,2,3,2,,1,1
2026-08-15,0,fraccuesplanade4,2,2,0,0,,,0,0
2026-08-15,0,rmdn7054,10,8,1,7,4,,1,1
2026-08-15,0,HES3398,1,1,0,1,,,0,0
2026-08-15,0,hes7986,2,2,0,2,,,0,0
2026-08-15,0,RMDN8370,9,7,7,0,9,,0,0
2026-08-15,0,icsats90188,10,10,3,6,6,1,0,0
2026-08-15,0,rmdn6887,2,2,0,1,,,0,0
2026-08-15,0,frahadapsar5,2,2,1,0,,,0,0
2026-08-15,0,FRA00167,2,1,0,1,,,1,1
2026-08-15,0,hes5814,1,1,1,0,1,,0,0
2026-08-15,0,HES5423,1,1,1,0,,,0,0
2026-08-15,1,hes7456,1,1,0,1,,,0,0
2026-08-15,0,HES5091,6,6,4,1,4,1,0,0
2026-08-15,0,hes7761,7,6,1,5,3,,0,0
2026-08-15,0,fraludhiana1,1,1,1,0,1,,0,0
2026-08-15,0,hes7654,2,2,2,0,2,,0,0
2026-08-15,0,hes7614,2,2,0,2,,,0,0
2026-08-15,0,hes6373,4,4,4,0,3,1,0,0
2026-08-15,0,FRA00090,6,5,3,0,2,,1,1
2026-08-15,0,hes5327,27,22,4,17,7,6,3,3
2026-08-15,0,ICSATS103168,3,3,2,1,2,1,0,0
2026-08-15,0,hes7983,1,1,1,0,1,,0,0
2026-08-15,0,HES5869,2,2,1,1,,,0,0
2026-08-15,1,HES7727,2,1,0,1,2,,0,0
2026-08-15,0,FRA00313,19,16,0,16,1,,2,2
2026-08-15,0,HES1897,1,1,0,1,,,0,0
2026-08-15,0,hes8976,6,4,0,4,,,1,1
2026-08-15,0,hes9059,26,25,11,9,1,,0,0
2026-08-15,0,hes6745,3,3,1,2,,,0,0
2026-08-15,0,HES4166,3,3,1,2,1,,0,0
2026-08-15,0,hes7724,3,3,0,3,1,,0,0
2026-08-15,0,hes6518,2,2,0,2,1,,0,0
2026-08-15,0,hes6875,2,2,1,0,1,,0,0
2026-08-15,0,hes5964,4,4,4,0,4,3,1,1
2026-08-15,0,hes7877,7,7,6,0,6,3,2,1
2026-08-15,0,HES4229,7,6,5,1,4,,0,0
2026-08-15,0,fraindore2,1,1,0,1,,,0,0
2026-08-15,0,hes8375,17,15,0,13,,,1,1
2026-08-15,1,hes8798,1,1,1,0,1,,0,0
2026-08-15,0,hes6890,16,9,3,6,5,2,0,0
2026-08-15,0,hes7725,2,1,0,1,,,0,0
2026-08-15,1,hes6767,5,4,2,2,1,,0,0
2026-08-15,0,HES6112,4,4,0,2,1,1,0,0
2026-08-15,0,HES5130,18,17,5,8,7,1,1,0
2026-08-15,0,surat001,4,4,1,3,1,,0,0
2026-08-15,0,HES5610,1,1,0,1,,,0,0
2026-08-15,0,hes5799,2,2,0,2,,,0,0
2026-08-15,0,hes8223,2,1,0,1,,,0,0
2026-08-15,0,HES3023,1,1,0,1,,,0,0
2026-08-15,0,hes8505,1,1,0,1,1,,1,1
2026-08-15,0,hes8515,4,3,0,3,,,1,1
2026-08-15,0,hes9206,1,1,0,1,,,0,0
2026-08-15,0,hes7193,7,7,0,1,,,0,0
2026-08-15,0,FRA00205,10,9,0,4,,,0,0
2026-08-15,1,hes9306,2,2,2,0,1,,0,0
2026-08-15,0,hes7093,5,5,3,0,2,,0,0
2026-08-15,0,HES7611,35,31,22,8,19,10,1,1
2026-08-15,1,HES5555,1,1,0,1,,,0,0
2026-08-15,0,hes9264,17,15,0,11,,,0,0
2026-08-15,0,FRA00190,10,9,0,7,,,0,0
2026-08-15,0,HES2137,5,5,2,2,1,,0,0
2026-08-15,0,HES4324,1,1,0,1,,,0,0
2026-08-15,0,hes5062,2,2,2,0,2,,0,0
2026-08-15,0,hes6179,11,7,4,1,9,,0,0
2026-08-15,0,rmdn7229,2,2,2,0,2,1,0,0
2026-08-15,0,hes7661,5,4,0,4,,,0,0
2026-08-15,0,HES7648,19,15,14,0,18,8,2,2
2026-08-15,0,hes8416,2,2,2,0,1,1,1,1
2026-08-15,0,icsats81376,17,17,17,0,16,2,0,0
2026-08-15,0,hes7431,3,3,0,3,,,0,0
2026-08-15,0,framumbaithane2,15,14,2,7,2,2,0,0
2026-08-15,0,hes5113,12,8,2,5,3,,0,0
2026-08-15,1,hes6650,6,4,0,4,,,0,0
2026-08-15,0,fraggn1,5,4,4,0,,,0,0
2026-08-15,0,hes7953,3,3,3,0,2,,0,0
2026-08-14,0,hes5613,2,2,1,1,,,0,0
2026-08-14,0,hes5666,18,17,8,8,1,1,1,1
2026-08-14,0,HES4307,3,3,3,0,3,,0,0
2026-08-14,0,hes6235,6,6,2,4,2,,1,1
2026-08-14,0,hes7279,2,2,2,0,,,0,0
2026-08-14,0,FRA00085,2,2,2,0,,,0,0
2026-08-14,0,rmdn5249,16,16,15,1,11,1,0,0
2026-08-14,0,vadod004,4,4,4,0,,,0,0
2026-08-14,0,HES4297,7,7,3,4,3,1,1,1
2026-08-14,0,hes5563,6,5,0,4,,,0,0
2026-08-14,0,icsats106268,6,6,6,0,4,2,1,1
2026-08-14,0,HES6519,1,1,1,0,,,0,0
2026-08-14,0,FRA00172,7,6,3,2,1,,0,0
2026-08-14,0,fra00288,4,4,0,4,1,,0,0
2026-08-14,0,hes5453,8,7,2,5,,,0,0
2026-08-14,0,hes8468,7,6,2,3,,,0,0
2026-08-14,0,hes6117,6,5,2,3,1,1,1,1
2026-08-14,0,PRHLDNGR1,3,2,0,2,,,0,0
2026-08-14,0,hes9165,1,1,0,1,1,,0,0
2026-08-14,0,hes5654,3,2,0,2,3,,0,0
2026-08-14,0,FRA00205,6,5,0,5,,,0,0
2026-08-14,0,HES4777,2,2,0,2,,,0,0
2026-08-14,0,hes7730,11,9,0,9,3,1,0,0
2026-08-14,0,hes6918,4,3,0,3,,,0,0
2026-08-14,0,fraggn1,1,1,1,0,,,0,0
2026-08-14,0,hes9086,4,3,0,3,,,0,0
2026-08-14,0,HES5403,4,3,1,2,,,1,1
2026-08-14,0,icsats106796,14,14,10,3,10,2,0,0
2026-08-14,0,hes9322,2,2,2,0,2,,0,0
2026-08-14,0,HES6146,1,1,1,0,1,,0,0
2026-08-14,0,HES5434,1,1,0,1,1,,0,0
2026-08-14,0,hes8711,13,11,2,9,2,,0,0
2026-08-14,0,fraludhiana2,5,4,3,0,,,0,0
2026-08-14,0,hes8349,15,14,2,11,5,,0,0
2026-08-14,0,HES7056,5,4,3,1,3,,0,0
2026-08-14,0,HES4165,2,1,1,0,2,,1,1
2026-08-14,0,HES4692,1,1,1,0,,,0,0
2026-08-14,0,HES5262,3,2,2,0,2,,0,0
2026-08-14,0,FRA00105,25,19,2,14,,,0,0
2026-08-14,0,HES4381,4,3,3,0,4,1,0,0
2026-08-14,0,rmdn6117,18,15,0,11,,,1,1
2026-08-14,0,hes8733,1,1,1,0,1,,0,0
2026-08-14,0,rmdn3529,1,1,1,0,,,0,0
2026-08-14,0,HES4961,24,23,15,8,6,,0,0
2026-08-14,0,hes7614,10,8,5,3,7,4,0,0
2026-08-14,1,SHARMISHTHAD,1,1,1,0,1,,0,0
2026-08-14,0,HES2686,3,2,1,1,,,0,0
2026-08-14,0,HES7202,8,6,3,3,1,,0,0
2026-08-14,0,HES3888,3,3,0,3,,,0,0
2026-08-14,0,rmdn8201,10,9,8,1,10,3,1,1
2026-08-14,0,HES3977,2,1,1,0,,,0,0
2026-08-14,0,hes8679,4,4,4,0,2,,0,0
2026-08-14,0,hes8927,1,1,0,1,,,0,0
2026-08-14,0,rmdn7054,6,5,2,3,1,,0,0
2026-08-14,0,hes7274,15,14,2,11,2,,1,1
2026-08-14,0,fra00373,10,8,3,5,,,0,0
2026-08-14,0,HES7155,1,1,1,0,1,,0,0
2026-08-14,0,hes7986,5,5,0,5,1,1,1,1
2026-08-14,0,hes8639,2,1,0,1,,,0,0
2026-08-14,0,hes7753,1,1,1,0,1,,0,0
2026-08-14,0,hes8265,3,2,2,0,3,,0,0
2026-08-14,0,HES5804,32,25,6,17,,,1,1
2026-08-14,0,icsats96105,1,1,1,0,1,,0,0
2026-08-14,0,icsats92883,11,11,11,0,10,2,1,1
2026-08-14,0,frasiliguri002,3,2,1,0,2,,0,0
2026-08-14,0,rmdn8751,5,5,1,4,5,1,0,0
2026-08-14,0,icsats90188,15,13,2,9,6,1,1,1
2026-08-14,0,hes8354,30,28,15,11,18,7,1,1
2026-08-14,0,RMDN1132,7,6,2,4,1,1,0,0
2026-08-14,0,HES4425,5,5,5,0,3,1,0,0
2026-08-14,0,hes8573,14,12,7,5,1,,0,0
2026-08-14,1,hes8318,2,2,0,0,,,0,0
2026-08-14,0,icsats106790,6,5,4,0,5,,0,0
2026-08-14,0,hes6591,3,3,0,2,,,0,0
2026-08-14,0,hes6890,9,8,5,3,4,,0,0
2026-08-14,0,hes7469,5,5,3,2,3,,0,0
2026-08-14,0,hes8598,5,5,4,0,4,,0,0
2026-08-14,0,hes7696,1,1,0,1,,,0,0
2026-08-14,0,hes6681,16,14,8,6,1,,0,0
2026-08-14,0,hes8709,15,12,5,5,5,,0,0
2026-08-14,0,HES4181,7,7,0,6,3,,0,0
2026-08-14,0,hes6614,1,1,0,1,,,0,0
2026-08-14,0,hes8946,3,3,3,0,3,,0,0
2026-08-14,0,fra00361,1,1,1,0,,,0,0
2026-08-14,0,hes7684,2,2,2,0,2,1,1,1
2026-08-14,0,HES4893,4,4,4,0,4,,1,0
2026-08-14,0,hes5964,5,5,5,0,5,2,0,0
2026-08-14,0,hes7114,5,4,1,3,2,,0,0
2026-08-14,0,hes8355,7,7,0,6,,,0,0
2026-08-14,0,FRA00106,1,1,1,0,,,0,0
2026-08-14,0,hes7193,8,6,0,6,,,1,1
2026-08-14,0,hes6181,2,1,0,1,2,,0,0
2026-08-14,0,hes7757,1,1,0,1,1,,0,0
2026-08-14,0,hes9022,11,9,0,6,,,1,1
2026-08-14,0,hes7233,2,2,2,0,2,,0,0
2026-08-14,0,HES2618,2,1,0,1,2,2,1,1
2026-08-14,0,hes7989,11,11,7,4,6,4,0,0
2026-08-14,0,hes6852,4,3,3,0,4,,0,0
2026-08-14,0,hes8800,2,2,1,1,1,1,2,0
2026-08-14,0,HES4548,14,11,5,6,1,,0,0
2026-08-14,1,hes6378,2,2,0,2,,,0,0
2026-08-14,0,HES6677,5,5,2,2,,,1,1
2026-08-14,0,hes8647,11,11,3,8,1,,0,0
2026-08-14,0,hes8819,2,2,0,1,1,,0,0
2026-08-14,0,hes7510,6,6,0,6,2,,0,0
2026-08-14,0,hes9294,6,6,3,3,2,1,0,0
2026-08-14,0,hes9111,10,9,0,9,,,0,0
2026-08-14,1,HES2037,1,1,0,1,,,0,0
2026-08-14,0,hes6913,2,2,0,0,,,0,0
2026-08-14,0,hes6550,4,3,0,3,2,,0,0
2026-08-14,0,hes6757,5,5,1,4,,,0,0
2026-08-14,0,hes8969,6,6,3,3,1,,1,0
2026-08-14,0,rmdn3663,6,6,1,5,,,0,0
2026-08-14,0,HES5509,2,2,2,0,2,,0,0
2026-08-14,0,icsats95268,19,17,15,0,9,1,0,0
2026-08-14,0,hes6203,2,2,0,2,,,0,0
2026-08-14,0,q2t2014847,1,1,0,1,,,0,0
2026-08-14,0,HES0258,3,3,3,0,,,0,0
2026-08-14,1,hes6034,1,1,1,0,,,0,0
2026-08-14,0,hes8453,3,3,3,0,1,,0,0
2026-08-14,0,hes6628,10,8,4,4,5,1,1,1
2026-08-14,0,HES5254,3,3,2,1,2,,0,0
2026-08-14,0,flm0098,4,2,0,2,,,0,0
2026-08-14,0,hes5943,1,1,1,0,,,0,0
2026-08-14,0,rmdn8204,4,4,2,1,2,1,0,0
2026-08-14,0,icsats103494,2,2,2,0,2,,0,0
2026-08-14,0,hes6460,1,1,0,1,,,0,0
2026-08-14,1,hes8080,2,2,0,2,,,0,0
2026-08-14,0,hes9010,1,1,0,1,,,0,0
2026-08-14,0,hes7545,3,3,0,3,1,,0,0
2026-08-14,0,HES3323,8,8,0,4,1,,0,0
2026-08-14,0,frasaltlakecc1,1,1,0,1,,,0,0
2026-08-14,0,frasaritavihar2,1,1,0,1,,,0,0
2026-08-14,0,hes9007,1,1,0,0,,,0,0
2026-08-14,0,hes7715,4,4,2,2,3,2,1,1
2026-08-14,0,HES4115,4,4,2,2,1,,0,0
2026-08-14,0,HES4728,1,1,0,1,,,0,0
2026-08-14,0,hes5926,19,15,7,7,3,,0,0
2026-08-14,0,HES6579,7,5,2,3,1,,0,0
2026-08-14,0,hes8340,8,7,6,1,7,2,0,0
2026-08-14,0,HES4707,2,2,0,2,2,,0,0
2026-08-14,0,frasurat005,9,5,4,0,,,0,0
2026-08-14,0,hes6999,11,10,1,8,4,,0,0
2026-08-14,0,icsats99433,16,14,10,0,9,,0,0
2026-08-14,0,fra00281,7,4,3,1,,,0,0
2026-08-14,0,hes8228,1,1,0,1,1,1,0,0
2026-08-14,0,fra00264,1,1,1,0,,,0,0
2026-08-14,0,noida004,1,1,1,0,,,0,0
2026-08-14,0,hes6007,10,8,3,5,1,,0,0
2026-08-14,0,HES5717,5,4,3,1,2,,0,0
2026-08-14,0,rmdn7065,14,12,2,9,,,1,1
2026-08-14,0,flm0010,1,1,0,1,,,0,0
2026-08-14,0,hes8519,2,2,1,0,1,,0,0
2026-08-14,0,fraravet1,5,5,5,0,5,,0,0
2026-08-14,0,hes5505,3,2,2,0,3,,0,0
2026-08-14,0,hes8142,2,2,1,1,,,0,0
2026-08-14,0,hes7598,5,4,0,4,3,,0,0
2026-08-14,1,hes9211,4,4,2,2,2,,0,0
2026-08-14,0,hes7482,4,3,0,2,,,0,0
2026-08-14,0,hes9206,3,3,1,1,,,0,0
2026-08-14,1,hes7471,7,6,1,5,2,1,0,0
2026-08-14,0,hes8977,6,6,3,3,,,0,0
2026-08-14,0,hes5443,17,16,5,9,4,,0,0
2026-08-14,0,framohali4,2,2,0,0,,,0,0
2026-08-14,0,FRA00082,1,1,1,0,,,0,0
2026-08-14,0,hes7120,3,3,3,0,3,,0,0
2026-08-14,0,MINALD,3,3,3,0,2,1,0,0
2026-08-14,0,HES5107,4,4,2,2,2,1,0,0
2026-08-14,0,indrnt005,1,1,0,1,,,0,0
2026-08-14,1,HES4769,3,2,1,1,3,,0,0
2026-08-14,0,FRA00190,2,2,0,2,,,0,0
2026-08-14,0,hes7839,3,3,2,1,2,,0,0
2026-08-14,0,HES5096,4,3,0,3,,,0,0
2026-08-14,0,HES4795,5,5,1,3,1,,0,0
2026-08-14,0,frapatiala1,3,2,2,0,1,,0,0
2026-08-14,0,HES2435,2,2,1,1,1,1,2,1
2026-08-14,0,HES4501,3,2,2,0,1,,0,0
2026-08-14,0,hes9213,1,1,1,0,,,0,0
2026-08-14,0,hes8321,4,4,4,0,3,,0,0
2026-08-14,0,HES5156,3,3,0,3,,,0,0
2026-08-14,0,hes6380,2,2,2,0,1,,0,0
2026-08-14,0,hes8765,1,1,0,1,,,0,0
2026-08-14,0,hes5822,5,5,3,2,2,1,1,1
2026-08-14,0,HES4183,14,14,7,7,7,2,0,0
2026-08-14,0,hes6675,6,5,2,3,2,,0,0
2026-08-14,0,hes8317,4,4,2,2,1,,0,0
2026-08-14,0,hes7835,1,1,0,1,,,0,0
2026-08-14,0,HES4229,13,12,12,0,12,1,1,1
2026-08-14,0,hes7260,6,4,2,2,4,,0,0
2026-08-14,0,frasiliguri003,2,1,1,0,2,,0,0
2026-08-14,0,flm0118,8,6,0,6,2,,0,0
2026-08-14,0,hes9318,20,17,9,7,5,1,1,0
2026-08-14,0,hes7721,30,26,17,9,23,2,1,1
2026-08-14,0,HES5058,7,6,0,6,6,2,2,2
2026-08-14,0,hes8712,13,10,4,4,1,1,1,0
2026-08-14,0,hes7744,1,1,1,0,,,0,0
2026-08-14,0,HES4294,8,7,1,5,,,0,0
2026-08-14,0,HES6403,3,2,1,1,,,0,0
2026-08-14,0,HES7368,3,3,2,1,,,0,0
2026-08-14,0,rmdn8205,6,6,5,0,5,,0,0
2026-08-14,0,HES7648,5,5,1,0,1,1,1,1
2026-08-14,0,hes9329,9,8,4,3,1,,0,0
2026-08-14,0,flm0020,1,1,0,1,,,0,0
2026-08-14,0,vadod007,1,1,0,1,,,0,0
2026-08-14,0,hes8760,2,1,0,1,,,0,0
2026-08-14,0,HES7719,1,1,0,1,,,0,0
2026-08-14,0,HES4010,4,4,4,0,4,3,0,0
2026-08-14,0,frabalewadi002,7,6,2,3,,,0,0
2026-08-14,0,HES5121,1,1,0,1,,,0,0
2026-08-14,0,hes7212,10,8,1,7,,,0,0
2026-08-14,0,FRA00049,2,2,2,0,2,,0,0
2026-08-14,0,HES5215,2,1,0,1,,,0,0
2026-08-14,0,frawhitefield2,3,2,0,2,,,0,0
2026-08-14,0,hes7661,1,1,0,1,,,0,0
2026-08-14,0,hes8651,12,11,5,6,2,,0,0
2026-08-14,0,hes7204,4,4,2,2,2,,0,0
2026-08-14,1,VIBHAW,1,1,0,1,,,0,0
2026-08-14,0,hes8026,5,5,0,5,3,,0,0
2026-08-14,0,hes8007,2,2,0,2,,,0,0
2026-08-14,0,hes9140,2,2,2,0,2,1,0,0
2026-08-14,0,hes7518,2,2,1,1,1,,0,0
2026-08-14,0,hes6038,1,1,1,0,,,0,0
2026-08-14,0,fradadar1,4,2,1,1,2,,2,2
2026-08-14,0,hes6639,12,12,12,0,10,,0,0
2026-08-14,0,amdcg7,1,1,1,0,1,,0,0
2026-08-14,0,hes9387,4,4,1,3,,,0,0
2026-08-14,0,hes8646,10,7,7,0,9,3,0,0
2026-08-14,0,hes7969,1,1,0,1,,,0,0
2026-08-14,0,hes6052,12,12,12,0,10,,0,0
2026-08-14,0,hes5564,5,4,4,0,2,1,0,0
2026-08-14,0,hes8238,19,18,18,0,15,1,0,0
2026-08-14,0,hes8212,2,2,0,1,,,0,0
2026-08-14,0,hes7868,2,2,1,0,,,0,0
2026-08-14,0,hes7511,5,3,0,3,,,0,0
2026-08-14,0,hes6378,15,12,11,0,11,,0,0
2026-08-14,1,hes6047,1,1,0,1,,,0,0
2026-08-14,0,fraprahaladnagar1,3,3,0,3,,,0,0
2026-08-14,0,rmdn8740,3,2,0,2,2,,0,0
2026-08-14,0,hes6821,5,3,1,2,2,,0,0
2026-08-14,0,HES7051,8,6,2,4,1,,0,0
2026-08-14,0,hes6790,2,2,2,0,2,,0,0
2026-08-14,0,HES1543,11,10,6,4,3,,0,0
2026-08-14,0,hes8880,2,2,2,0,1,,0,0
2026-08-14,0,hes8175,10,9,2,7,1,,0,0
2026-08-14,0,hes5515,4,4,2,1,1,,0,0
2026-08-14,0,flm0108,1,1,0,1,,,0,0
2026-08-14,0,hes6083,2,2,2,0,1,,0,0
2026-08-14,0,hes5911,11,10,4,6,8,1,0,0
2026-08-14,0,HES6538,11,10,0,8,4,,0,0
2026-08-14,0,hes8271,1,1,1,0,1,1,0,0
2026-08-14,0,hes7474,1,1,0,1,,,0,0
2026-08-14,0,HES6730,3,3,3,0,3,,0,0
2026-08-14,0,hes6183,2,2,0,2,1,,0,0
2026-08-14,0,hes5444,6,4,0,3,,,0,0
2026-08-14,0,hes6283,1,1,0,1,,,0,0
2026-08-14,0,fra00338,2,2,0,2,,,0,0
2026-08-14,0,HES4527,1,1,1,0,1,1,0,0
2026-08-14,0,frasaratbose1,3,2,0,2,,,0,0
2026-08-14,0,HES7830,6,6,0,6,,,1,1
2026-08-14,0,hes7980,4,3,0,3,,,0,0
2026-08-14,0,fragomtinagar4,10,9,0,9,,,0,0
2026-08-14,0,fra00213,4,3,0,3,,,1,0
2026-08-14,0,HES6834,11,10,0,10,,,0,0
2026-08-14,0,HES7121,2,1,1,0,2,,0,0
2026-08-14,0,hes5929,9,8,1,4,,,0,0
2026-08-14,0,hes6967,1,1,0,1,1,1,1,1
2026-08-14,0,hes7929,8,7,2,5,4,3,0,0
2026-08-14,0,HES5200,4,4,2,2,1,,0,0
2026-08-14,0,HES6445,7,6,1,4,1,,0,0
2026-08-14,0,flm0119,1,1,0,1,1,,0,0
2026-08-14,0,hes7953,6,6,4,1,3,,0,0
2026-08-14,0,HES1484,5,5,1,3,1,,1,1
2026-08-14,0,hes8044,1,1,1,0,1,,0,0
2026-08-14,0,hes8279,3,3,2,1,2,,0,0
2026-08-14,0,hes8215,1,1,0,1,,,0,0
2026-08-14,0,hes9137,2,2,0,2,,,0,0
2026-08-14,0,hes7654,13,13,6,6,6,5,2,1
2026-08-14,0,hes8752,8,6,3,3,2,,0,0
2026-08-14,0,hes8005,4,4,2,2,,,0,0
2026-08-14,0,fra00280,1,1,0,1,,,0,0
2026-08-14,0,hes7934,3,2,0,2,,,0,0
2026-08-14,0,HES3842,1,1,1,0,1,,0,0
2026-08-14,0,hes8750,4,4,2,2,,,0,0
2026-08-14,0,hes8092,3,2,0,2,,,0,0
2026-08-14,0,hes7549,1,1,1,0,1,1,1,1
2026-08-14,0,HES3796,1,1,1,0,1,,0,0
2026-08-14,0,HES2339,7,7,4,2,2,,0,0
2026-08-14,0,HES5728,1,1,0,1,1,1,0,0
2026-08-14,0,hes7872,3,3,0,3,,,0,0
2026-08-14,0,hes8455,11,9,2,7,2,1,0,0
2026-08-14,0,hes6754,2,2,1,1,1,1,1,1
2026-08-14,0,hes7288,5,4,1,3,,,0,0
2026-08-14,0,hes7991,3,3,0,3,1,1,1,1
2026-08-14,1,HES5848,1,1,0,0,,,0,0
2026-08-14,0,fra00300,1,1,0,1,,,0,0
2026-08-14,0,hes8841,2,2,0,0,,,0,0
2026-08-14,0,hes9422,35,31,8,21,4,,0,0
2026-08-14,0,hes6630,1,1,0,1,,,0,0
2026-08-14,0,fravaishalinagar1,7,7,0,5,,,0,0
2026-08-14,0,HES5848,10,9,4,4,5,,0,0
2026-08-14,0,HES3465,3,2,0,2,,,0,0
2026-08-14,0,flm0123,1,1,0,1,1,,0,0
2026-08-14,0,hes8411,9,8,8,0,9,,0,0
2026-08-14,0,hes8121,2,2,0,2,2,,0,0
2026-08-14,0,hes5112,14,11,0,10,,,0,0
2026-08-14,0,hes8713,8,7,3,4,5,,0,0
2026-08-14,0,hes5958,5,5,4,0,4,1,0,0
2026-08-14,0,hes7729,2,2,2,0,,,0,0
2026-08-14,0,hes5534,1,1,0,1,,,0,0
2026-08-14,0,hes9168,2,2,0,2,,,1,1
2026-08-14,0,hes6488,5,5,0,4,,,0,0
2026-08-14,0,hes5732,1,1,0,1,,,0,0
2026-08-14,0,fravadod008,5,5,1,4,1,,1,1
2026-08-14,0,HES4767,4,3,0,3,3,,0,0
2026-08-14,0,hes7093,9,9,3,2,3,1,0,0
2026-08-14,0,HES7059,11,8,0,7,,,0,0
2026-08-14,0,HES3384,14,13,12,0,11,3,0,0
2026-08-14,0,frajaipurr1,1,1,0,1,,,0,0
2026-08-14,0,hes8908,11,9,5,0,7,1,0,0
2026-08-14,0,HES6762,3,3,1,2,,,0,0
2026-08-14,0,hes8460,6,6,4,1,2,1,1,1
2026-08-14,1,HES5417,2,2,1,0,1,,0,0
2026-08-14,0,HES5876,3,3,2,1,2,,0,0
2026-08-14,0,hes8578,2,2,1,1,,,0,0
2026-08-14,0,hes8448,3,3,2,0,1,,0,0
2026-08-14,0,hes6994,2,2,1,1,1,,0,0
2026-08-14,0,hes8302,3,2,1,1,,,0,0
2026-08-14,0,HES5506,3,2,1,1,,,0,0
2026-08-14,0,HES1426,3,3,3,0,,,0,0
2026-08-14,0,HES3843,5,4,4,0,5,4,0,0
2026-08-14,0,rmdn1337,13,13,11,0,5,,0,0
2026-08-14,0,rmdn8749,2,2,2,0,1,1,1,1
2026-08-14,0,hes8189,17,15,3,12,6,4,2,2
2026-08-14,0,fra00136,2,1,1,0,,,0,0
2026-08-14,0,icsats96092,6,6,6,0,6,,0,0
2026-08-14,0,HES6956,1,1,0,1,,,0,0
2026-08-14,0,hes8562,3,3,3,0,2,,0,0
2026-08-14,0,hes6301,3,3,1,2,,,0,0
2026-08-14,0,hes7601,3,2,0,2,3,2,1,1
2026-08-14,1,HES5555,3,3,1,2,,,0,0
2026-08-14,0,hes5995,3,2,0,2,,,0,0
2026-08-14,0,hes9264,6,6,0,6,1,,1,1
2026-08-14,0,HES4956,12,12,7,4,4,1,1,1
2026-08-14,0,hes9113,1,1,1,0,,,0,0
2026-08-14,0,hes8306,1,1,0,1,,,0,0
2026-08-14,0,hes6887,1,1,1,0,1,,0,0
2026-08-14,0,HES7611,54,54,48,4,18,8,2,2
2026-08-14,0,hes7119,11,11,9,1,9,,0,0
2026-08-14,0,hes7561,9,6,0,5,,,0,0
2026-08-14,0,FRA00052,5,5,4,0,,,1,1
2026-08-14,0,hes8397,5,3,2,0,4,,0,0
2026-08-14,0,hes8832,1,1,0,0,,,0,0
2026-08-14,0,HES4520,6,4,1,3,1,,0,0
2026-08-14,0,HES6669,5,5,3,1,2,,0,0
2026-08-14,0,hes8553,3,2,0,2,,,0,0
2026-08-14,0,HES7520,4,2,0,2,,,0,0
2026-08-14,0,hes5910,5,5,4,0,4,3,1,1
2026-08-14,0,hes5105,7,5,2,3,2,1,1,1
2026-08-14,0,hes8086,2,2,2,0,2,,0,0
2026-08-14,0,flm0038,2,2,2,0,1,,0,0
2026-08-14,0,hes7305,8,7,2,3,1,,0,0
2026-08-14,1,HES4171,6,5,5,0,6,2,1,1
2026-08-14,0,HES1874,4,3,2,0,3,2,1,1
2026-08-14,0,fra00333,7,5,1,4,5,,0,0
2026-08-14,0,HES7050,2,2,1,1,1,,0,0
2026-08-14,0,hes8123,1,1,1,0,1,,0,0
2026-08-14,0,CHANDIGARHFRA1,1,1,1,0,1,,0,0
2026-08-14,0,hes9037,3,2,1,1,,,0,0
2026-08-14,0,HES2541,3,3,0,3,,,0,0
2026-08-14,1,HES6144,1,1,0,1,,,0,0
2026-08-14,1,HES7353,1,1,1,0,1,,0,0
2026-08-14,0,hes7856,5,5,0,4,,,0,0
2026-08-14,0,HES7067,1,1,1,0,1,,0,0
2026-08-14,0,hes5735,1,1,1,0,,,0,0
2026-08-14,0,rmdn8261,3,3,3,0,3,,0,0
2026-08-14,0,CHANDIGARHFRA3,11,10,7,1,3,,0,0
2026-08-14,0,HES5417,1,1,0,1,,,0,0
2026-08-14,0,HES5161,2,2,1,1,,,1,1
2026-08-14,0,FRA00076,5,5,0,5,,,0,0
2026-08-14,0,HES3661,2,2,1,1,1,,0,0
2026-08-14,0,hes6088,2,2,0,2,1,,0,0
2026-08-14,0,hes8318,2,2,1,1,,,0,0
2026-08-14,0,hes6680,1,1,0,1,1,,0,0
2026-08-14,0,surat001,4,3,2,1,2,,0,0
2026-08-14,0,hes8579,12,12,10,2,1,,0,0
2026-08-14,0,hes6980,1,1,0,1,,,0,0
2026-08-14,0,HES4952,4,4,4,0,3,1,0,0
2026-08-14,0,hes8402,5,3,0,3,,,1,1
2026-08-14,0,hes9211,9,9,5,4,3,3,0,0
2026-08-14,1,hes8819,1,1,0,1,1,,0,0
2026-08-14,0,HES4709,3,3,3,0,3,,0,0
2026-08-14,0,icsats90195,7,6,6,0,5,2,0,0
2026-08-14,0,vadod001,1,1,1,0,,,0,0
2026-08-14,0,hes6822,4,4,2,1,,,0,0
2026-08-14,0,hes5948,2,2,2,0,1,,0,0
2026-08-14,0,HES6548,3,2,1,1,2,,0,0
2026-08-14,0,fraludhiana1,18,14,12,2,6,,0,0
2026-08-14,0,HES6112,1,1,1,0,,,0,0
2026-08-14,0,hes7423,2,2,2,0,2,,0,0
2026-08-14,0,FRA00186,17,14,4,6,3,,1,1
2026-08-14,0,HES7728,4,3,0,3,,,0,0
2026-08-14,0,FRA00140,2,2,1,1,1,,0,0
2026-08-14,1,hes7598,1,1,0,1,,,0,0
2026-08-14,0,frapunemgroad3,3,2,0,2,,,0,0
2026-08-14,0,fraandheri6,3,2,1,0,2,,0,0
2026-08-14,0,hes8836,7,6,4,2,3,,0,0
2026-08-14,0,hes5132,3,3,2,0,1,,0,0
2026-08-14,0,hes5858,14,12,11,1,11,3,1,1
2026-08-14,0,hes5616,10,9,6,2,6,4,3,2
2026-08-14,0,hes8557,1,1,1,0,1,,0,0
2026-08-14,0,hes9133,1,1,1,0,1,,0,0
2026-08-14,0,FRA00083,5,4,4,0,1,,0,0
2026-08-14,0,rmdn8564,7,7,1,5,5,1,0,0
2026-08-14,0,hes8792,2,1,0,1,,,0,0
2026-08-14,0,hes8206,1,1,1,0,1,,0,0
2026-08-14,0,frabhopal3,10,9,6,2,3,3,1,1
2026-08-14,0,hes7731,3,2,2,0,3,1,0,0
2026-08-14,0,HES4585,2,2,2,0,2,,0,0
2026-08-14,0,hes8814,5,4,0,4,3,1,0,0
2026-08-14,0,hes9230,1,1,1,0,,,0,0
2026-08-14,1,hes6650,3,3,3,0,3,1,0,0
2026-08-14,0,hes5323,3,3,1,2,1,1,1,1
2026-08-14,0,hes5614,1,1,1,0,,,0,0
2026-08-14,0,hes8601,3,2,2,0,3,3,1,1
2026-08-14,0,HES8280,3,2,1,1,2,,0,0
2026-08-14,1,HES7343,1,1,0,1,,,0,0
2026-08-14,1,hes5021,2,2,1,0,,,0,0
2026-08-14,0,hes7182,3,3,0,3,,,0,0
2026-08-14,0,hes9402,17,14,1,12,9,3,1,1
2026-08-14,0,hes9252,2,2,1,1,2,1,1,1
2026-08-14,0,HES3590,9,9,0,8,,,0,0
2026-08-14,0,hes6158,3,3,2,1,,,0,0
2026-08-14,0,hes8930,5,4,3,1,2,1,0,0
2026-08-14,0,HES7052,3,2,0,2,,,0,0
2026-08-14,0,hes7431,1,1,0,1,,,0,0
2026-08-14,0,HES2530,1,1,1,0,,,0,0
2026-08-14,0,frarajourigarden2,1,1,1,0,,,0,0
2026-08-14,0,hes9150,12,11,5,5,6,,0,0
2026-08-14,0,rmdn8422,7,7,2,4,2,,0,0
2026-08-14,0,hes9001,2,2,0,2,,,0,0
2026-08-14,0,HES7505,3,2,1,1,,,0,0
2026-08-14,0,frakotagumanpura2,5,5,3,2,,,0,0
2026-08-14,0,hes9120,2,2,1,1,1,,0,0
2026-08-14,0,hes7847,1,1,1,0,1,,0,0
2026-08-14,0,flm0121,1,1,0,1,,,0,0
2026-08-14,0,hes9155,10,8,0,8,4,,0,0
2026-08-14,0,hes6745,6,6,0,6,,,0,0
2026-08-14,0,HES5554,3,3,0,3,,,0,0
2026-08-14,0,HES1181,4,4,1,3,,,0,0
2026-08-14,0,HES3191,3,2,1,1,1,1,0,0
2026-08-14,0,HES8074,3,3,0,3,,,0,0
2026-08-14,0,hes8976,4,3,1,2,1,,0,0
2026-08-14,0,frablrjayanagar1,4,3,3,0,,,0,0
2026-08-14,0,HES4023,1,1,0,1,,,0,0
2026-08-14,0,hes8284,15,12,4,8,1,,0,0
2026-08-14,0,HES4828,12,10,5,5,4,,0,0
2026-08-14,1,fragorakhpur03,1,1,0,1,,,0,0
2026-08-14,0,frasouthex9,1,1,1,0,,,0,0
2026-08-14,0,HES2832,2,1,0,1,,,0,0
2026-08-14,0,fra00353,1,1,0,1,,,0,0
2026-08-14,0,fraborivali2,2,1,0,1,,,0,0
2026-08-14,0,hes6669,2,2,0,2,,,0,0
2026-08-14,0,fraannasalai3,2,2,1,0,,,0,0
2026-08-14,0,hes6305,1,1,1,0,,,0,0
2026-08-14,0,HES0667,15,13,6,7,1,,0,0
2026-08-14,0,hes8416,1,1,0,0,,,0,0
2026-08-14,1,hes8007,1,1,0,1,,,0,0
2026-08-14,0,HES4453,5,3,1,2,2,,0,0
2026-08-14,0,HES6661,3,3,3,0,,,0,0
2026-08-14,0,icsats106934,7,7,7,0,6,4,0,0
2026-08-14,0,hes7627,4,4,3,1,1,,1,1
2026-08-14,0,HES6556,6,5,0,5,,,0,0
2026-08-14,0,hes6179,8,7,5,1,5,3,0,0
2026-08-14,0,frasahakarnagar1,19,18,9,0,1,,0,0
2026-08-14,0,hes5745,1,1,0,1,,,0,0
2026-08-14,1,hes8968,2,2,0,2,,,0,0
2026-08-14,0,hes5487,2,2,2,0,2,,0,0
2026-08-14,0,hes6274,4,4,2,1,1,,0,0
2026-08-14,0,icsats106797,8,8,7,0,6,2,1,0
2026-08-14,0,HES5610,5,4,0,4,,,0,0
2026-08-14,0,frapuducherry1,11,7,7,0,,,0,0
2026-08-14,0,HES3381,11,11,10,0,6,1,0,0
2026-08-14,0,rmdn7040,3,3,3,0,3,1,1,1
2026-08-14,0,hes8524,3,3,0,1,,,1,1
2026-08-14,0,hes7869,29,25,12,11,17,8,0,0
2026-08-14,0,HES6495,1,1,1,0,,,0,0
2026-08-14,0,HES0325,11,9,0,8,2,1,1,1
2026-08-14,0,hes8982,1,1,1,0,1,,0,0
2026-08-14,0,rmdn8555,2,2,2,0,1,,0,0
2026-08-14,0,fra00324,1,1,1,0,1,,0,0
2026-08-14,0,hes6471,7,6,2,4,3,,0,0
2026-08-14,0,hes6783,5,5,0,4,2,1,1,0
2026-08-14,0,hes5658,4,3,0,2,3,,0,0
2026-08-14,0,HES5970,6,4,2,2,1,,0,0
2026-08-14,0,hes6905,7,7,0,6,,,0,0
2026-08-14,0,HES4221,4,4,1,2,1,,0,0
2026-08-14,0,rmdn6546,4,3,0,2,2,,0,0
2026-08-14,0,hes9424,4,4,2,1,2,,0,0
2026-08-14,0,hes9021,2,2,2,0,2,,0,0
2026-08-14,0,hes9034,2,2,1,1,1,,0,0
2026-08-14,0,HES4951,1,1,0,0,,,0,0
2026-08-14,0,HES4118,19,15,10,0,14,2,1,0
2026-08-14,0,hes6100,4,3,0,3,,,0,0
2026-08-14,0,HES7343,4,4,0,4,,,1,1
2026-08-14,0,franagpur1,4,3,3,0,,,0,0
2026-08-14,0,hes5875,13,12,7,5,4,,0,0
2026-08-14,0,hes6619,1,1,0,0,,,0,0
2026-08-14,0,HES5130,1,1,0,1,,,0,0
2026-08-14,0,hes6546,1,1,1,0,,,0,0
2026-08-14,0,hes7992,6,6,1,5,,,0,0
2026-08-14,0,hes8756,2,2,1,1,,,0,0
2026-08-14,0,hes6910,7,5,2,3,,,0,0
2026-08-14,0,rmdn8566,12,8,0,7,4,,0,0
2026-08-14,0,rmdn8416,15,13,3,8,6,1,1,1
2026-08-14,0,FRA00117,4,4,2,2,,,0,0
2026-08-14,0,hes7679,4,3,2,1,1,1,0,0
2026-08-14,0,HES8532,6,5,0,5,,,0,0
2026-08-14,0,hes6423,1,1,1,0,1,,0,0
2026-08-14,0,hes8048,24,23,19,4,8,3,2,2
2026-08-14,0,hes6131,8,7,1,6,1,,0,0
2026-08-14,0,icsats91506,7,6,5,0,6,2,0,0
2026-08-14,0,hes7625,4,4,4,0,3,1,1,1
2026-08-14,0,hes7516,5,3,0,3,,,0,0
2026-08-14,0,hes7186,2,2,0,2,,,0,0
2026-08-14,0,hes8492,3,2,0,2,,,0,0
2026-08-14,0,hes6557,1,1,0,1,,,0,0
2026-08-14,0,hes8845,2,2,0,2,,,0,0
2026-08-14,0,HES4817,2,2,0,2,,,0,0
2026-08-14,0,hes6376,1,1,0,0,,,0,0
2026-08-14,0,HES6974,1,1,0,0,,,0,0
2026-08-14,0,FRA00258,16,13,2,11,,,2,2
2026-08-14,0,HES4061,6,5,0,5,,,0,0
2026-08-14,1,hes6783,3,3,1,2,3,2,1,0
2026-08-14,0,hes5904,1,1,1,0,1,1,0,0
2026-08-14,0,rmdn6887,2,2,0,2,,,0,0
2026-08-14,0,icsats91558,21,17,7,10,7,,0,0
2026-08-14,0,hes7284,7,5,0,5,,,1,1
2026-08-14,0,RMDN8370,5,5,4,0,4,,0,0
2026-08-14,0,FRA00080,2,2,2,0,2,,0,0
2026-08-14,0,hes7201,3,2,1,1,2,,0,0
2026-08-14,0,hes6099,7,6,6,0,7,5,0,0
2026-08-14,0,HES3959,11,10,9,0,5,,0,0
2026-08-14,0,hes7271,21,18,0,18,,,0,0
2026-08-14,0,hes7506,18,18,17,0,10,2,2,2
2026-08-14,0,HES2231,1,1,0,1,,,0,0
2026-08-14,0,hes5484,1,1,1,0,1,,0,0
2026-08-14,0,hes8105,1,1,1,0,1,,0,0
2026-08-14,0,hes6191,21,20,0,16,1,1,1,1
2026-08-14,0,fraghatkopar02,6,6,0,5,,,0,0
2026-08-14,0,rmdn8748,9,7,0,5,,,0,0
2026-08-14,0,HES7311,14,9,0,10,,,0,0
2026-08-14,0,hes7449,8,8,0,7,6,,0,0
2026-08-14,0,frarajourigarden4,2,2,1,0,,,0,0
2026-08-14,0,FRA00167,1,1,1,0,,,0,0
2026-08-14,0,rmdn5933,20,17,6,11,1,,0,0
2026-08-14,0,RMDN1734,6,5,3,2,3,,0,0
2026-08-14,1,HES4692,2,2,1,1,,,0,0
2026-08-14,0,HES2437,3,3,3,0,3,,0,0
2026-08-14,0,hes5442,2,2,1,1,,,0,0
2026-08-14,0,hes8798,1,1,1,0,,,0,0
2026-08-14,0,hes7306,16,14,3,10,,,0,0
2026-08-14,0,fra00334,9,6,0,5,,,0,0
2026-08-14,0,hes8686,1,1,0,1,,,0,0
2026-08-14,0,hes7572,20,17,1,15,1,1,0,0
2026-08-14,1,hes7195,5,4,0,4,,,0,0
2026-08-14,1,hes7920,2,2,2,0,1,,0,0
2026-08-14,0,hes7866,5,5,0,4,,,0,0
2026-08-14,0,FRA00090,5,4,4,0,5,,0,0
2026-08-14,1,HES6510,2,1,1,0,,,0,0
2026-08-14,0,hes8645,4,4,4,0,1,,0,0
2026-08-14,0,hes8236,4,3,0,3,1,,0,0
2026-08-14,0,fraadajan1,2,2,0,1,,,0,0
2026-08-14,0,HES3731,1,1,1,0,,,0,0
2026-08-14,0,hes6014,9,8,7,1,6,2,0,0
2026-08-14,0,hes5113,9,7,0,7,,,0,0
2026-08-14,0,frakoramangala3,4,4,0,4,,,0,0
2026-08-14,0,HES3459,6,4,4,0,6,,0,0
2026-08-14,0,hes5713,6,5,1,4,5,1,0,0
2026-08-14,0,HES8433,5,5,5,0,2,,0,0
2026-08-14,1,hes8927,7,5,0,5,,,0,0
2026-08-14,0,hes6665,6,4,1,3,1,,0,0
2026-08-14,0,frawhitefield1,1,1,1,0,,,1,1
2026-08-14,0,HES4556,2,2,2,0,2,,0,0
2026-08-14,0,hes9249,3,2,1,1,2,,0,0
2026-08-14,0,HES5748,6,5,0,5,,,0,0
2026-08-14,0,fraandheri2,2,2,2,0,,,0,0
2026-08-14,0,hes5321,8,8,4,2,4,,0,0
2026-08-14,0,hes9099,15,15,4,10,,,0,0
2026-08-14,0,hes5925,4,4,4,0,4,,0,0
2026-08-14,0,icsats96098,15,15,15,0,9,,0,0
2026-08-14,0,hes7674,4,4,3,0,1,,0,0
2026-08-14,0,hes8156,2,1,0,1,2,,0,0
2026-08-14,0,HES6845,1,1,1,0,1,,0,0
2026-08-14,0,HES8197,1,1,1,0,1,1,0,0
2026-08-14,0,HES7754,1,1,0,1,,,0,0
2026-08-14,1,hes8455,3,3,1,1,1,,0,0
2026-08-14,0,HES7473,8,7,6,0,7,,1,1
2026-08-14,0,hes7268,3,3,0,3,,,0,0
2026-08-14,0,hes8554,4,4,0,4,,,0,0
2026-08-14,0,HES6510,4,4,4,0,1,,0,0
2026-08-14,0,HES3828,4,3,2,1,2,1,1,1
2026-08-14,0,hes6373,14,13,5,5,4,1,1,1
2026-08-14,0,frabhopal1,9,8,3,5,,,1,1
2026-08-14,0,HES7844,21,19,4,15,10,1,1,0
2026-08-14,0,hes9177,7,6,0,6,1,,0,0
2026-08-14,0,hes6298,13,12,3,7,4,1,2,1
2026-08-14,0,hes7492,1,1,1,0,,,0,0
2026-08-14,0,HES0897,2,2,2,0,,,0,0
2026-08-14,0,hes7948,13,12,2,9,,,0,0
2026-08-14,0,hes8223,1,1,0,1,,,0,0
2026-08-14,0,HES0803,3,3,1,2,,,0,0
2026-08-14,0,HES2784,1,1,1,0,,,0,0
2026-08-14,0,HES6712,4,3,3,0,4,1,1,1
2026-08-14,0,HES4174,7,6,2,4,1,,0,0
2026-08-14,0,hes6875,4,3,3,0,4,,0,0
2026-08-14,0,hes8042,2,2,2,0,2,,0,0
2026-08-14,0,rmdn7229,2,2,2,0,2,,0,0
2026-08-14,0,fra00282,2,2,0,2,,,0,0
2026-08-14,0,HES7367,18,18,18,0,17,3,1,1
2026-08-14,0,frapuducherry2,1,1,1,0,,,0,0
2026-08-14,0,hes5098,1,1,0,1,,,0,0
2026-08-14,0,HES1897,3,3,0,3,,,0,0
2026-08-14,0,hes8287,1,1,1,0,1,,0,0
2026-08-14,0,hes5559,1,1,1,0,,,0,0
2026-08-14,0,hes8333,2,2,2,0,2,1,0,0
2026-08-14,0,hes5997,4,4,4,0,4,,0,0
2026-08-14,0,hes8076,7,7,5,2,5,1,1,1
2026-08-14,0,HES4448,6,5,0,5,,,0,0
2026-08-14,0,flm0009,4,3,0,3,,,0,0
2026-08-14,0,hes7978,6,6,6,0,6,,0,0
2026-08-14,0,hes6043,3,3,0,1,1,,0,0
2026-08-14,0,icsats106795,12,12,10,0,3,1,0,0
2026-08-14,0,hes8417,26,25,12,10,5,1,0,0
2026-08-14,0,hes7843,2,2,0,2,,,0,0
2026-08-14,0,hes7493,6,5,3,2,2,2,1,1
2026-08-14,0,hes8757,7,5,4,1,4,,0,0
2026-08-14,0,rmdn8240,13,9,0,8,7,,0,0
2026-08-14,0,frafaridabad001,2,2,2,0,,,0,0
2026-08-14,0,hes7854,12,12,5,6,5,1,1,1
2026-08-14,0,hes7930,4,4,1,3,,,0,0
2026-08-14,0,icsats86677,12,11,10,0,7,2,1,1
2026-08-14,0,hes5557,5,4,1,2,3,1,0,0
2026-08-14,0,HES3942,2,1,1,0,2,,0,0
2026-08-14,0,hes9059,18,17,9,7,2,,0,0
2026-08-14,0,HES1751,3,2,1,0,2,,0,0
2026-08-14,0,rmdn8552,1,1,0,1,,,0,0
2026-08-14,0,hes9401,10,9,6,3,2,,0,0
2026-08-14,0,hes8131,2,2,1,1,,,0,0
2026-08-14,0,HES7358,2,2,2,0,1,,0,0
2026-08-14,0,HES5279,1,1,1,0,1,,0,0
2026-08-14,0,fra00318,1,1,0,1,,,0,0
2026-08-14,0,hes7671,11,11,6,0,,,0,0
2026-08-14,0,rmdn8196,5,5,5,0,5,,0,0
2026-08-14,0,hes5644,7,7,3,4,2,1,1,1
2026-08-14,0,hes7183,5,5,5,0,5,1,0,0
2026-08-14,0,HES7727,1,1,0,1,,,0,0
2026-08-14,0,hes6583,12,11,3,7,6,2,0,0
2026-08-14,0,hes9269,5,3,0,3,,,1,1
2026-08-14,0,frajaipur03,1,1,0,1,,,0,0
2026-08-14,0,hes7653,6,6,6,0,6,,0,0
2026-08-14,0,hes6664,5,4,3,0,1,,0,0
2026-08-14,0,HES0993,31,27,15,10,11,2,0,0
2026-08-14,0,hes8825,3,3,0,3,,,0,0
2026-08-14,0,fra00266,5,5,0,5,1,,0,0
2026-08-14,0,hes6753,1,1,1,0,,,0,0
2026-08-14,0,hes6497,1,1,0,1,,,0,0
2026-08-14,0,HES5255,1,1,1,0,,,0,0
2026-08-14,0,hes8560,14,13,12,0,11,,0,0
2026-08-14,0,hes9204,3,3,3,0,1,,0,0
2026-08-14,0,hes9232,5,5,1,3,,,1,1
2026-08-14,0,flm0065,5,5,0,4,,,0,0
2026-08-14,0,hes9270,1,1,0,1,,,0,0
2026-08-14,0,HES2608,11,9,0,9,6,,1,1
2026-08-14,0,HES2358,3,2,1,1,1,1,1,1
2026-08-14,0,HES4544,3,3,3,0,3,,0,0
2026-08-14,0,HES5411,12,11,5,6,2,,1,1
2026-08-14,0,ICSATS103168,2,2,2,0,1,1,0,0
2026-08-14,0,frasouthex2,5,4,1,3,,,0,0
2026-08-14,0,hes7616,2,1,0,1,2,,0,0
2026-08-14,0,flm0006,1,1,0,1,,,0,0
2026-08-14,0,fravaranasi3,1,1,0,0,,,0,0
2026-08-14,0,hes8718,2,2,2,0,1,,0,0
2026-08-14,0,hes7677,5,5,2,3,2,,0,0
2026-08-14,0,fra00277,8,8,4,2,2,,0,0
2026-08-14,0,HES7726,10,8,0,8,1,,0,0
2026-08-14,0,FRA00100,4,4,1,2,,,0,0
2026-08-14,0,HES6224,2,2,1,1,1,,0,0
2026-08-14,1,hes8646,1,1,1,0,,,0,0
2026-08-14,0,hes6621,2,1,0,1,,,0,0
2026-08-14,0,rmdn8744,16,15,5,10,11,3,1,1
2026-08-14,0,hes7857,2,2,0,2,,,0,0
2026-08-14,0,HES5869,7,6,4,2,,,0,0
2026-08-14,0,HES5945,6,6,6,0,5,,0,0
2026-08-14,0,hes5932,4,4,4,0,3,1,0,0
2026-08-14,0,hes8641,1,1,1,0,,,0,0
2026-08-14,0,hes9228,1,1,0,1,,,0,0
2026-08-14,0,FRA00038,1,1,1,0,1,,0,0
2026-08-14,0,hes8828,3,3,2,1,2,1,0,0
2026-08-14,0,hes5704,1,1,0,1,1,,0,0
2026-08-14,0,hes6932,2,2,2,0,,,0,0
2026-08-14,0,hes7924,3,3,0,3,,,0,0
2026-08-14,0,icsats100316,33,33,26,0,23,6,1,1
2026-08-14,0,hes8973,1,1,0,1,,,0,0
2026-08-14,0,hes7461,8,6,0,6,,,3,1
2026-08-14,0,hes6690,11,10,2,7,1,1,0,0
2026-08-14,0,HES4532,1,1,0,1,,,0,0
2026-08-14,0,hes6438,1,1,1,0,1,,0,0
2026-08-14,0,rmdn7049,18,18,12,5,10,1,0,0
2026-08-14,0,icsats81376,9,9,9,0,7,2,1,1
2026-08-14,0,hes8736,3,2,0,2,2,,0,0
2026-08-14,0,HES4113,3,3,1,2,1,,0,0
2026-08-14,0,hes9403,20,15,0,15,3,,0,0
2026-08-14,0,hes7961,2,2,1,1,1,,0,0
2026-08-14,0,HES4511,3,2,2,0,3,2,1,1
2026-08-14,0,ICSATS99349,11,11,11,0,10,,0,0
2026-08-14,0,frarajourigarden3,1,1,1,0,,,0,0
2026-08-14,0,hes9246,2,2,2,0,1,,0,0
2026-08-14,0,HES4166,10,8,3,4,5,,1,1
2026-08-14,0,hes9290,6,6,1,4,3,,0,0
2026-08-14,0,hes8203,2,2,1,1,,,0,0
2026-08-14,0,hes5079,7,6,2,3,1,,0,0
2026-08-14,0,hes7620,10,8,7,1,3,2,0,0
2026-08-14,0,FRA00313,18,16,0,16,,,0,0
2026-08-14,0,HES3629,2,2,0,2,,,0,0
2026-08-14,0,HES3693,1,1,0,1,,,0,0
2026-08-14,0,flm0111,4,2,0,2,,,0,0
2026-08-14,0,hes5638,1,1,1,0,1,1,0,0
2026-08-14,0,frabalewadi001,22,19,0,15,,,0,0
2026-08-14,0,hes6054,7,7,7,0,7,,0,0
2026-08-14,0,hes5503,27,24,5,16,4,3,1,1
2026-08-14,0,rmdn8272,2,2,2,0,2,,0,0
2026-08-14,0,hes6568,2,2,2,0,2,,0,0
2026-08-14,0,hes7943,12,11,3,8,5,1,0,0
2026-08-14,0,hes7448,15,13,7,4,3,,1,1
2026-08-14,0,hes8452,4,4,2,1,2,1,0,0
2026-08-14,0,rmdn3662,5,5,5,0,3,1,0,0
2026-08-14,0,hes5327,39,30,2,27,8,3,0,0
2026-08-14,0,ASHMEETK,15,14,0,12,,,0,0
2026-08-14,0,flm0007,3,2,0,2,2,,0,0
2026-08-14,0,hes9091,2,2,0,2,1,,1,1
2026-08-14,0,rmdn3759,7,7,3,0,3,,0,0
2026-08-14,0,frahydhills2,7,6,4,0,2,,2,2
2026-08-14,0,fra00133,4,3,0,2,,,2,2
2026-08-14,0,hes7138,7,7,1,6,,,0,0
2026-08-14,0,hes9053,4,4,0,4,,,0,0
2026-08-14,0,hes8230,4,4,4,0,4,,0,0
2026-08-14,0,hes7925,11,10,5,5,1,,0,0
2026-08-14,0,HES7512,12,11,10,0,9,1,1,1
2026-08-14,0,hes7489,2,2,2,0,,,0,0
2026-08-14,0,HES7070,3,2,1,1,2,,0,0
2026-08-14,0,FRA00068,5,4,0,3,,,0,0
2026-08-14,0,fragomtinagar1,8,6,5,1,,,0,0
2026-08-14,0,HES3823,5,5,5,0,2,,0,0
2026-08-14,0,hes6148,6,6,0,6,,,0,0
2026-08-14,0,hes8459,8,7,1,6,,,0,0
2026-08-14,0,icsats99353,18,17,17,0,13,3,0,0
2026-08-14,0,fragorakhpur03,2,2,0,2,,,0,0
2026-08-14,0,HES2717,2,1,0,1,,,0,0
2026-08-14,0,hes8030,2,2,2,0,2,,0,0
2026-08-14,0,hes5799,5,4,2,2,2,,0,0
2026-08-14,0,ICSATS81163,1,1,1,0,1,,0,0
2026-08-14,0,hes7521,6,4,0,4,,,0,0
2026-08-14,0,icsats77190,2,1,1,0,2,,0,0
2026-08-14,0,hes6916,10,9,5,4,2,1,1,1
2026-08-14,0,HES6567,1,1,1,0,,,0,0
2026-08-14,0,hes9390,1,1,1,0,1,1,0,0
2026-08-14,0,frasola3,2,1,0,1,,,0,0
2026-08-14,0,hes9388,2,1,1,0,2,,0,0
2026-08-14,0,hes8663,1,1,1,0,1,,0,0
2026-08-14,0,rmdn1726,1,1,1,0,1,,0,0
2026-08-14,0,hes9240,13,11,10,0,9,1,1,0
2026-08-14,0,HES4877,3,2,1,1,,,0,0
2026-08-14,0,HES8307,1,1,1,0,,,0,0
2026-08-14,0,hes6429,7,7,3,2,3,,0,0
2026-08-14,0,hes7488,11,10,10,0,,,0,0
2026-08-14,0,fravaishalinagar6,4,2,1,1,,,0,0
2026-08-14,0,frasbopal05,2,1,0,1,,,0,0
2026-08-14,0,hes8505,12,10,3,7,1,,0,0
2026-08-14,0,hes8375,14,12,3,9,1,,0,0
2026-08-14,0,hes7638,3,3,2,1,2,2,1,1
2026-08-14,0,hes5125,7,7,6,0,4,1,0,0
2026-08-14,0,RMDN8311,14,13,12,1,11,,0,0
2026-08-14,0,HES4324,5,5,4,1,3,,0,0
2026-08-14,0,hes6527,6,5,4,1,3,1,0,0
2026-08-14,0,hes8592,1,1,0,1,,,0,0
2026-08-14,0,hes5880,1,1,0,1,,,0,0
2026-08-14,0,hes6893,4,4,0,4,,,0,0
2026-08-14,0,hes8527,3,2,0,2,,,0,0
2026-08-14,0,hes6653,4,4,0,4,1,1,0,0
2026-08-14,1,HES6819,2,2,2,0,1,,0,0
2026-08-14,0,flm0155,3,2,0,2,,,0,0
2026-08-14,0,hes5612,3,2,0,2,3,,0,0
2026-08-14,0,hes6578,13,12,6,6,,,0,0
2026-08-14,0,FRA00195,5,5,0,4,,,1,1
2026-08-14,1,ins1231,2,1,0,1,2,2,0,0
2026-08-14,0,frahadapsar4,8,7,2,5,2,1,0,0
2026-08-14,0,hes8444,4,4,0,4,,,0,0
2026-08-14,0,hes6436,1,1,0,1,,,0,0
2026-08-14,0,FRA00144,10,9,3,6,3,,1,1
2026-08-14,0,HES6930,1,1,1,0,,,0,0
2026-08-14,0,hes7689,7,6,5,0,4,1,0,0
2026-08-14,0,hes5476,1,1,1,0,1,,0,0
2026-08-14,0,hes6938,29,27,12,13,2,2,1,1
2026-08-14,0,frakolhapur3,5,4,0,4,,,0,0
2026-08-14,0,HES4962,1,1,1,0,1,,0,0
2026-08-14,0,frasbopal04,1,1,1,0,,,0,0
2026-08-14,0,hes8027,1,1,0,1,,,0,0
2026-08-14,0,rmdn8273,10,10,10,0,10,1,1,1
2026-08-14,0,hes8443,9,6,6,0,9,3,1,0
2026-08-14,0,HES5091,3,3,3,0,2,1,1,1
2026-08-14,0,fravizag2,1,1,0,1,,,0,0
2026-08-14,1,FRA00068,2,1,0,1,,,0,0
2026-08-14,0,HES6592,5,5,5,0,1,,0,0
2026-08-14,0,hes6523,10,7,0,7,,,0,0
2026-08-14,0,hes6881,17,15,15,0,16,1,0,0
2026-08-14,0,hes7567,12,9,5,3,3,2,1,0
2026-08-14,0,icsats88688,1,1,1,0,1,1,1,1
2026-08-14,0,hes9328,2,2,1,0,1,1,0,0
2026-08-14,0,hes7761,4,3,0,3,,,0,0
2026-08-14,0,HES5426,1,1,1,0,,,0,0
2026-08-14,0,rmdn8419,3,2,0,2,,,0,0
2026-08-14,0,HES6144,10,8,0,7,,,0,0
2026-08-14,0,rmdn1559,6,5,5,0,3,,0,0
2026-08-14,0,frahub01,5,4,0,3,,,0,0
2026-08-14,0,hes5531,7,6,3,2,1,1,1,1
2026-08-14,0,hes9321,1,1,0,1,,,0,0
2026-08-14,0,hes6931,8,7,4,3,6,,0,0
2026-08-14,0,hes6904,7,6,5,1,,,0,0
2026-08-14,0,icsats92875,5,5,5,0,1,,0,0
2026-08-14,0,hes6927,1,1,1,0,,,0,0
2026-08-14,0,HES2137,4,4,1,2,,,0,0
2026-08-14,0,hes8900,15,15,11,4,9,,0,0
2026-08-14,0,hes9126,2,1,1,0,2,,0,0
2026-08-14,0,HES2933,6,6,5,0,4,1,1,0
2026-08-14,0,HES4171,1,1,1,0,1,1,1,0
2026-08-14,0,hes7877,1,1,1,0,1,,0,0
2026-08-14,0,hes7125,3,3,1,2,,,0,0
2026-08-14,0,hes8188,2,1,0,1,,,0,0
2026-08-14,0,fra00364,6,6,6,0,1,,0,0
2026-08-14,0,saratbose001,1,1,1,0,,,0,0
2026-08-14,0,hes7859,8,7,2,4,4,2,0,0
2026-08-14,0,hes6534,6,5,2,2,,,0,0
2026-08-14,0,hes7725,4,4,3,0,3,,0,0
2026-08-14,0,rmdn4078,15,13,6,6,2,,0,0
2026-08-14,0,HES7595,8,8,7,0,6,,0,0
2026-08-14,0,fra00355,9,7,0,6,,,0,0
2026-08-14,0,hes6047,5,4,0,4,1,1,1,1
2026-08-13,0,HES4856,8,8,7,0,6,1,0,0
2026-08-13,0,HES7059,5,4,0,4,,,0,0
2026-08-13,0,HES5848,6,5,1,3,1,,0,0
2026-08-13,0,HES3459,3,2,2,0,3,,0,0
2026-08-13,0,fraborivali2,5,3,0,3,,,0,0
2026-08-13,0,hes8505,2,1,1,0,2,,0,0
2026-08-13,0,hes5462,3,3,2,1,1,,0,0
2026-08-13,0,HES4548,19,17,11,6,5,,0,0
2026-08-13,0,hes7469,2,2,2,0,1,,0,0
2026-08-13,0,FRA00167,3,3,1,2,,,1,1
2026-08-13,0,hes6916,16,15,6,9,5,2,1,1
2026-08-13,0,hes6527,36,30,27,3,20,,0,0
2026-08-13,0,HES2527,1,1,1,0,1,1,0,0
2026-08-13,0,HES2541,2,2,0,2,,,0,0
2026-08-13,0,fragorakhpur03,8,6,0,6,,,0,0
2026-08-13,0,hes7521,6,5,0,5,,,0,0
2026-08-13,0,hes6373,41,38,17,18,9,5,0,0
2026-08-13,0,fravaishalinagar4,4,3,1,2,1,,1,1
2026-08-13,0,HES7648,16,15,14,0,11,1,1,0
2026-08-13,0,hes8236,4,2,0,2,,,0,0
2026-08-13,0,hes6034,7,7,5,1,2,1,0,0
2026-08-13,0,hes9091,2,2,1,1,2,,0,0
2026-08-13,0,fra00324,2,2,1,1,1,,0,0
2026-08-13,0,fra00346,3,2,2,0,3,2,0,0
2026-08-13,0,rmdn8240,4,3,0,3,1,,0,0
2026-08-13,0,hes7214,4,4,2,2,1,,0,0
2026-08-13,0,hes7271,19,17,0,16,1,,1,1
2026-08-13,0,hes6578,5,5,3,2,,,0,0
2026-08-13,0,hes8985,1,1,0,1,,,0,0
2026-08-13,0,hes7338,4,4,4,0,4,,0,0
2026-08-13,0,hes9140,7,5,5,0,7,3,0,0
2026-08-13,0,flm0074,2,2,0,0,,,0,0
2026-08-13,0,hes6905,2,2,1,1,1,,0,0
2026-08-13,0,HES6956,8,5,0,5,,,0,0
2026-08-13,0,HES3269,3,3,1,2,1,,0,0
2026-08-13,0,FRA00195,12,12,3,8,2,1,1,1
2026-08-13,0,HES3398,2,2,1,1,1,1,1,0
2026-08-13,0,fragomtinagar4,8,8,0,8,,,0,0
2026-08-13,0,rmdn7054,14,13,6,5,3,,0,0
2026-08-13,0,hes6938,2,1,0,1,,,0,0
2026-08-13,0,frainfantryroad1,2,1,0,1,,,0,0
2026-08-13,0,HES5096,5,5,1,3,,,0,0
2026-08-13,0,hes6047,2,2,1,1,1,,0,0
2026-08-13,0,icsats88688,1,1,1,0,1,,0,0
2026-08-13,0,HES5254,4,4,2,1,1,,0,0
2026-08-13,0,hes9230,10,9,8,0,9,,0,0
2026-08-13,0,frabalewadi002,4,4,2,2,,,0,0
2026-08-13,0,hes5526,4,3,2,1,,,0,0
2026-08-13,0,hes6639,9,8,8,0,8,,0,0
2026-08-13,0,hes8455,5,4,1,3,,,0,0
2026-08-13,0,hes6158,1,1,0,1,,,0,0
2026-08-13,0,RMDN8370,7,7,7,0,5,,0,0
2026-08-13,0,hes6052,7,7,7,0,6,1,0,0
2026-08-13,0,hes8090,2,1,0,1,,,0,0
2026-08-13,1,hes9227,8,8,5,3,7,1,0,0
2026-08-13,0,hes8142,2,2,1,1,,,0,0
2026-08-13,0,hes5488,2,2,2,0,2,,0,0
2026-08-13,0,HES8532,2,2,0,2,,,0,0
2026-08-13,0,HES5970,16,9,1,8,1,1,1,1
2026-08-13,0,frakolhapur3,5,5,0,5,2,,0,0
2026-08-13,0,hes6927,9,8,0,8,,,0,0
2026-08-13,0,hes6967,4,3,3,0,3,,0,0
2026-08-13,0,fraadajan2,3,2,1,1,,,0,0
2026-08-13,0,hes7547,2,2,0,2,,,1,1
2026-08-13,0,fraludhiana2,6,6,6,0,,,0,0
2026-08-13,0,fravaishalinagar1,8,8,0,6,,,0,0
2026-08-13,0,hes8798,6,6,6,0,6,1,0,0
2026-08-13,0,hes6429,1,1,0,1,,,0,0
2026-08-13,0,HES6845,7,6,6,0,6,1,0,0
2026-08-13,0,hes8271,7,6,6,0,2,,0,0
2026-08-13,0,HES4115,3,3,0,3,,,0,0
2026-08-13,1,hes8816,1,1,1,0,,,0,0
2026-08-13,0,frapuducherry1,7,5,4,0,,,0,0
2026-08-13,0,hes9021,1,1,1,0,1,,0,0
2026-08-13,0,hes8946,2,2,2,0,1,,0,0
2026-08-13,0,fraggn1,6,4,4,0,4,,0,0
2026-08-13,0,HES5279,7,7,7,0,1,,0,0
2026-08-13,0,HES4473,1,1,0,0,,,0,0
2026-08-13,0,hes7724,10,8,8,0,3,,0,0
2026-08-13,0,hes9390,3,3,3,0,3,,0,0
2026-08-13,0,hes6376,2,2,1,1,1,,0,0
2026-08-13,0,hes9232,12,11,0,9,3,1,0,0
2026-08-13,0,HES0325,4,3,0,3,3,1,0,0
2026-08-13,0,RMDN1132,2,2,1,0,1,1,1,1
2026-08-13,0,hes5527,4,4,4,0,3,,0,0
2026-08-13,0,flm0007,1,1,0,1,,,0,0
2026-08-13,1,hes8573,2,2,1,1,,,0,0
2026-08-13,0,flm0166,1,1,0,1,1,,0,0
2026-08-13,0,hes7971,4,4,3,1,3,,0,0
2026-08-13,0,hes9252,1,1,0,1,,,0,0
2026-08-13,0,HES0504,14,14,12,1,10,4,1,1
2026-08-13,0,HES1751,1,1,1,0,1,,0,0
2026-08-13,0,fra00323,2,1,1,0,,,0,0
2026-08-13,0,hes5922,3,2,2,0,3,,0,0
2026-08-13,0,hes8175,8,5,0,5,2,,0,0
2026-08-13,0,HES5161,7,7,0,7,3,1,0,0
2026-08-13,0,flm0155,1,1,0,1,,,0,0
2026-08-13,0,HES7595,17,16,16,0,11,3,0,0
2026-08-13,0,frasbopal05,2,1,0,1,,,0,0
2026-08-13,0,rmdn5249,37,36,32,1,26,4,0,0
2026-08-13,0,ICSATS99349,4,4,4,0,3,,0,0
2026-08-13,0,hes5805,1,1,1,0,1,,0,0
2026-08-13,0,hes9382,9,8,8,0,7,3,0,0
2026-08-13,0,hes7961,10,8,1,7,,,0,0
2026-08-13,0,hes7516,6,6,0,6,,,0,0
2026-08-13,0,hes6983,6,6,5,1,3,,0,0
2026-08-13,0,HES5876,19,19,8,11,6,,1,1
2026-08-13,0,hes6980,5,4,0,4,,,0,0
2026-08-13,0,hes7143,3,2,0,2,1,1,1,1
2026-08-13,0,hes5816,1,1,0,1,,,0,0
2026-08-13,0,HES2037,1,1,0,1,,,0,0
2026-08-13,0,HES4962,1,1,0,1,,,0,0
2026-08-13,0,hes9150,25,22,6,15,17,,0,0
2026-08-13,1,HES5417,1,1,0,1,,,0,0
2026-08-13,0,hes7574,2,2,0,2,,,0,0
2026-08-13,0,HES4453,9,9,5,3,2,,0,0
2026-08-13,0,hes7765,9,7,1,5,2,2,1,1
2026-08-13,0,hes9111,3,2,0,2,,,0,0
2026-08-13,0,HES5748,4,4,0,4,1,,0,0
2026-08-13,0,rmdn6887,7,6,2,4,,,1,1
2026-08-13,0,hes7288,5,4,2,2,,,0,0
2026-08-13,0,HES7473,6,6,5,1,5,,0,0
2026-08-13,0,HES6403,3,2,0,2,,,0,0
2026-08-13,0,fragorakhpur05,2,2,0,1,,,0,0
2026-08-13,0,HES4448,4,4,1,3,1,,0,0
2026-08-13,0,hes8651,18,13,6,7,,,0,0
2026-08-13,0,HES4828,6,4,0,4,,,0,0
2026-08-13,0,SHARMISHTHAD,5,4,3,0,3,,0,0
2026-08-13,0,FRA00126,2,2,2,0,,,0,0
2026-08-13,0,HES4956,12,11,2,8,2,,1,0
2026-08-13,0,HES7368,3,2,1,1,1,1,0,0
2026-08-13,0,hes8212,1,1,1,0,1,,0,0
2026-08-13,0,hes6889,12,10,10,0,9,6,0,0
2026-08-13,1,HES6146,1,1,0,0,,,0,0
2026-08-13,0,hes7614,8,8,8,0,3,,0,0
2026-08-13,0,hes7273,8,7,7,0,8,,0,0
2026-08-13,0,HES4061,14,12,0,12,,,1,0
2026-08-13,0,hes7731,6,6,6,0,1,,0,0
2026-08-13,0,hes8284,15,13,0,11,,,1,1
2026-08-13,0,hes9264,6,4,0,4,,,0,0
2026-08-13,0,flm0098,1,1,0,1,,,0,0
2026-08-13,0,hes6323,13,12,11,0,10,,0,0
2026-08-13,0,frasouthex2,1,1,1,0,,,0,0
2026-08-13,0,icsats95268,7,7,7,0,7,,0,0
2026-08-13,0,hes8792,1,1,0,1,,,0,0
2026-08-13,0,hes8849,3,2,1,1,,,0,0
2026-08-13,0,hes8839,2,1,0,1,,,0,0
2026-08-13,0,HES2137,8,6,2,4,,,0,0
2026-08-13,0,hes6117,6,6,0,5,,,0,0
2026-08-13,0,hes8279,11,10,6,4,4,1,0,0
2026-08-13,0,flm0089,2,1,0,1,,,0,0
2026-08-13,0,hes5321,10,8,2,3,3,3,3,3
2026-08-13,0,framathura1,1,1,0,1,,,0,0
2026-08-13,0,fraannasalai1,2,2,0,2,,,0,0
2026-08-13,0,hes9123,2,2,0,2,,,0,0
2026-08-13,0,hes7549,8,7,0,3,,,0,0
2026-08-13,0,frabelapur1,11,8,8,0,4,3,1,1
2026-08-13,1,hes9106,1,1,1,0,,,0,0
2026-08-13,0,frajamshedpur1,1,1,1,0,,,0,0
2026-08-13,0,hes8969,11,11,5,6,3,1,1,1
2026-08-13,0,HES5556,5,5,2,3,4,,0,0
2026-08-13,0,HES7719,2,2,0,2,,,0,0
2026-08-13,0,hes6148,4,2,0,2,,,0,0
2026-08-13,0,hes9144,2,1,0,1,,,0,0
2026-08-13,0,FRA00026,5,5,4,0,3,,0,0
2026-08-13,0,rmdn8552,3,3,0,3,,,0,0
2026-08-13,0,rmdn3662,14,12,3,9,4,1,0,0
2026-08-13,0,frasaratbose1,2,2,0,2,,,0,0
2026-08-13,0,flm0049,1,1,1,0,1,,0,0
2026-08-13,0,hes8069,3,3,0,0,,,0,0
2026-08-13,0,hes6471,8,8,2,6,1,,0,0
2026-08-13,0,hes5132,5,5,5,0,5,3,1,1
2026-08-13,0,hes5943,9,9,9,0,7,,0,0
2026-08-13,0,HES2524,4,3,3,0,4,,0,0
2026-08-13,0,hes5658,8,8,2,5,2,,0,0
2026-08-13,0,hes7233,11,8,7,0,7,,0,0
2026-08-13,0,hes8156,4,2,0,2,2,,0,0
2026-08-13,0,hes7428,1,1,0,1,,,0,0
2026-08-13,0,FRA00214,1,1,0,1,,,0,0
2026-08-13,0,fra00280,1,1,0,1,,,0,0
2026-08-13,0,hes7787,1,1,0,1,1,,0,0
2026-08-13,0,frahub01,2,2,0,2,,,0,0
2026-08-13,0,hes8397,9,7,4,1,5,1,0,0
2026-08-13,0,hes6007,2,2,0,2,,,0,0
2026-08-13,0,HES0803,13,11,5,6,1,,1,1
2026-08-13,0,hes7618,3,3,1,1,,,0,0
2026-08-13,0,HES3842,10,10,9,0,5,,0,0
2026-08-13,0,hes7616,1,1,0,1,1,,0,0
2026-08-13,0,HES6144,6,5,0,4,,,0,0
2026-08-13,0,hes7689,6,4,4,0,3,2,0,0
2026-08-13,0,HES6495,1,1,1,0,,,0,0
2026-08-13,0,hes5858,14,13,13,0,14,1,0,0
2026-08-13,0,hes7753,14,14,11,2,10,6,3,1
2026-08-13,0,hes7461,6,4,0,4,,,0,0
2026-08-13,0,hes6398,1,1,1,0,1,,0,0
2026-08-13,0,hes7489,4,3,0,3,,,0,0
2026-08-13,0,frapunemgroad3,2,2,0,2,,,0,0
2026-08-13,0,hes5735,3,3,1,2,,,0,0
2026-08-13,0,hes6875,2,2,2,0,2,,0,0
2026-08-13,0,hes6308,12,11,1,8,3,1,1,1
2026-08-13,0,fravileparle002,5,3,2,1,1,,0,0
2026-08-13,0,HES2339,8,8,3,5,5,1,1,1
2026-08-13,0,HES2028,6,6,2,4,1,,0,0
2026-08-13,0,hes8048,8,6,3,3,2,2,0,0
2026-08-13,0,hes9240,19,19,18,1,18,4,1,1
2026-08-13,0,flm0136,1,1,0,1,,,0,0
2026-08-13,0,icsats106796,11,11,11,0,10,2,0,0
2026-08-13,0,hes6887,1,1,1,0,,,0,0
2026-08-13,0,hes8984,5,5,0,4,2,,0,0
2026-08-13,0,HES4585,1,1,1,0,1,,1,1
2026-08-13,0,hes8908,1,1,1,0,1,,0,0
2026-08-13,0,FRA00186,6,5,3,1,,,1,1
2026-08-13,0,rmdn8418,15,15,11,2,6,4,1,1
2026-08-13,0,fraravet1,3,2,2,0,3,,0,0
2026-08-13,1,frafaridabad001,1,1,0,1,,,0,0
2026-08-13,0,rmdn6546,12,11,4,6,1,,0,0
2026-08-13,0,frasouthex6,1,1,0,1,1,,0,0
2026-08-13,0,rmdn6117,5,5,2,3,,,0,0
2026-08-13,0,hes5442,1,1,1,0,1,,0,0
2026-08-13,0,rmdn8205,1,1,1,0,1,,0,0
2026-08-13,0,hes8647,5,4,0,3,,,1,1
2026-08-13,0,hes8976,2,2,0,2,,,0,0
2026-08-13,0,HES7155,3,2,0,2,,,1,1
2026-08-13,0,fravileparle003,1,1,0,1,,,0,0
2026-08-13,0,rmdn8196,5,5,5,0,3,,0,0
2026-08-13,0,hes7716,1,1,1,0,,,0,0
2026-08-13,0,hes8999,3,2,2,0,3,,0,0
2026-08-13,0,hes5105,4,3,1,2,2,,0,0
2026-08-13,0,hes7974,5,5,1,3,1,1,1,1
2026-08-13,0,hes5563,4,4,0,3,,,0,0
2026-08-13,1,hes5503,2,2,0,2,,,0,0
2026-08-13,0,fra00334,15,12,0,11,,,0,0
2026-08-13,0,HES5042,1,1,0,1,,,0,0
2026-08-13,0,hes8076,1,1,1,0,,,0,0
2026-08-13,0,HES5068,4,4,3,0,1,,0,0
2026-08-13,0,hes6918,9,6,1,5,2,,0,0
2026-08-13,0,hes6999,13,10,0,10,,,1,1
2026-08-13,0,HES4501,11,10,10,0,8,1,0,0
2026-08-13,0,icsats99433,13,12,9,0,10,1,0,0
2026-08-13,0,hes8228,8,7,2,5,7,2,0,0
2026-08-13,0,HES7505,7,6,3,3,2,,0,0
2026-08-13,0,hes8832,12,10,4,6,3,,0,0
2026-08-13,0,HES6974,3,2,0,2,,,0,0
2026-08-13,0,hes8415,5,5,3,1,1,,0,0
2026-08-13,0,FRA00068,1,1,0,1,1,,0,0
2026-08-13,0,HES3091,1,1,1,0,,,0,0
2026-08-13,0,HES6519,3,3,0,3,,,0,0
2026-08-13,0,HES2608,13,11,0,11,2,,1,1
2026-08-13,1,hes9269,2,2,0,2,,,0,0
2026-08-13,0,FRA00080,12,12,10,0,5,1,0,0
2026-08-13,0,hes6890,18,17,10,6,8,1,0,0
2026-08-13,0,frasahakarnagar1,1,1,1,0,,,0,0
2026-08-13,0,HES4165,8,6,6,0,8,,0,0
2026-08-13,0,hes8560,5,5,5,0,5,,0,0
2026-08-13,0,rmdn8566,1,1,0,1,,,0,0
2026-08-13,0,icsats102126,4,4,4,0,4,3,1,1
2026-08-13,0,frasouthex9,17,15,12,0,,,0,0
2026-08-13,0,HES0258,2,2,2,0,2,,0,0
2026-08-13,0,hes9269,3,3,0,3,,,0,0
2026-08-13,0,hes5654,3,2,0,2,3,,0,0
2026-08-13,0,hes8411,7,7,7,0,7,1,1,1
2026-08-13,0,hes9099,11,11,3,7,5,,0,0
2026-08-13,0,hes7653,4,4,4,0,4,3,1,1
2026-08-13,0,hes7857,7,5,1,4,,,0,0
2026-08-13,0,icsats99353,4,4,2,0,2,,0,0
2026-08-13,0,hes9126,11,9,0,8,,,0,0
2026-08-13,0,hes6301,1,1,1,0,1,,0,0
2026-08-13,0,HES4010,5,4,3,0,4,3,0,0
2026-08-13,0,hes5503,8,8,2,6,1,,0,0
2026-08-13,0,hes8534,4,4,0,3,,,0,0
2026-08-13,0,frakotagumanpura2,16,15,6,8,,,0,0
2026-08-13,0,HES1793,1,1,1,0,1,,0,0
2026-08-13,0,HES6869,3,3,3,0,2,1,1,1
2026-08-13,0,hes5997,1,1,1,0,,,0,0
2026-08-13,0,hes6235,12,12,2,10,,,1,1
2026-08-13,0,hes8333,11,10,9,0,9,1,0,0
2026-08-13,0,hes6862,4,4,4,0,4,,0,0
2026-08-13,0,hes5113,4,3,0,3,,,0,0
2026-08-13,0,hes6723,5,5,1,4,,,0,0
2026-08-13,0,HES2093,1,1,0,1,,,0,0
2026-08-13,0,HES6292,1,1,0,1,,,0,0
2026-08-13,0,hes9034,6,6,3,3,1,,0,0
2026-08-13,0,HES5610,1,1,0,1,,,0,0
2026-08-13,0,hes7677,52,49,23,23,20,3,2,2
2026-08-13,0,fra00373,10,9,5,4,1,,0,0
2026-08-13,0,hes8468,8,7,0,7,,,0,0
2026-08-13,0,hes6690,3,3,1,2,,,0,0
2026-08-13,0,FRA00117,6,4,2,2,,,0,0
2026-08-13,0,frajalandhar01,3,3,3,0,3,,0,0
2026-08-13,0,rmdn8243,2,2,2,0,2,2,2,1
2026-08-13,0,rmdn8416,1,1,0,1,1,1,0,0
2026-08-13,0,hes7757,6,5,1,4,5,,0,0
2026-08-13,0,hes5616,14,12,7,5,6,5,2,1
2026-08-13,0,ASHMEETK,7,7,0,5,,,0,0
2026-08-13,0,hes7760,1,1,0,1,,,0,0
2026-08-13,0,HES4893,7,7,3,2,4,,1,1
2026-08-13,0,hes8425,1,1,0,1,,,0,0
2026-08-13,0,hes7193,8,8,0,8,,,0,0
2026-08-13,0,HES5107,1,1,1,0,1,,0,0
2026-08-13,0,hes6568,13,10,9,0,12,3,0,0
2026-08-13,0,HES7512,9,9,9,0,6,1,0,0
2026-08-13,0,hes6681,9,7,0,7,,,0,0
2026-08-13,0,hes8709,9,8,8,0,9,,0,0
2026-08-13,0,hes5927,7,5,2,3,2,,0,0
2026-08-13,0,hes8554,8,8,0,8,,,0,0
2026-08-13,0,hes7839,7,7,6,0,5,,0,0
2026-08-13,0,hes7992,12,12,5,7,4,2,2,2
2026-08-13,0,HES7367,23,20,14,6,13,5,2,2
2026-08-13,0,hes6099,18,17,17,0,17,2,1,1
2026-08-13,0,icsats103494,3,3,3,0,2,,0,0
2026-08-13,0,hes7730,22,21,6,13,8,5,1,1
2026-08-13,0,hes6203,3,3,0,3,2,1,1,1
2026-08-13,0,frabhopal3,4,4,4,0,,,0,0
2026-08-13,0,hes5910,10,10,10,0,10,1,0,0
2026-08-13,0,hes8215,6,6,3,2,2,,0,0
2026-08-13,0,hes9168,1,1,0,0,,,0,0
2026-08-13,0,hes9141,4,3,1,2,,,0,0
2026-08-13,0,hes6754,4,4,2,2,4,1,0,0
2026-08-13,0,rmdn8748,9,7,0,6,6,4,0,0
2026-08-13,0,fra00309,1,1,0,1,,,0,0
2026-08-13,0,hes7986,3,3,0,3,,,0,0
2026-08-13,0,FRA00140,3,3,2,1,2,,0,0
2026-08-13,0,HES7067,5,5,4,0,4,,1,1
2026-08-13,0,ICSATS82193,2,2,2,0,1,,0,0
2026-08-13,0,icsats96098,2,2,2,0,2,2,0,0
2026-08-13,0,hes8601,21,17,16,0,20,10,1,1
2026-08-13,0,hes8880,8,7,3,4,1,,0,0
2026-08-13,0,hes6761,1,1,1,0,,,0,0
2026-08-13,0,HES5509,8,7,5,0,5,1,0,0
2026-08-13,0,icsats106790,2,2,2,0,2,,0,0
2026-08-13,0,hes5564,14,14,8,6,4,,0,0
2026-08-13,0,HES7070,10,8,0,8,2,,0,0
2026-08-13,0,hes5327,24,22,7,15,6,2,0,0
2026-08-13,0,hes5125,7,6,6,0,3,,0,0
2026-08-13,1,HES4961,2,1,0,1,2,,0,0
2026-08-13,0,hes8417,8,8,6,1,3,,0,0
2026-08-13,0,SBOPAL01,3,3,3,0,2,1,1,1
2026-08-13,0,hes8752,5,4,2,2,2,,0,0
2026-08-13,0,frarajourigarden2,11,10,10,0,8,,0,0
2026-08-13,0,hes5880,1,1,0,1,,,0,0
2026-08-13,0,hes9206,5,4,1,3,2,,0,0
2026-08-13,0,HES2686,2,2,1,1,,,0,0
2026-08-13,0,hes7721,49,45,38,6,20,2,2,1
2026-08-13,0,hes5794,2,2,1,1,,,0,0
2026-08-13,1,HES4520,5,4,1,3,1,,0,0
2026-08-13,0,hes7843,2,1,0,1,,,0,0
2026-08-13,0,hes7274,10,10,1,9,1,1,1,1
2026-08-13,0,hes6120,3,3,1,1,1,,0,0
2026-08-13,0,hes9137,1,1,0,1,1,,0,0
2026-08-13,0,frapuducherry2,10,6,6,0,2,,0,0
2026-08-13,0,hes7096,5,3,0,3,,,0,0
2026-08-13,0,hes7563,4,3,0,3,,,0,0
2026-08-13,0,fraandheri2,1,1,1,0,,,0,0
2026-08-13,0,hes6014,6,6,6,0,6,,0,0
2026-08-13,0,hes7869,8,7,2,5,5,1,0,0
2026-08-13,0,HES5480,5,5,5,0,4,1,0,0
2026-08-13,0,hes6436,3,2,0,2,,,0,0
2026-08-13,0,hes5529,5,5,5,0,3,,0,0
2026-08-13,0,HES7728,2,2,0,2,1,,0,0
2026-08-13,0,HES2437,11,10,9,0,8,2,0,0
2026-08-13,0,HES6406,2,2,0,2,,,0,0
2026-08-13,0,hes6632,3,2,1,1,,,0,0
2026-08-13,0,hes9177,10,7,0,6,1,,0,0
2026-08-13,0,hes7347,3,2,0,2,,,0,0
2026-08-13,0,hes8452,6,6,3,3,4,,0,0
2026-08-13,0,hes8876,5,3,0,3,2,2,0,0
2026-08-13,0,fra00136,2,2,2,0,,,0,0
2026-08-13,0,hes5711,1,1,1,0,1,1,0,0
2026-08-13,0,hes7546,1,1,0,1,,,0,0
2026-08-13,0,rmdn5933,12,10,1,8,,,0,0
2026-08-13,0,hes7925,8,7,2,4,2,,0,0
2026-08-13,0,hes8968,2,2,1,1,1,1,1,1
2026-08-13,0,hes8765,3,3,0,3,,,0,0
2026-08-13,0,HES0897,5,4,1,3,3,,0,0
2026-08-13,0,FRA00052,17,15,0,8,,,0,0
2026-08-13,0,hes6274,3,3,3,0,2,,0,0
2026-08-13,0,HES1065,2,2,0,1,,,0,0
2026-08-13,1,HES7719,1,1,0,0,,,0,0
2026-08-13,0,HES6548,3,3,1,2,1,,0,0
2026-08-13,0,hes9010,2,1,0,1,,,1,1
2026-08-13,0,fra00355,1,1,0,1,,,0,0
2026-08-13,0,hes8712,34,30,16,13,1,,0,0
2026-08-13,0,HES7360,4,3,2,1,1,,0,0
2026-08-13,0,HES5033,4,2,0,2,,,1,1
2026-08-13,0,HES5091,5,3,3,0,5,2,0,0
2026-08-13,1,hes8318,3,3,0,0,,,0,0
2026-08-13,0,hes6236,2,2,0,2,,,0,0
2026-08-13,0,FRA00088,4,3,1,2,,,0,0
2026-08-13,0,hes7779,1,1,1,0,1,1,0,0
2026-08-13,0,hes6100,4,4,3,1,3,1,1,1
2026-08-13,0,FRA00049,1,1,1,0,1,,0,0
2026-08-13,0,hes6628,8,6,4,2,3,,0,0
2026-08-13,0,hes8562,3,2,2,0,1,,0,0
2026-08-13,0,hes8024,10,10,8,0,6,,0,0
2026-08-13,0,franoida009,7,7,7,0,,,0,0
2026-08-13,0,HES6730,1,1,1,0,1,,0,0
2026-08-13,0,HES1513,16,12,1,9,1,,1,1
2026-08-13,0,hes8005,6,5,3,2,2,,1,0
2026-08-13,0,HES1897,2,2,1,1,,,0,0
2026-08-13,0,HES4877,4,4,2,2,1,,0,0
2026-08-13,0,HES2517,1,1,1,0,1,,0,0
2026-08-13,0,hes6591,4,3,0,2,,,0,0
2026-08-13,0,rmdn8201,12,12,12,0,7,,0,0
2026-08-13,0,hes7572,7,7,0,6,,,0,0
2026-08-13,0,ICSATS101249,3,3,3,0,2,,0,0
2026-08-13,0,hes6783,16,13,0,12,,,0,0
2026-08-13,0,hes5835,1,1,1,0,1,,0,0
2026-08-13,0,HES6579,11,10,5,5,2,,0,0
2026-08-13,0,fra00364,9,8,8,0,1,,0,0
2026-08-13,0,FRA00105,8,8,0,8,,,0,0
2026-08-13,0,hes8733,2,2,1,1,1,,0,0
2026-08-13,1,HES6112,3,2,0,2,,,0,0
2026-08-13,0,hes7866,12,10,1,7,1,1,1,1
2026-08-13,0,frabhopal1,2,1,0,1,,,0,0
2026-08-13,0,HES5388,6,6,3,3,2,,0,0
2026-08-13,0,rmdn8752,2,1,0,1,,,0,0
2026-08-13,0,hes7229,2,2,1,1,,,0,0
2026-08-13,0,frasiliguri003,4,2,2,0,2,,0,0
2026-08-13,0,hes5759,3,3,0,2,,,0,0
2026-08-13,0,HES4777,5,4,0,4,,,0,0
2026-08-13,0,hes8451,1,1,1,0,1,,0,0
2026-08-13,1,HES2339,4,4,2,2,,,0,0
2026-08-13,0,fraudaipur01,2,2,1,1,,,0,0
2026-08-13,0,hes6550,1,1,0,1,,,0,0
2026-08-13,0,HES4951,3,2,1,0,,,0,0
2026-08-13,0,hes7594,2,2,1,0,,,0,0
2026-08-13,0,rmdn7049,11,10,7,3,8,1,0,0
2026-08-13,0,icsats88698,14,14,13,0,12,3,0,0
2026-08-13,0,hes7493,8,8,4,4,3,,0,0
2026-08-13,0,hes6653,2,2,0,2,,,0,0
2026-08-13,0,frahadapsar4,3,3,0,2,1,,0,0
2026-08-13,0,hes5476,1,1,1,0,1,,0,0
2026-08-13,0,hes8230,1,1,1,0,1,,0,0
2026-08-13,0,hes7684,10,9,6,3,6,1,1,1
2026-08-13,0,vadod002,7,5,4,1,6,,0,0
2026-08-13,0,hes9090,8,8,0,5,1,,0,0
2026-08-13,0,HES4174,1,1,0,1,,,0,0
2026-08-13,0,hes7601,8,8,1,7,1,,0,0
2026-08-13,0,hes5557,5,5,1,4,,,1,1
2026-08-13,0,HES8197,1,1,0,1,,,0,0
2026-08-13,0,hes9066,2,1,1,0,2,,0,0
2026-08-13,0,hes8655,1,1,1,0,1,,0,0
2026-08-13,0,hes5644,4,4,4,0,3,,0,0
2026-08-13,0,HES6762,10,10,3,5,2,1,0,0
2026-08-13,0,hes8645,3,3,1,2,,,0,0
2026-08-13,0,HES5271,1,1,0,1,1,,0,0
2026-08-13,0,HES6146,9,9,8,0,8,,0,0
2026-08-13,0,HES4229,18,14,12,0,16,,0,0
2026-08-13,0,rmdn8564,14,13,0,13,4,,0,0
2026-08-13,0,HES5434,1,1,1,0,1,,0,0
2026-08-13,0,frabalewadi001,7,6,0,4,,,1,1
2026-08-13,0,HES5175,6,5,0,5,,,0,0
2026-08-13,0,hes5534,5,5,1,4,1,,0,0
2026-08-13,0,hes8639,2,2,0,2,,,0,0
2026-08-13,0,hes8573,12,12,6,6,1,,0,0
2026-08-13,0,MATHURA006,3,2,0,2,,,0,0
2026-08-13,0,hes6423,2,2,1,1,2,1,0,0
2026-08-13,0,hes7199,3,2,1,1,,,0,0
2026-08-13,0,hes5559,5,3,1,2,2,,0,0
2026-08-13,0,hes5489,1,1,1,0,1,,0,0
2026-08-13,0,hes6627,3,3,3,0,3,,0,0
2026-08-13,0,hes7306,3,2,0,2,,,0,0
2026-08-13,0,hes8524,2,2,0,1,,,1,1
2026-08-13,0,HES3629,1,1,0,1,,,0,0
2026-08-13,0,hes8646,7,6,6,0,4,,0,0
2026-08-13,0,hes7212,4,4,0,4,1,,0,0
2026-08-13,0,frasaltlake2,2,1,1,0,2,,0,0
2026-08-13,1,HES0307,1,1,0,0,,,0,0
2026-08-13,0,hes9388,5,5,4,1,4,2,0,0
2026-08-13,0,fra00281,9,9,8,1,5,1,2,2
2026-08-13,0,HES4707,5,4,0,4,2,2,0,0
2026-08-13,0,hes8448,7,7,3,3,,,0,0
2026-08-13,0,hes7530,9,8,7,0,8,1,0,0
2026-08-13,0,fra00277,10,7,1,6,2,,0,0
2026-08-13,0,frawhitefield1,3,3,3,0,1,1,1,0
2026-08-13,0,fraannasalai3,7,6,4,0,,,0,0
2026-08-13,0,FRA00083,14,14,13,0,1,,0,0
2026-08-13,0,hes5614,12,10,9,0,9,4,2,2
2026-08-13,0,HES4767,13,11,0,11,5,,0,0
2026-08-13,0,hes8375,10,8,0,7,,,0,0
2026-08-13,0,hes5499,1,1,0,1,,,0,0
2026-08-13,0,hes7715,4,4,1,3,2,1,0,0
2026-08-13,0,HES6510,4,4,4,0,2,,0,0
2026-08-13,0,hes7859,7,7,4,3,2,1,0,0
2026-08-13,0,hes5911,7,6,3,3,1,,0,0
2026-08-13,0,hes7924,14,14,6,5,6,3,3,1
2026-08-13,0,hes9335,2,2,2,0,2,,0,0
2026-08-13,0,icsats92879,16,16,15,0,12,1,1,1
2026-08-13,0,HES3977,9,8,4,4,3,,0,0
2026-08-13,0,HES1874,4,4,4,0,4,,0,0
2026-08-13,0,hes6669,5,5,0,5,,,0,0
2026-08-13,0,HES5058,1,1,1,0,,,0,0
2026-08-13,0,borvli001,3,3,3,0,2,,0,0
2026-08-13,0,frapatiala1,4,3,2,1,2,2,1,1
2026-08-13,0,hes5112,6,4,0,4,2,,2,1
2026-08-13,0,hes7449,12,10,0,10,3,,2,2
2026-08-13,0,FRA00313,12,11,0,10,,,0,0
2026-08-13,0,HES4520,4,4,2,2,3,,0,0
2026-08-13,0,hes6844,12,11,3,8,2,,0,0
2026-08-13,0,HES7844,17,16,7,8,9,2,1,1
2026-08-13,0,fra00318,5,4,0,3,,,0,0
2026-08-13,0,frakotagumanpura1,4,4,2,2,,,0,0
2026-08-13,0,hes6825,1,1,1,0,1,,0,0
2026-08-13,0,hes4083,9,9,0,2,1,,0,0
2026-08-13,0,frafaridabad001,5,4,3,1,2,,0,0
2026-08-13,0,MINALD,1,1,1,0,,,0,0
2026-08-13,0,hes8445,2,2,2,0,2,1,0,0
2026-08-13,0,hes6922,2,2,0,2,2,,0,0
2026-08-13,0,hes9249,6,5,2,2,,,0,0
2026-08-13,0,hes6534,5,5,2,2,1,,0,0
2026-08-13,0,hes8092,5,5,1,4,2,,0,0
2026-08-13,1,hes9168,3,3,0,2,,,0,0
2026-08-13,0,hes7920,4,3,2,1,3,,0,0
2026-08-13,0,flm0167,2,2,0,1,1,,0,0
2026-08-13,0,HES4183,13,12,6,5,4,,0,0
2026-08-13,0,hes7350,2,1,0,1,,,0,0
2026-08-13,0,hes8663,1,1,1,0,1,,0,0
2026-08-13,0,hes8123,2,2,2,0,,,0,0
2026-08-13,0,frajaipurr1,2,2,2,0,2,1,0,0
2026-08-13,0,hes6931,5,4,2,2,3,,0,0
2026-08-13,0,hes9085,1,1,1,0,,,0,0
2026-08-13,0,hes6557,3,3,0,3,1,,0,0
2026-08-13,0,hes6179,7,5,4,0,4,,0,0
2026-08-13,0,hes5098,14,13,6,7,4,1,0,0
2026-08-13,0,hes7758,1,1,0,1,,,0,0
2026-08-13,0,hes7570,3,3,0,3,2,,0,0
2026-08-13,0,hes6518,5,5,4,1,5,3,0,0
2026-08-13,0,hes9246,1,1,1,0,1,1,0,0
2026-08-13,0,fra00353,11,8,0,8,,,0,0
2026-08-13,1,HES3731,2,2,0,0,,,0,0
2026-08-13,0,hes5840,12,10,7,3,9,,0,0
2026-08-13,0,flm0079,1,1,0,1,1,,0,0
2026-08-13,0,rmdn8272,1,1,1,0,1,,0,0
2026-08-13,0,hes6822,7,6,3,3,3,1,1,1
2026-08-13,1,hes5948,1,1,1,0,1,,0,0
2026-08-13,0,HES4023,3,2,1,1,,,0,0
2026-08-13,0,hes6119,20,17,8,9,2,,0,0
2026-08-13,0,HES4792,2,1,0,1,,,0,0
2026-08-13,0,HES5255,8,7,6,0,4,,0,0
2026-08-13,0,hes9211,16,14,6,7,3,,1,1
2026-08-13,0,hes8444,10,8,0,8,1,,0,0
2026-08-13,0,hes7191,5,5,0,5,1,,0,0
2026-08-13,0,hes9015,10,8,1,7,1,1,1,1
2026-08-13,0,hes6680,1,1,0,1,,,0,0
2026-08-13,0,hes7420,6,6,2,4,2,,0,0
2026-08-13,0,HES8091,3,2,0,2,1,,0,0
2026-08-13,0,hes8578,1,1,0,1,,,0,0
2026-08-13,0,hes7856,1,1,0,1,,,0,0
2026-08-13,0,hes5948,9,9,6,3,7,,0,0
2026-08-13,0,hes9204,3,2,0,2,,,0,0
2026-08-13,0,hes6298,4,4,1,2,1,1,0,0
2026-08-13,0,HES4324,10,9,4,3,3,1,0,0
2026-08-13,0,hes6745,4,4,1,2,1,,0,0
2026-08-13,0,hes8026,2,2,2,0,2,1,1,1
2026-08-13,0,hes7679,2,2,1,1,,,0,0
2026-08-13,0,hes6790,2,2,2,0,2,,0,0
2026-08-13,0,hes6893,6,5,0,5,,,0,0
2026-08-13,0,hes7511,11,10,3,7,,,0,0
2026-08-13,0,hes8355,8,7,0,5,2,,0,0
2026-08-13,0,fra00264,2,2,2,0,,,0,0
2026-08-13,0,fra00325,2,2,2,0,,,0,0
2026-08-13,0,vadod007,5,4,0,4,1,,0,0
2026-08-13,0,hes6131,2,1,1,0,,,0,0
2026-08-13,0,hes7948,6,5,2,3,2,,0,0
2026-08-13,0,frahadapsar1,1,1,0,1,,,0,0
2026-08-13,0,hes9213,2,1,0,1,,,0,0
2026-08-13,0,HES3942,1,1,1,0,1,,0,0
2026-08-13,0,hes8686,2,2,0,1,1,,0,0
2026-08-13,0,hes8930,15,15,9,4,7,,0,0
2026-08-13,0,hes7561,2,2,0,2,,,0,0
2026-08-13,0,HES7343,23,19,0,16,,,0,0
2026-08-13,0,hes7773,2,2,2,0,2,,0,0
2026-08-13,0,HES6834,1,1,0,1,,,0,0
2026-08-13,0,icsats91506,4,4,4,0,,,0,0
2026-08-13,1,HES5091,2,1,1,0,2,,0,0
2026-08-13,0,HES7056,6,6,3,2,4,,0,0
2026-08-13,0,hes9052,3,2,2,0,3,1,1,0
2026-08-13,0,hes6821,2,1,0,1,,,0,0
2026-08-13,0,HES4544,5,5,4,0,4,,0,0
2026-08-13,1,HES0984,1,1,0,0,,,0,0
2026-08-13,0,hes6083,2,2,0,2,,,0,0
2026-08-13,0,hes7729,10,10,1,8,6,1,1,0
2026-08-13,0,frahydhills2,7,6,4,0,1,,1,1
2026-08-13,0,HES5555,5,4,1,2,,,0,0
2026-08-13,0,hes5093,5,4,2,2,,,0,0
2026-08-13,0,rmdn3759,7,5,5,0,6,1,0,0
2026-08-13,0,hes8287,14,11,4,7,5,,0,0
2026-08-13,0,HES3823,9,9,7,0,7,1,1,1
2026-08-13,0,hes5453,2,1,0,1,,,0,0
2026-08-13,0,hes6305,3,3,2,1,,,0,0
2026-08-13,0,hes8121,1,1,0,1,,,0,0
2026-08-13,0,hes6904,12,11,6,4,2,,0,0
2026-08-13,0,hes8007,7,7,0,7,,,0,0
2026-08-13,0,hes8450,2,1,1,0,2,,0,0
2026-08-13,0,hes7969,1,1,0,1,,,0,0
2026-08-13,0,hes9270,4,4,1,3,,,0,0
2026-08-13,0,fradadar1,4,4,3,1,,,0,0
2026-08-13,0,rmdn1559,26,24,13,6,6,3,0,0
2026-08-13,0,hes5531,5,5,2,3,2,1,1,1
2026-08-13,0,hes6523,1,1,0,0,,,0,0
2026-08-13,0,indrnt005,3,2,0,2,,,0,0
2026-08-13,0,hes7725,1,1,1,0,1,,0,0
2026-08-13,0,HES3888,2,2,1,1,1,,0,0
2026-08-13,0,framohali4,3,3,2,1,,,0,0
2026-08-13,0,hes8713,3,3,3,0,2,,0,0
2026-08-13,0,frasola3,4,3,0,2,,,0,0
2026-08-13,0,hes7835,8,6,2,4,1,,0,0
2026-08-13,0,hes7654,9,7,2,5,1,,0,0
2026-08-13,0,hes8825,7,7,1,6,1,,0,0
2026-08-13,0,hes5146,10,8,2,4,2,,0,0
2026-08-13,0,HES0993,33,31,26,4,20,1,0,0
2026-08-13,0,flm0168,2,1,0,1,,,0,0
2026-08-13,0,fraccuesplanade2,5,3,2,0,4,,1,1
2026-08-13,0,hes6614,7,6,2,3,3,1,0,0
2026-08-13,0,hes9228,10,8,0,8,,,0,0
2026-08-13,0,hes7926,3,3,0,3,,,0,0
2026-08-13,0,hes5822,13,12,6,6,5,,0,0
2026-08-13,0,hes7930,7,7,2,5,,,0,0
2026-08-13,0,frakoramangala4,4,3,1,2,,,1,1
2026-08-13,0,HES2993,1,1,1,0,1,,0,0
2026-08-13,0,hes6101,6,5,1,4,1,,0,0
2026-08-13,0,hes7627,3,2,1,1,,,0,0
2026-08-13,0,fra00266,14,13,0,12,,,0,0
2026-08-13,0,hes7625,6,6,6,0,2,,0,0
2026-08-13,0,HES6224,4,3,0,2,,,0,0
2026-08-13,0,hes7119,3,3,3,0,1,,0,0
2026-08-13,1,framathura1,2,2,0,1,,,0,0
2026-08-13,0,hes9022,3,3,0,3,,,0,0
2026-08-13,0,hes5079,12,11,10,0,4,,0,0
2026-08-13,0,ICSATS81163,1,1,1,0,1,1,0,0
2026-08-13,0,frasurat005,7,7,7,0,1,,0,0
2026-08-13,1,hes8502,6,6,5,0,4,,0,0
2026-08-13,0,HES5173,1,1,1,0,,,0,0
2026-08-13,1,hes9211,4,4,2,2,1,,0,0
2026-08-13,0,FRA00258,25,21,12,9,3,1,0,0
2026-08-13,0,HES7727,4,4,2,2,2,,0,0
2026-08-13,0,HES3191,7,7,7,0,7,7,0,0
2026-08-13,0,hes7431,1,1,0,1,,,0,0
2026-08-13,0,HES7369,1,1,0,1,,,0,0
2026-08-13,0,hes7620,7,7,7,0,2,1,0,0
2026-08-13,0,FRA00190,5,4,0,4,,,1,1
2026-08-13,0,HES5728,5,4,4,0,4,,0,0
2026-08-13,0,FRA00111,2,2,0,1,,,0,0
2026-08-13,0,hes7474,3,2,0,2,,,0,0
2026-08-13,0,hes5612,9,8,1,6,1,,0,0
2026-08-13,0,frasaritavihar3,6,6,0,5,,,0,0
2026-08-13,0,hes7841,2,1,0,1,,,0,0
2026-08-13,0,icsats92875,15,15,12,0,6,2,0,0
2026-08-13,0,hes9001,4,4,0,4,,,0,0
2026-08-13,0,hes5448,2,2,0,2,,,0,0
2026-08-13,0,FRA00085,5,5,4,0,1,,0,0
2026-08-13,0,saratbose001,4,3,3,0,,,0,0
2026-08-13,0,hes8900,1,1,0,1,,,0,0
2026-08-13,0,fra00300,2,2,0,2,,,0,0
2026-08-13,0,icsats106797,19,19,18,0,15,1,0,0
2026-08-13,0,FRA00144,31,28,7,21,4,,1,1
2026-08-13,0,hes8460,12,11,8,3,6,2,0,0
2026-08-13,0,hes5904,3,2,2,0,2,,0,0
2026-08-13,0,hes8977,8,8,4,4,1,,0,0
2026-08-13,0,hes9403,5,5,0,5,1,,1,1
2026-08-13,0,HES1426,2,2,2,0,2,,0,0
2026-08-13,0,hes6650,2,1,0,1,2,,0,0
2026-08-13,0,hes8340,18,14,14,0,17,5,2,2
2026-08-13,0,rmdn8273,7,6,6,0,1,,0,0
2026-08-13,0,hes8349,4,4,2,2,,,0,0
2026-08-13,0,frawhitefield2,1,1,0,1,,,0,0
2026-08-13,0,noida004,2,2,1,0,,,0,0
2026-08-13,0,hes7638,16,15,12,3,2,,0,0
2026-08-13,0,hes8982,8,6,0,6,,,1,1
2026-08-13,0,hes7186,2,2,1,1,,,0,0
2026-08-13,1,hes5033,2,1,1,0,,,0,0
2026-08-13,0,saratboseroad002,2,2,0,2,,,0,0
2026-08-13,0,hes6191,11,10,0,9,,,0,0
2026-08-13,0,hes8711,8,8,2,5,1,1,0,0
2026-08-13,0,hes9164,16,15,1,14,1,,0,0
2026-08-13,0,hes6753,1,1,1,0,1,,0,0
2026-08-13,0,hes8030,3,3,3,0,2,,0,0
2026-08-13,0,RMDN8311,11,11,10,0,7,,0,0
2026-08-13,0,HES4307,7,7,7,0,3,,0,0
2026-08-13,0,HES5215,3,2,1,1,,,0,0
2026-08-13,0,hes9422,24,21,7,14,8,4,1,1
2026-08-13,0,hes5958,5,5,5,0,5,1,0,0
2026-08-13,0,HES2371,3,2,2,0,3,1,0,0
2026-08-13,0,hes6885,17,11,10,1,13,2,0,0
2026-08-13,0,hes5643,2,1,1,0,2,,0,0
2026-08-13,0,hes5799,8,5,2,3,3,,0,0
2026-08-13,0,hes6721,3,2,2,0,3,,0,0
2026-08-13,0,hes8443,8,8,7,0,7,2,1,1
2026-08-13,0,HES3843,1,1,1,0,1,,0,0
2026-08-13,0,hes9328,2,2,2,0,2,1,0,0
2026-08-13,0,icsats90188,44,42,29,12,7,2,0,0
2026-08-13,0,frarajourigarden4,1,1,1,0,,,0,0
2026-08-13,0,hes7567,7,6,5,1,5,4,0,0
2026-08-13,0,icsats106934,3,3,3,0,3,1,0,0
2026-08-13,0,HES5262,5,4,4,0,1,,0,0
2026-08-13,0,HES2789,2,2,1,1,1,,0,0
2026-08-13,0,surat001,1,1,1,0,,,0,0
2026-08-13,0,hes7448,9,7,0,6,7,3,1,1
2026-08-13,0,hes6619,1,1,1,0,,,0,0
2026-08-13,0,icsats106795,16,15,14,1,14,1,0,0
2026-08-13,0,hes6583,4,4,0,4,3,1,0,0
2026-08-13,0,framumbaithane2,6,5,2,2,1,,1,1
2026-08-13,0,hes5995,6,6,2,4,1,,0,0
2026-08-13,0,hes8927,2,2,0,2,,,0,0
2026-08-13,0,hes8564,1,1,1,0,1,1,0,0
2026-08-13,0,HES4418,1,1,0,0,,,0,0
2026-08-13,0,hes6380,1,1,1,0,,,0,0
2026-08-13,0,hes5443,15,15,6,9,2,,0,0
2026-08-13,0,hes8237,5,4,2,2,,,0,0
2026-08-13,0,HES2717,3,2,0,2,,,0,0
2026-08-13,1,hes6932,2,2,1,0,1,,0,0
2026-08-13,0,hes8189,10,8,3,4,7,1,0,0
2026-08-13,0,HES7806,5,4,3,1,5,3,0,0
2026-08-13,0,fragomtinagar1,6,4,4,0,,,1,1
2026-08-13,0,HES6661,5,4,2,1,1,1,1,1
2026-08-13,0,HES4433,2,1,0,1,,,0,0
2026-08-13,0,HES4118,10,9,9,0,7,,0,0
2026-08-13,0,HES7830,14,14,2,10,4,1,1,1
2026-08-13,0,hes6675,1,1,0,1,,,0,0
2026-08-13,0,hes7488,18,17,3,13,,,0,0
2026-08-13,0,hes7991,15,12,2,10,5,1,1,1
2026-08-13,0,hes5929,5,4,1,3,,,0,0
2026-08-13,0,hes6932,1,1,1,0,1,,0,0
2026-08-13,0,CHANDIGARHFRA1,3,2,1,1,3,,0,0
2026-08-13,0,HES4866,3,3,3,0,2,,0,0
2026-08-13,0,hes7284,7,6,0,5,,,0,0
2026-08-13,0,hes8757,3,3,2,0,2,,0,0
2026-08-13,0,rmdn8204,19,18,14,0,6,4,2,2
2026-08-13,0,fra00319,3,3,0,3,,,0,0
2026-08-13,0,HES4090,2,2,1,1,2,,0,0
2026-08-13,0,hes8206,2,2,2,0,1,,0,0
2026-08-13,0,hes5502,6,5,1,4,,,0,0
2026-08-13,0,hes9106,4,4,2,2,2,,0,0
2026-08-13,0,ICSATS103168,15,15,14,0,11,1,0,0
2026-08-13,0,HES3381,18,17,17,0,15,1,0,0
2026-08-13,0,rmdn8195,2,2,1,1,1,,0,0
2026-08-13,0,HES3693,1,1,0,1,,,0,0
2026-08-13,0,HES4406,3,3,0,2,,,0,0
2026-08-13,0,hes8042,3,3,3,0,3,,0,0
2026-08-13,0,HES7311,7,5,0,4,2,,0,0
2026-08-13,0,FRA00076,5,4,0,4,,,0,0
2026-08-13,0,HES4430,2,2,0,0,,,0,0
2026-08-13,0,hes6665,1,1,0,1,,,0,0
2026-08-13,0,hes8598,5,5,3,2,2,,0,0
2026-08-13,0,icsats90195,8,8,8,0,5,1,1,1
2026-08-13,0,hes5613,2,2,1,1,,,0,0
2026-08-13,0,hes8800,2,2,1,1,1,1,1,0
2026-08-13,0,hes9007,4,4,1,2,3,,0,0
2026-08-13,0,rmdn1337,19,17,14,0,13,,0,0
2026-08-13,0,HES5554,5,5,0,5,,,0,0
2026-08-13,0,HES3465,6,5,5,0,5,,0,0
2026-08-13,0,HES4823,3,3,3,0,3,,0,0
2026-08-13,0,hes9297,4,4,2,2,4,2,1,1
2026-08-13,0,HES5200,3,2,0,2,,,0,0
2026-08-13,0,rmdn7229,10,10,9,0,6,,0,0
2026-08-13,0,hes7116,3,3,0,3,,,0,0
2026-08-13,0,icsats86677,29,26,22,3,17,4,2,2
2026-08-13,0,hes7182,1,1,0,1,1,,0,0
2026-08-13,0,fravaranasi3,3,2,0,1,,,0,0
2026-08-13,0,icsats96092,1,1,1,0,1,,0,0
2026-08-13,0,rmdn3529,1,1,1,0,1,,0,0
2026-08-13,0,HES1181,16,14,4,10,1,,0,0
2026-08-13,0,MATHURA002,2,1,0,1,,,0,0
2026-08-13,0,rmdn8744,20,18,6,9,11,1,0,0
2026-08-13,0,HES6712,1,1,1,0,1,,0,0
2026-08-13,0,hes9155,4,3,1,2,4,,0,0
2026-08-13,0,icsats81376,11,10,10,0,4,1,0,0
2026-08-13,0,fra00285,2,2,1,1,,,0,0
2026-08-13,0,hes6937,5,5,5,0,5,,0,0
2026-08-13,0,hes7305,24,20,3,14,,,3,2
2026-08-13,0,hes7596,9,7,0,6,,,0,0
2026-08-13,0,rmdn8419,1,1,0,1,1,,0,0
2026-08-13,0,HES0984,5,4,2,1,1,1,1,1
2026-08-13,0,HES8433,4,4,4,0,3,2,0,0
2026-08-13,0,rmdn7040,6,6,6,0,5,,0,0
2026-08-13,0,CHANDIGARHFRA3,1,1,1,0,,,0,0
2026-08-13,0,HES3959,6,5,1,3,1,,0,0
2026-08-13,0,hes8351,1,1,1,0,1,,0,0
2026-08-13,0,hes6546,38,33,10,23,15,,1,1
2026-08-13,0,HES3590,4,3,0,3,1,1,2,2
2026-08-13,0,HES4166,7,7,3,4,3,,0,0
2026-08-13,0,hes5515,3,3,3,0,2,2,0,0
2026-08-13,0,hes5964,8,8,8,0,7,3,0,0
2026-08-13,0,FRA00317,5,4,1,2,,,0,0
2026-08-13,0,hes7183,1,1,1,0,,,0,0
2026-08-13,0,HES4181,8,8,4,4,4,1,0,0
2026-08-13,0,hes7989,1,1,0,1,,,0,0
2026-08-13,0,hes8321,3,3,3,0,2,1,0,0
2026-08-13,0,fra00338,4,2,0,2,,,0,0
2026-08-13,0,HES2358,11,9,1,8,1,1,1,1
2026-08-13,0,HES4961,20,19,7,10,10,4,3,0
2026-08-13,0,hes9053,2,2,0,2,,,0,0
2026-08-13,0,HES5506,8,7,1,4,,,0,0
2026-08-13,0,HES7050,4,3,3,0,1,,0,0
2026-08-13,0,hes7093,6,5,4,1,2,1,0,0
2026-08-13,0,hes8662,1,1,0,1,,,0,0
2026-08-13,0,HES7726,32,30,5,24,1,,0,0
2026-08-13,0,hes6038,4,4,0,3,,,0,0
2026-08-13,0,flm0009,9,6,0,6,,,0,0
2026-08-13,0,HES7815,2,1,0,1,,,0,0
2026-08-13,0,hes7877,11,8,8,0,11,7,1,1
2026-08-13,0,hes7761,7,5,1,4,3,,0,0
2026-08-13,0,HES7611,4,4,1,3,1,,0,0
2026-08-13,0,hes8828,3,3,2,1,2,,0,0
2026-08-13,0,hes6497,1,1,0,1,1,,0,0
2026-08-13,0,fra00374,5,4,2,2,1,,0,0
2026-08-13,0,hes6294,2,2,0,2,,,0,0
2026-08-13,0,hes7671,8,8,5,2,2,1,0,0
2026-08-13,0,hes5323,4,4,3,1,3,1,1,1
2026-08-13,0,hes5926,12,10,4,6,,,0,0
2026-08-13,0,hes6572,10,7,4,2,4,2,2,2
2026-08-13,0,icsats106268,11,11,11,0,9,1,0,0
2026-08-13,0,hes8803,4,3,3,0,3,,0,0
2026-08-13,0,hes7498,1,1,0,1,,,0,0
2026-08-13,0,hes6088,10,8,0,8,7,3,2,2
2026-08-13,1,hes8977,3,2,1,1,,,0,0
2026-08-13,0,rmdn3663,27,23,10,13,6,3,3,2
2026-08-13,0,hes5063,6,6,3,2,3,1,1,1
2026-08-13,0,hes8407,5,5,5,0,4,,0,0
2026-08-13,0,nungambakkam001,3,2,2,0,3,,0,0
2026-08-13,0,hes8318,2,2,2,0,,,0,0
2026-08-13,0,hes5078,12,9,2,6,1,,1,1
2026-08-13,0,hes8527,2,1,0,1,,,0,0
2026-08-13,0,hes8265,3,3,3,0,2,,0,0
2026-08-13,0,hes7854,1,1,1,0,1,,0,0
2026-08-13,0,HES5804,47,43,8,29,2,,1,1
2026-08-13,0,hes9267,7,5,1,4,,,0,0
2026-08-13,0,RMDN1734,6,6,6,0,6,2,1,1
2026-08-13,0,HES6112,18,16,2,11,10,3,0,0
2026-08-13,0,flm0123,4,3,0,3,3,,0,0
2026-08-13,0,hes7125,6,5,0,3,1,,0,0
2026-08-13,0,FRA00100,8,7,2,4,,,0,0
2026-08-13,0,hes8470,8,8,6,2,2,,0,0
2026-08-13,0,hes9424,13,11,2,5,1,,0,0
2026-08-13,0,hes8449,16,13,0,13,,,0,0
2026-08-13,1,hes8662,1,1,0,1,,,0,0
2026-08-13,0,HES5717,9,8,4,4,2,,0,0
2026-08-13,0,hes8416,3,3,3,0,3,1,0,0
2026-08-13,0,HES3828,12,12,8,1,9,1,0,0
2026-08-13,0,hes9322,6,6,2,3,3,,1,1
2026-08-13,0,fraagra02,1,1,0,1,,,0,0
2026-08-13,0,PRHLDNGR1,1,1,0,1,,,0,0
2026-08-13,0,rmdn7065,13,10,2,8,2,2,0,0
2026-08-13,0,hes5821,4,3,0,3,,,0,0
2026-08-13,0,FRA00172,5,4,4,0,,,0,0
2026-08-13,0,HES2933,7,7,7,0,6,,0,0
2026-08-13,0,hes5932,1,1,1,0,1,1,1,1
2026-08-13,0,hes7340,2,2,0,2,,,0,0
2026-08-13,1,HES8433,1,1,1,0,,,0,0
2026-08-13,0,hes9059,13,13,6,7,1,,0,0
2026-08-13,0,fraprahaladnagar1,2,2,1,1,,,0,0
2026-08-13,0,rmdn1726,4,4,0,4,2,,0,0
2026-08-13,0,hes8553,11,8,2,6,5,1,0,0
2026-08-13,0,rmdn4078,33,27,6,20,3,,2,2
2026-08-13,0,HES1484,8,6,1,4,2,,0,0
2026-08-13,0,FRA00106,3,3,3,0,,,0,0
2026-08-13,1,hes5840,1,1,0,1,,,0,0
2026-08-13,0,hes7331,8,7,0,7,3,,1,1
2026-08-13,0,HES1482,4,3,1,2,1,,0,0
2026-08-13,0,hes5925,6,6,6,0,2,,0,0
2026-08-13,0,FRA00038,2,1,1,0,,,0,0
2026-08-13,0,HES1543,25,24,14,10,4,,0,0
2026-08-13,0,hes8641,2,2,1,0,1,,0,0
2026-08-13,0,hes7868,9,8,8,0,9,2,0,0
2026-08-13,0,hes7978,3,3,3,0,3,,0,0
2026-08-13,0,hes5713,18,17,17,0,9,4,1,1
2026-08-13,1,borvli001,1,1,1,0,,,0,0
2026-08-13,0,HES4963,1,1,0,1,,,0,0
2026-08-13,0,rmdn8751,1,1,0,1,,,0,0
2026-08-13,0,hes6054,8,8,7,1,4,,0,0
2026-08-13,0,HES7052,3,3,0,3,,,0,0
2026-08-13,0,hes8124,2,2,2,0,2,,0,0
2026-08-13,0,frajamshedpur2,1,1,1,0,,,0,0
2026-08-13,0,hes6664,1,1,1,0,,,0,0
2026-08-13,0,HES6538,1,1,0,1,,,0,0
2026-08-13,1,hes8007,5,4,0,3,,,0,0
2026-08-13,0,hes5736,4,3,1,2,2,,0,0
2026-08-13,0,hes8027,2,2,1,1,,,0,0
2026-08-13,0,HES4294,33,31,18,13,14,,0,0
2026-08-13,0,HES4817,5,4,2,1,3,,0,0
2026-08-13,0,hes7929,5,5,1,3,1,1,1,1
2026-08-13,0,HES3731,3,2,2,0,3,2,1,1
2026-08-13,0,hes6378,5,5,4,0,4,,0,0
2026-08-13,0,hes5487,1,1,1,0,1,,0,0
2026-08-13,0,hes9271,1,1,0,1,,,0,0
2026-08-12,1,HES6224,1,1,0,1,,,0,0
2026-08-12,0,HES4963,7,7,0,7,,,4,2
2026-08-12,0,HES6495,6,6,2,2,3,,1,1
2026-08-12,0,hes7930,2,1,0,1,,,0,0
2026-08-12,0,rmdn3759,4,4,4,0,4,1,0,0
2026-08-12,0,HES4181,3,3,0,3,,,0,0
2026-08-12,0,HES4952,2,2,0,0,,,0,0
2026-08-12,0,hes8459,1,1,0,1,,,0,0
2026-08-12,0,hes7493,3,2,1,1,2,,0,0
2026-08-12,0,fra00373,10,9,1,7,1,,0,0
2026-08-12,0,framumbaithane2,6,5,1,4,,,1,1
2026-08-12,0,HES0803,4,4,2,2,,,0,0
2026-08-12,0,HES4287,10,9,4,4,2,1,0,0
2026-08-12,0,HES3323,4,3,0,3,,,1,1
2026-08-12,0,flm0149,1,1,0,0,,,0,0
2026-08-12,0,frabelapur1,1,1,1,0,,,0,0
2026-08-12,0,hes5488,4,4,4,0,,,0,0
2026-08-12,0,hes7689,3,2,2,0,2,2,0,0
2026-08-12,0,HES4411,1,1,0,1,,,0,0
2026-08-12,0,HES5717,3,3,2,1,,,0,0
2026-08-12,0,HES7155,6,6,5,1,5,,0,0
2026-08-12,0,flm0010,1,1,0,1,,,0,0
2026-08-12,0,hes8236,4,2,0,2,,,0,0
2026-08-12,0,HES4201,2,2,2,0,2,1,0,0
2026-08-12,0,hes6904,2,2,1,1,1,,0,0
2026-08-12,0,FRA00186,1,1,0,1,,,0,0
2026-08-12,0,hes8663,3,3,1,2,1,,0,0
2026-08-12,0,HES7067,3,3,2,0,1,,0,0
2026-08-12,0,hes7260,3,3,1,2,2,,0,0
2026-08-12,0,HES4956,4,3,2,1,,,0,0
2026-08-12,0,fragorakhpur03,9,8,0,8,1,,2,1
2026-08-12,0,hes9402,4,4,0,3,2,,0,0
2026-08-12,0,hes7191,6,5,0,5,3,1,0,0
2026-08-12,1,HES5610,1,1,0,1,,,0,0
2026-08-12,0,icsats99433,10,9,8,0,7,,0,0
2026-08-12,0,hes8736,7,5,2,3,4,,0,0
2026-08-12,0,hes6471,5,5,3,2,3,,0,0
2026-08-12,0,hes6398,4,2,2,0,4,2,0,0
2026-08-12,0,hes5063,4,3,1,1,1,,0,0
2026-08-12,0,HES5364,10,8,4,4,1,,0,0
2026-08-12,1,HES5848,1,1,0,0,,,0,0
2026-08-12,0,hes7744,4,3,2,0,3,,0,0
2026-08-12,0,framohali1,12,9,8,1,3,,0,0
2026-08-12,0,flm0118,1,1,0,1,,,0,0
2026-08-12,0,hes8876,3,2,0,2,,,0,0
2026-08-12,0,hes8048,5,5,0,5,,,0,0
2026-08-12,0,rmdn8243,4,4,4,0,4,,0,0
2026-08-12,0,fra00368,4,3,0,2,,,2,1
2026-08-12,0,rmdn6117,2,2,1,1,1,,0,0
2026-08-12,0,HES6445,3,3,2,1,2,,0,0
2026-08-12,0,flm0072,1,1,0,1,1,1,0,0
2026-08-12,1,HES5555,2,2,2,0,2,,0,0
2026-08-12,0,hes7601,8,7,4,3,4,3,2,1
2026-08-12,0,icsats86677,30,30,29,0,17,2,0,0
2026-08-12,0,hes8470,15,12,3,9,2,1,1,1
2026-08-12,0,HES4171,1,1,1,0,1,,0,0
2026-08-12,0,hes6983,1,1,0,1,,,0,0
2026-08-12,0,HES4166,12,10,4,5,6,,0,0
2026-08-12,0,HES5130,11,9,6,3,9,1,1,1
2026-08-12,0,fraannasalai1,1,1,0,1,,,0,0
2026-08-12,0,hes5132,16,16,10,1,7,4,1,0
2026-08-12,0,hes6191,5,5,0,5,2,1,1,1
2026-08-12,0,hes9230,10,9,8,0,9,,0,0
2026-08-12,0,HES2137,6,5,1,4,,,0,0
2026-08-12,0,rmdn8744,18,17,6,9,10,3,0,0
2026-08-12,0,hes8095,1,1,0,0,,,0,0
2026-08-12,0,hes5922,1,1,1,0,1,,0,0
2026-08-12,0,hes7492,2,2,1,1,1,,0,0
2026-08-12,0,hes9220,1,1,1,0,1,,0,0
2026-08-12,0,HES5970,12,11,3,5,2,2,0,0
2026-08-12,0,flm0166,2,2,0,2,1,,0,0
2026-08-12,0,hes9113,5,4,1,3,,,0,0
2026-08-12,0,HES5173,6,6,6,0,3,1,0,0
2026-08-12,0,hes5964,1,1,1,0,1,1,0,0
2026-08-12,0,hes9086,6,4,1,3,,,0,0
2026-08-12,0,hes8468,1,1,0,1,,,0,0
2026-08-12,0,hes7284,12,9,1,7,,,0,0
2026-08-12,0,hes5559,8,8,0,8,,,0,0
2026-08-12,0,HES7311,8,7,1,6,2,1,0,0
2026-08-12,0,HES2339,7,6,4,2,1,,0,0
2026-08-12,1,HES5130,1,1,0,1,,,0,0
2026-08-12,0,rmdn8751,4,4,0,4,1,,0,0
2026-08-12,0,frapuducherry1,12,7,7,0,,,0,0
2026-08-12,0,rmdn3662,15,13,1,12,9,3,0,0
2026-08-12,0,HES3731,2,2,1,0,1,1,0,0
2026-08-12,0,rmdn6546,12,11,1,9,2,,1,1
2026-08-12,0,HES3459,1,1,1,0,1,,0,0
2026-08-12,0,HES4585,2,2,2,0,2,,0,0
2026-08-12,0,hes9091,9,6,0,6,2,2,0,0
2026-08-12,0,hes8429,3,2,2,0,3,,0,0
2026-08-12,0,hes6852,4,4,4,0,4,3,0,0
2026-08-12,0,HES7202,9,7,2,5,1,,0,0
2026-08-12,0,hes9382,12,12,12,0,9,5,0,0
2026-08-12,0,HES6669,5,5,3,1,2,2,1,1
2026-08-12,0,hes6910,4,2,1,1,,,0,0
2026-08-12,0,HES3398,4,4,4,0,,,0,0
2026-08-12,0,HES0675,3,3,3,0,1,,0,0
2026-08-12,0,hes8647,18,14,5,8,5,,0,0
2026-08-12,0,HES4165,15,13,9,0,9,1,1,1
2026-08-12,0,hes7638,11,9,1,7,9,1,0,0
2026-08-12,0,HES6730,1,1,1,0,1,,0,0
2026-08-12,0,HES6403,10,10,7,3,6,2,2,2
2026-08-12,0,HES1897,4,3,1,2,,,0,0
2026-08-12,0,hes6761,6,5,4,1,1,1,1,1
2026-08-12,1,hes8410,1,1,1,0,1,,0,0
2026-08-12,0,HES5161,1,1,0,1,1,,0,0
2026-08-12,0,HES6661,9,7,1,6,1,,0,0
2026-08-12,0,HES5264,5,5,4,0,4,,0,0
2026-08-12,0,hes9390,1,1,1,0,1,,0,0
2026-08-12,0,HES3590,4,4,0,4,,,0,0
2026-08-12,0,hes7288,13,12,6,5,2,,0,0
2026-08-12,0,HES6510,7,6,6,0,6,,0,0
2026-08-12,0,icsats96092,4,4,4,0,3,,0,0
2026-08-12,1,HES4520,3,2,1,1,2,,0,0
2026-08-12,0,hes9271,4,3,1,2,2,2,1,1
2026-08-12,0,hes6889,8,8,6,2,6,2,0,0
2026-08-12,0,FRA00083,12,11,7,4,,,0,0
2026-08-12,0,HES5804,24,21,7,12,,,0,0
2026-08-12,0,icsats106796,2,2,2,0,2,1,0,0
2026-08-12,0,hes8927,3,3,1,2,1,,0,0
2026-08-12,0,flm0121,1,1,0,1,,,0,0
2026-08-12,0,rmdn5933,17,14,0,13,5,,1,1
2026-08-12,0,AGRA001,1,1,0,1,,,0,0
2026-08-12,0,icsats91558,1,1,1,0,,,0,0
2026-08-12,0,hes9401,4,4,1,3,1,,0,0
2026-08-12,0,rmdn8561,3,3,2,0,1,,0,0
2026-08-12,0,frasouthex6,4,3,0,3,,,0,0
2026-08-12,0,hes6913,12,11,5,3,4,,0,0
2026-08-12,0,fravaishalinagar5,1,1,0,1,,,0,0
2026-08-12,0,hes6131,13,9,4,5,3,1,0,0
2026-08-12,0,icsats106268,11,11,11,0,10,2,1,0
2026-08-12,0,hes8044,1,1,1,0,1,,0,0
2026-08-12,0,HES0958,1,1,0,1,,,0,0
2026-08-12,0,hes6052,7,7,7,0,4,1,0,0
2026-08-12,0,hes6578,12,8,2,6,2,1,0,0
2026-08-12,0,hes7199,1,1,0,1,,,0,0
2026-08-12,0,rmdn8552,10,8,0,8,5,2,0,0
2026-08-12,0,hes9165,5,5,2,3,5,1,1,1
2026-08-12,0,hes6101,9,8,4,4,4,2,3,2
2026-08-12,0,hes8845,1,1,0,1,,,0,0
2026-08-12,1,HES3731,2,2,1,0,1,1,0,0
2026-08-12,0,hes6100,12,11,0,9,,,1,1
2026-08-12,0,hes7731,4,4,4,0,,,1,1
2026-08-12,0,hes7877,13,12,10,0,11,3,0,0
2026-08-12,0,hes7518,3,3,2,1,,,0,0
2026-08-12,0,hes7116,6,6,1,5,1,,0,0
2026-08-12,0,HES4448,3,3,3,0,1,,0,0
2026-08-12,0,icsats100316,6,6,6,0,6,2,1,1
2026-08-12,0,fraindore2,6,5,2,3,,,0,0
2026-08-12,0,hes8630,5,4,1,3,1,,0,0
2026-08-12,0,frawhitefield2,10,10,0,8,,,0,0
2026-08-12,0,HES4061,15,14,0,14,,,0,0
2026-08-12,0,frahydhills1,3,2,0,2,,,0,0
2026-08-12,0,HES1482,2,1,1,0,2,,0,0
2026-08-12,0,hes8524,7,6,1,5,,,0,0
2026-08-12,0,HES2435,2,2,2,0,2,1,1,0
2026-08-12,0,rmdn8564,22,18,3,12,14,,0,0
2026-08-12,0,HES3137,4,2,2,0,2,,0,0
2026-08-12,0,HES2784,1,1,1,0,1,,0,0
2026-08-12,0,hes7652,1,1,1,0,1,1,0,0
2026-08-12,0,hes8564,6,5,5,0,6,,0,0
2026-08-12,0,HES7844,4,4,2,2,2,,0,0
2026-08-12,0,fra00333,8,7,1,5,1,1,1,1
2026-08-12,0,icsats102126,15,13,11,0,11,4,0,0
2026-08-12,0,hes9403,28,24,0,24,2,,1,0
2026-08-12,0,HES4817,2,1,1,0,2,,0,0
2026-08-12,0,HES5215,2,1,1,0,2,,0,0
2026-08-12,0,FRA00080,6,3,3,0,,,0,0
2026-08-12,0,rmdn3529,10,9,9,0,6,1,1,1
2026-08-12,0,HES4573,10,7,2,5,3,,1,1
2026-08-12,0,hes9168,4,3,0,3,,,0,0
2026-08-12,0,flm0063,1,1,0,1,,,0,0
2026-08-12,0,hes7521,4,4,0,4,,,0,0
2026-08-12,0,HES7358,3,3,3,0,2,,0,0
2026-08-12,0,FRA00068,2,1,0,1,,,0,0
2026-08-12,0,icsats92875,11,11,8,0,6,4,2,1
2026-08-12,0,hes6822,2,2,2,0,2,,0,0
2026-08-12,0,flm0168,5,4,0,4,,,0,0
2026-08-12,0,frapunemgroad3,1,1,0,1,,,0,0
2026-08-12,0,hes7854,1,1,1,0,1,,0,0
2026-08-12,0,hes7545,19,17,2,11,2,1,1,1
2026-08-12,0,hes6757,2,2,0,1,,,0,0
2026-08-12,0,fraadajan2,1,1,1,0,,,1,1
2026-08-12,0,hes7980,11,10,5,5,1,,0,0
2026-08-12,1,hes5486,2,2,1,1,2,,0,0
2026-08-12,0,hes9150,25,24,6,17,14,,0,0
2026-08-12,0,hes7653,8,7,6,0,7,5,0,0
2026-08-12,0,hes7530,26,26,24,1,16,1,1,0
2026-08-12,0,hes8410,1,1,1,0,1,,0,0
2026-08-12,0,fraccuesplanade4,2,1,0,1,,,0,0
2026-08-12,0,hes8279,4,4,2,2,2,1,0,0
2026-08-12,0,hes5840,13,8,6,2,9,,0,0
2026-08-12,0,hes8750,11,9,0,8,2,,0,0
2026-08-12,1,HES4171,3,3,3,0,2,,0,0
2026-08-12,0,hes5505,4,4,4,0,3,1,0,0
2026-08-12,0,HES3888,4,4,1,3,2,1,0,0
2026-08-12,0,HES6579,4,4,2,2,2,,0,0
2026-08-12,0,HES5259,2,2,2,0,1,,0,0
2026-08-12,0,HES1543,20,19,12,6,3,,0,0
2026-08-12,0,hes5327,19,16,5,11,6,3,1,1
2026-08-12,0,hes5529,8,8,8,0,7,2,0,0
2026-08-12,0,ICSATS90189,1,1,0,1,,,0,0
2026-08-12,1,hes5444,4,2,0,2,,,0,0
2026-08-12,0,HES4501,7,6,5,0,5,1,0,0
2026-08-12,0,fraghatkopar02,12,10,0,5,,,0,0
2026-08-12,0,fra00324,1,1,1,0,1,,0,0
2026-08-12,0,borvli001,14,12,3,6,,,1,1
2026-08-12,1,hes7594,1,1,1,0,1,,0,0
2026-08-12,0,hes9206,3,2,0,2,1,,0,0
2026-08-12,0,hes9177,3,3,0,2,,,0,0
2026-08-12,0,hes5497,1,1,1,0,1,1,0,0
2026-08-12,0,HES5434,5,4,3,1,3,,0,0
2026-08-12,1,hes5840,4,3,1,2,,,0,0
2026-08-12,0,icsats81376,7,7,7,0,7,,0,0
2026-08-12,0,hes6568,1,1,0,1,1,,0,0
2026-08-12,1,HES4473,1,1,0,0,,,0,0
2026-08-12,0,hes8711,2,2,0,2,,,0,0
2026-08-12,0,hes5948,3,2,2,0,3,,0,0
2026-08-12,0,HES3384,15,14,14,0,14,4,0,0
2026-08-12,0,hes5643,11,11,9,2,7,3,0,0
2026-08-12,0,HES5388,7,7,3,4,2,1,2,1
2026-08-12,0,HES5554,5,3,0,3,,,0,0
2026-08-12,0,hes6274,6,6,0,6,,,0,0
2026-08-12,0,hes8832,3,3,2,1,1,,0,0
2026-08-12,0,hes9007,5,5,0,5,2,,0,0
2026-08-12,0,hes9249,9,8,4,4,,,0,0
2026-08-12,0,hes5732,3,2,0,2,,,0,0
2026-08-12,0,HES4324,9,6,2,4,2,2,0,0
2026-08-12,0,hes7425,1,1,0,1,,,0,0
2026-08-12,0,hes8999,11,10,9,0,10,1,1,1
2026-08-12,0,hes5079,4,4,3,1,,,1,1
2026-08-12,0,FRA00258,10,8,7,1,1,,0,0
2026-08-12,0,HES7512,4,4,4,0,4,2,1,1
2026-08-12,0,HES4511,2,2,2,0,2,,0,0
2026-08-12,0,hes8450,1,1,1,0,1,,0,0
2026-08-12,0,hes6034,3,3,1,1,,,0,0
2026-08-12,0,fraudaipur02,2,1,1,0,,,0,0
2026-08-12,0,hes5821,3,2,2,0,2,,0,0
2026-08-12,0,HES0558,1,1,0,1,,,0,0
2026-08-12,0,hes8733,4,4,4,0,4,1,0,0
2026-08-12,0,HES6187,1,1,1,0,1,,0,0
2026-08-12,0,HES5033,2,2,0,1,,,0,0
2026-08-12,0,hes5929,7,6,1,5,1,,0,0
2026-08-12,0,hes7925,40,37,11,23,2,1,1,1
2026-08-12,0,hes9328,2,2,2,0,2,2,0,0
2026-08-12,0,HES5728,1,1,1,0,1,,0,0
2026-08-12,0,HES1970,10,9,2,6,1,1,1,1
2026-08-12,0,HES5480,1,1,1,0,1,,0,0
2026-08-12,0,delcp0002,2,2,2,0,,,0,0
2026-08-12,0,fraravet1,3,3,3,0,1,,0,0
2026-08-12,0,HES5555,1,1,0,1,,,0,0
2026-08-12,0,hes6436,2,2,0,2,,,0,0
2026-08-12,0,hes7469,7,5,1,4,3,,0,0
2026-08-12,0,HES4520,3,3,2,1,3,,0,0
2026-08-12,0,HES3942,2,2,2,0,2,,0,0
2026-08-12,0,hes5735,6,6,3,3,2,2,1,1
2026-08-12,0,frabhopal3,1,1,1,0,,,0,0
2026-08-12,0,hes5904,13,13,11,1,9,2,0,0
2026-08-12,0,hes6967,1,1,1,0,1,,0,0
2026-08-12,0,hes7570,7,6,1,1,2,,0,0
2026-08-12,0,HES7050,1,1,1,0,,,0,0
2026-08-12,0,HES5096,12,12,1,10,,,0,0
2026-08-12,0,hes5112,2,2,0,2,,,0,0
2026-08-12,0,HES6592,4,4,4,0,4,3,0,0
2026-08-12,0,HES3977,5,4,2,2,,,0,0
2026-08-12,0,HES4767,10,8,1,7,2,,0,0
2026-08-12,0,hes7549,5,3,2,1,3,2,0,0
2026-08-12,0,hes9144,1,1,0,1,,,0,0
2026-08-12,0,hes8000,5,5,0,5,,,0,0
2026-08-12,0,HES4791,9,7,1,4,3,,0,0
2026-08-12,0,HES4877,3,2,0,2,,,0,0
2026-08-12,0,hes6753,6,6,5,0,1,,0,0
2026-08-12,0,HES2524,4,4,4,0,1,,0,0
2026-08-12,0,hes8271,13,10,9,0,8,,0,0
2026-08-12,0,frakochi03,2,1,1,0,,,0,0
2026-08-12,0,hes9164,5,4,3,1,,,0,0
2026-08-12,0,hes6147,2,1,1,0,2,,0,0
2026-08-12,0,rmdn7040,2,2,2,0,2,,0,0
2026-08-12,0,hes9021,5,5,5,0,5,1,0,0
2026-08-12,0,hes8778,1,1,0,1,,,0,0
2026-08-12,0,hes8527,1,1,0,1,,,0,0
2026-08-12,0,hes8131,12,10,4,6,,,0,0
2026-08-12,0,hes8349,5,5,0,3,,,0,0
2026-08-12,0,hes8340,24,21,8,13,16,4,1,0
2026-08-12,0,HES4406,4,3,0,3,1,,0,0
2026-08-12,0,rmdn8418,5,5,5,0,4,,0,0
2026-08-12,0,hes8601,17,14,13,0,14,9,2,2
2026-08-12,0,hes8265,6,5,5,0,6,1,1,1
2026-08-12,0,hes8354,19,17,4,11,4,2,0,0
2026-08-12,0,HES3861,1,1,0,1,,,0,0
2026-08-12,0,hes6557,5,4,0,4,5,1,1,1
2026-08-12,0,hes8287,3,3,3,0,3,,0,0
2026-08-12,0,hes7961,14,13,1,12,1,,0,0
2026-08-12,0,hes8443,10,8,8,0,9,1,1,1
2026-08-12,0,hes7449,5,5,0,5,1,,0,0
2026-08-12,0,HES4823,4,4,4,0,3,,0,0
2026-08-12,0,HES2517,2,2,2,0,,,0,0
2026-08-12,0,hes8411,5,4,4,0,5,,0,0
2026-08-12,0,HES5068,5,4,2,2,3,,0,0
2026-08-12,0,hes8825,1,1,1,0,,,0,0
2026-08-12,0,hes6627,2,2,2,0,2,,0,0
2026-08-12,0,hes7969,1,1,0,1,,,0,0
2026-08-12,0,HES5121,4,4,0,3,,,0,0
2026-08-12,0,hes6438,1,1,0,1,,,0,0
2026-08-12,0,hes7758,5,5,2,3,5,,0,0
2026-08-12,0,hes5822,6,6,6,0,3,1,0,0
2026-08-12,0,HES1874,8,7,5,0,5,,0,0
2026-08-12,0,HES4544,2,2,2,0,2,,0,0
2026-08-12,0,HES4115,20,18,1,17,5,,1,1
2026-08-12,0,hes7561,15,13,0,12,,,0,0
2026-08-12,0,hes8929,6,6,4,1,3,2,0,0
2026-08-12,0,hes6918,14,10,0,8,,,0,0
2026-08-12,0,rmdn8566,2,2,0,2,2,,0,0
2026-08-12,0,HES1513,2,2,0,2,,,0,0
2026-08-12,0,hes8984,1,1,1,0,1,1,0,0
2026-08-12,0,hes8985,1,1,0,1,,,0,0
2026-08-12,0,hes7924,4,4,1,3,1,,0,0
2026-08-12,0,hes7214,4,3,2,0,2,2,1,1
2026-08-12,0,hes6049,2,2,2,0,2,1,1,1
2026-08-12,0,HES4532,6,6,0,6,,,0,0
2026-08-12,0,HES5869,3,2,1,1,,,0,0
2026-08-12,0,RMDN1132,14,12,2,8,2,1,0,0
2026-08-12,0,hes6664,16,12,8,4,12,4,1,1
2026-08-12,0,HES2039,1,1,1,0,,,0,0
2026-08-12,0,hes5563,1,1,0,1,,,0,0
2026-08-12,0,hes7978,5,5,5,0,4,,0,0
2026-08-12,0,hes8123,4,4,4,0,4,,0,0
2026-08-12,0,HES8091,4,4,0,4,1,,0,0
2026-08-12,0,surat001,1,1,0,1,,,0,0
2026-08-12,0,hes5614,10,10,8,2,10,2,0,0
2026-08-12,0,hes5658,1,1,1,0,,,0,0
2026-08-12,0,fraandheri2,4,3,2,1,1,,1,1
2026-08-12,0,fraadajan1,2,2,0,2,,,0,0
2026-08-12,0,frasouthex9,11,9,9,0,7,,0,0
2026-08-12,0,hes7868,2,2,2,0,1,,0,0
2026-08-12,0,hes7143,3,2,1,1,3,2,1,1
2026-08-12,0,vadod001,1,1,1,0,,,0,0
2026-08-12,0,FRA00313,6,5,0,5,,,0,0
2026-08-12,0,FRA00085,3,3,3,0,,,0,0
2026-08-12,0,hes6932,2,1,1,0,,,0,0
2026-08-12,0,HES4548,21,19,11,6,8,1,1,1
2026-08-12,0,hes7869,2,2,0,2,2,,0,0
2026-08-12,0,HES5876,6,6,4,2,4,,0,0
2026-08-12,0,hes5659,1,1,0,1,,,0,0
2026-08-12,0,hes8505,2,2,1,1,,,0,0
2026-08-12,0,HES6834,7,6,1,5,,,0,0
2026-08-12,0,flm0007,1,1,0,1,1,1,0,0
2026-08-12,0,HES0993,30,30,25,5,15,2,0,0
2026-08-12,0,hes8027,3,3,3,0,3,,0,0
2026-08-12,0,hes7461,6,5,0,5,,,0,0
2026-08-12,0,rmdn6887,15,15,0,14,,,0,0
2026-08-12,0,HES5945,1,1,1,0,1,,0,0
2026-08-12,0,HES7056,2,2,2,0,2,,0,0
2026-08-12,0,icsats106797,8,8,8,0,7,1,0,0
2026-08-12,0,hes8448,6,6,5,1,2,,0,0
2026-08-12,0,HES4753,10,8,1,7,,,1,1
2026-08-12,0,flm0126,3,2,0,2,,,0,0
2026-08-12,0,HES4297,2,2,0,2,1,,0,0
2026-08-12,0,hes9211,21,13,6,7,2,1,0,0
2026-08-12,1,hes8443,4,3,3,0,4,,0,0
2026-08-12,0,FRA00190,5,4,0,4,1,,1,1
2026-08-12,0,hes7596,12,11,0,11,,,1,1
2026-08-12,0,hes6690,20,16,7,8,1,,0,0
2026-08-12,0,HES4795,3,3,0,1,,,1,1
2026-08-12,0,HES2437,1,1,1,0,,,0,0
2026-08-12,0,hes8556,2,2,2,0,2,,0,0
2026-08-12,0,rmdn8196,10,10,10,0,8,,0,0
2026-08-12,0,hes8402,2,2,0,2,,,0,0
2026-08-12,0,hes8415,1,1,1,0,,,0,0
2026-08-12,0,ICSATS103168,5,4,4,0,5,1,0,0
2026-08-12,0,hes7948,8,7,0,7,1,,0,0
2026-08-12,0,hes6099,30,30,29,0,27,4,0,0
2026-08-12,0,fraudaipur01,10,7,4,3,1,,0,0
2026-08-12,0,HES6677,4,4,3,1,,,0,0
2026-08-12,0,hes9010,6,6,0,4,,,0,0
2026-08-12,0,HES6762,15,14,6,6,2,,0,0
2026-08-12,0,hes6790,1,1,1,0,,,0,0
2026-08-12,0,hes7938,1,1,0,1,,,0,0
2026-08-12,0,hes9335,2,2,2,0,2,,0,0
2026-08-12,0,hes8930,11,9,6,1,9,1,0,0
2026-08-12,0,FRA00088,1,1,1,0,,,0,0
2026-08-12,0,hes6639,4,4,4,0,4,,0,0
2026-08-12,0,hes8977,10,8,4,4,,,0,0
2026-08-12,0,hes7506,9,8,6,0,6,3,0,0
2026-08-12,0,hes8969,5,5,2,3,,,0,0
2026-08-12,0,HES0984,1,1,0,1,1,,0,0
2026-08-12,0,HES2541,1,1,0,1,,,0,0
2026-08-12,0,HES4856,6,5,5,0,3,,0,0
2026-08-12,0,fradadar1,3,3,3,0,3,,0,0
2026-08-12,0,HES4118,14,11,11,0,13,1,0,0
2026-08-12,0,HES6146,15,15,13,2,12,,0,0
2026-08-12,0,SBOPAL01,3,3,3,0,,,0,0
2026-08-12,0,hes7488,7,7,4,2,1,,0,0
2026-08-12,0,HES4381,2,2,2,0,2,,0,0
2026-08-12,0,hes6378,1,1,1,0,1,,0,0
2026-08-12,0,hes7679,2,2,2,0,2,,0,0
2026-08-12,0,hes8836,2,2,1,1,1,,0,0
2026-08-12,1,HES5033,4,3,0,2,,,0,0
2026-08-12,0,hes5062,3,3,3,0,2,,0,0
2026-08-12,0,fra00133,6,5,0,4,,,0,0
2026-08-12,0,fra00309,5,4,1,3,,,0,0
2026-08-12,0,hes8803,3,3,2,1,2,,0,0
2026-08-12,0,hes7163,2,1,0,1,,,0,0
2026-08-12,0,icsats106934,2,2,2,0,1,,0,0
2026-08-12,0,frajabalpur3,1,1,0,1,,,0,0
2026-08-12,0,hes7974,10,8,2,6,1,,0,0
2026-08-12,0,hes8407,2,1,1,0,2,,0,0
2026-08-12,0,hes6937,1,1,1,0,1,,0,0
2026-08-12,0,HES2389,1,1,1,0,,,0,0
2026-08-12,0,frainfantryroad1,3,2,0,2,,,0,0
2026-08-12,0,flm0097,8,6,0,5,4,3,0,0
2026-08-12,0,hes7934,3,3,1,2,,,0,0
2026-08-12,0,hes8375,2,1,0,1,,,0,0
2026-08-12,0,HES2686,7,4,2,2,,,0,0
2026-08-12,0,hes7547,1,1,0,1,,,0,0
2026-08-12,0,hes7625,8,8,6,0,6,1,0,0
2026-08-12,0,HES7830,13,12,2,10,2,1,2,1
2026-08-12,0,fraandheri6,2,2,2,0,,,0,0
2026-08-12,0,hes7696,1,1,0,1,,,0,0
2026-08-12,0,hes7093,2,1,0,1,,,0,0
2026-08-12,0,hes9022,1,1,1,0,,,0,0
2026-08-12,0,frafaridabad001,2,2,0,2,,,0,0
2026-08-12,0,hes9252,2,2,1,1,1,,0,0
2026-08-12,0,hes7010,6,4,2,2,,,0,0
2026-08-12,0,hes6283,1,1,0,1,,,0,0
2026-08-12,0,hes6235,8,6,2,4,3,1,0,0
2026-08-12,0,hes9123,6,4,0,4,,,0,0
2026-08-12,0,MATHURA006,6,4,4,0,1,,0,0
2026-08-12,0,HES6144,9,8,2,6,,,0,0
2026-08-12,0,hes7671,11,10,4,4,,,1,1
2026-08-12,0,hes5932,15,12,12,0,13,5,2,1
2026-08-12,0,HES6869,5,5,1,4,1,1,1,0
2026-08-12,0,HES7368,2,1,1,0,2,,0,0
2026-08-12,0,frahydparadise1,2,2,0,2,,,0,0
2026-08-12,0,HES2933,2,2,2,0,2,,0,0
2026-08-12,0,frasbopal05,6,4,0,4,,,0,0
2026-08-12,0,FRA00090,11,11,10,0,6,,0,0
2026-08-12,0,hes6047,5,5,4,1,2,,0,0
2026-08-12,0,fra00364,11,10,7,3,,,0,0
2026-08-12,0,HES4848,2,2,2,0,,,0,0
2026-08-12,0,hes6980,1,1,0,1,,,0,0
2026-08-12,0,hes5943,17,17,16,0,10,,0,0
2026-08-12,0,hes5805,4,4,4,0,3,2,1,0
2026-08-12,0,hes7305,15,12,0,11,2,1,1,1
2026-08-12,0,HES5313,6,5,5,0,6,4,0,0
2026-08-12,0,hes8175,3,3,3,0,3,1,0,0
2026-08-12,0,hes5875,2,2,1,1,1,,0,0
2026-08-12,0,hes6999,8,7,0,7,,,0,0
2026-08-12,0,hes9140,2,2,2,0,2,,0,0
2026-08-12,1,hes6148,1,1,0,1,,,0,0
2026-08-12,0,hes5910,6,5,4,0,5,,0,0
2026-08-12,0,hes7725,3,3,2,1,1,,0,0
2026-08-12,0,rmdn8419,7,6,1,4,2,1,0,0
2026-08-12,0,hes5745,4,3,1,2,,,0,0
2026-08-12,0,hes6373,23,22,11,10,5,3,0,0
2026-08-12,0,hes6881,13,13,12,0,10,1,0,0
2026-08-12,0,vadod007,5,4,0,3,,,0,0
2026-08-12,0,hes8355,3,3,0,3,,,0,0
2026-08-12,0,FRA00105,35,28,12,16,3,,1,1
2026-08-12,0,HES4090,3,3,0,3,,,0,0
2026-08-12,0,hes6518,4,4,4,0,2,,0,0
2026-08-12,0,HES3959,3,3,0,3,,,0,0
2026-08-12,0,hes7340,1,1,0,1,,,0,0
2026-08-12,0,hes6844,17,15,4,11,3,,0,0
2026-08-12,0,hes8573,3,3,1,2,,,0,0
2026-08-12,0,HES7367,17,15,14,1,17,4,0,0
2026-08-12,0,frablrjayanagar1,2,2,2,0,,,0,0
2026-08-12,0,icsats99353,12,12,10,0,8,4,1,1
2026-08-12,0,hes6619,10,8,4,4,5,,0,0
2026-08-12,0,fraludhiana1,3,3,3,0,2,,0,0
2026-08-12,0,FRA00351,1,1,1,0,1,,0,0
2026-08-12,0,HES7051,2,1,0,1,,,0,0
2026-08-12,0,fra00261,1,1,1,0,,,0,0
2026-08-12,1,hes5021,2,2,2,0,,,0,0
2026-08-12,0,hes9204,1,1,0,1,1,,0,0
2026-08-12,0,hes6119,42,33,16,17,4,,2,0
2026-08-12,0,hes9059,12,12,4,8,4,,0,0
2026-08-12,0,vadod002,4,4,4,0,,,0,0
2026-08-12,0,HES4453,16,12,5,7,5,5,1,1
2026-08-12,0,hes5466,3,2,0,2,,,0,0
2026-08-12,0,HES2037,1,1,0,1,,,0,0
2026-08-12,0,hes7442,1,1,1,0,1,,0,0
2026-08-12,0,hes8686,1,1,0,1,,,0,0
2026-08-12,0,frabalewadi001,33,27,0,26,,,1,1
2026-08-12,0,hes7760,5,5,2,3,,,0,0
2026-08-12,0,franoida009,2,2,1,0,,,0,0
2026-08-12,0,hes7138,7,5,0,5,,,0,0
2026-08-12,0,hes6497,3,2,0,2,3,,0,0
2026-08-12,0,FRA00176,5,5,0,5,,,0,0
2026-08-12,0,hes7155,5,5,5,0,5,,0,0
2026-08-12,0,HES2608,5,5,0,5,2,,0,0
2026-08-12,0,rmdn7049,20,19,10,9,11,2,0,0
2026-08-12,0,hes5858,12,11,6,4,7,7,2,2
2026-08-12,0,hes8333,9,8,7,0,7,1,0,0
2026-08-12,0,fra00374,4,3,3,0,,,0,0
2026-08-12,0,hes8156,3,3,0,3,,,0,0
2026-08-12,0,fra00334,5,5,1,4,1,,1,1
2026-08-12,0,hes8077,1,1,1,0,1,,0,0
2026-08-12,0,flm0142,3,2,0,2,1,,0,0
2026-08-12,0,hes5078,9,9,2,7,1,,0,0
2026-08-12,0,hes5911,6,5,3,2,5,,0,0
2026-08-12,0,frabareilly02,4,3,0,3,,,0,0
2026-08-12,0,HES4962,6,5,2,2,2,,0,0
2026-08-12,0,hes7677,26,24,13,11,14,4,2,0
2026-08-12,0,hes7183,5,5,5,0,2,,0,0
2026-08-12,0,rmdn3663,56,49,6,42,9,2,0,0
2026-08-12,0,hes5443,3,3,1,2,,,0,0
2026-08-12,0,hes6527,2,2,0,2,,,0,0
2026-08-12,0,hes5814,1,1,1,0,,,0,0
2026-08-12,0,hes6916,14,14,3,11,3,,0,0
2026-08-12,0,hes6650,1,1,1,0,1,,0,0
2026-08-12,0,hes8709,11,10,9,1,10,,0,0
2026-08-12,0,FRA00175,3,2,0,2,,,0,0
2026-08-12,0,indrnt005,3,3,0,3,,,0,0
2026-08-12,0,hes8453,2,2,1,1,,,0,0
2026-08-12,0,HES1426,1,1,1,0,1,,0,0
2026-08-12,0,hes7306,8,7,1,5,1,,0,0
2026-08-12,0,hes6658,1,1,0,0,,,0,0
2026-08-12,0,HES4828,5,4,0,4,,,0,0
2026-08-12,0,hes6572,11,10,7,3,7,3,1,0
2026-08-12,0,hes5476,3,2,1,1,2,,0,0
2026-08-12,0,hes6821,2,1,0,1,,,0,0
2026-08-12,0,hes6653,6,6,0,6,,,0,0
2026-08-12,0,rmdn1559,21,18,10,7,14,4,1,1
2026-08-12,0,FRA00172,2,1,1,0,,,0,0
2026-08-12,0,hes8449,9,6,0,6,,,0,0
2026-08-12,0,hes7186,3,3,0,2,,,0,0
2026-08-12,0,rmdn8740,1,1,0,1,1,,0,0
2026-08-12,0,hes8641,5,4,3,1,5,4,1,1
2026-08-12,0,icsats77190,9,9,8,0,7,1,0,0
2026-08-12,0,hes7730,28,24,6,16,13,2,0,0
2026-08-12,0,icsats106790,5,5,3,2,3,2,1,1
2026-08-12,0,hes9227,5,5,2,3,2,,0,0
2026-08-12,0,HES3828,2,2,2,0,,,0,0
2026-08-12,0,hes5720,1,1,1,0,1,,0,0
2026-08-12,0,hes7229,6,5,2,3,1,,0,0
2026-08-12,0,flm0098,1,1,0,1,,,0,0
2026-08-12,0,hes8026,1,1,0,1,,,0,0
2026-08-12,0,HES7648,22,18,17,0,18,7,2,0
2026-08-12,0,rmdn1726,8,8,5,2,4,2,1,1
2026-08-12,0,hes9053,1,1,0,1,,,0,0
2026-08-12,0,hes8800,1,1,0,1,,,0,0
2026-08-12,0,hes7614,2,2,2,0,1,,0,0
2026-08-12,0,hes9001,30,24,0,24,4,2,3,3
2026-08-12,0,hes6927,6,5,1,4,,,0,0
2026-08-12,0,hes6591,3,3,0,3,,,0,0
2026-08-12,0,saratbose001,4,4,4,0,,,0,0
2026-08-12,0,frajamshedpur2,2,2,2,0,1,,0,0
2026-08-12,0,HES7520,4,4,0,4,1,,0,0
2026-08-12,0,hes5105,8,6,3,3,4,,0,0
2026-08-12,0,HES7353,2,1,1,0,2,,0,0
2026-08-12,0,fravadod008,3,2,1,1,2,,0,0
2026-08-12,0,rmdn8240,16,11,1,8,4,,0,0
2026-08-12,0,fraborivali5,1,1,1,0,1,,0,0
2026-08-12,0,hes6893,3,2,0,2,,,0,0
2026-08-12,0,hes8534,7,7,0,7,,,0,0
2026-08-12,0,HES6538,1,1,0,1,1,,0,0
2026-08-12,0,fra00323,4,4,0,1,,,0,0
2026-08-12,0,hes5453,6,5,0,4,,,1,1
2026-08-12,0,hes8452,10,8,3,5,,,0,0
2026-08-12,0,FRA00349,1,1,0,1,,,0,0
2026-08-12,0,ASHMEETK,3,3,0,3,,,0,0
2026-08-12,0,hes9240,16,15,13,0,13,1,0,0
2026-08-12,0,hes9306,2,2,1,0,1,,0,0
2026-08-12,1,hes7195,2,2,1,0,,,0,0
2026-08-12,0,rmdn5249,36,35,35,0,24,4,2,2
2026-08-12,0,rmdn8201,9,8,8,0,9,,0,0
2026-08-12,0,hes5321,4,4,2,2,2,,0,0
2026-08-12,0,hes5799,4,3,0,3,,,0,0
2026-08-12,0,HES2358,11,11,1,10,,,0,0
2026-08-12,0,hes7740,8,7,7,0,6,,0,0
2026-08-12,0,HES3185,2,2,1,0,1,,0,0
2026-08-12,0,hes7195,2,2,1,1,2,1,1,1
2026-08-12,0,hes7753,10,9,6,3,4,1,0,0
2026-08-12,0,hes7567,4,4,3,1,3,2,0,0
2026-08-12,0,FRA00100,11,10,5,4,,,0,0
2026-08-12,0,HES8074,6,6,0,5,2,1,0,0
2026-08-12,0,hes8976,2,2,0,2,,,0,0
2026-08-12,0,hes5816,4,4,0,4,1,,0,0
2026-08-12,0,HES4951,1,1,1,0,1,,0,0
2026-08-12,0,hes8718,1,1,1,0,1,,0,0
2026-08-12,0,hes6183,1,1,0,1,,,0,0
2026-08-12,0,fraagra02,3,3,0,3,,,0,0
2026-08-12,0,frajaipurr1,3,2,0,2,,,0,0
2026-08-12,0,HES5200,2,2,0,2,,,0,0
2026-08-12,0,HES3905,4,4,3,1,,,0,0
2026-08-12,0,rmdn7065,23,20,3,16,,,0,0
2026-08-12,0,hes6550,14,13,0,12,,,0,0
2026-08-12,0,hes5119,1,1,1,0,1,,0,0
2026-08-12,0,nungambakkam001,5,5,4,0,3,,0,0
2026-08-12,0,hes9099,3,3,2,1,,,0,0
2026-08-12,0,HES6292,6,4,2,2,1,,0,0
2026-08-12,0,hes5159,2,2,2,0,,,0,0
2026-08-12,0,noida004,9,7,6,0,2,,1,1
2026-08-12,1,hes7506,17,16,13,2,11,2,0,0
2026-08-12,0,hes8842,1,1,1,0,,,0,0
2026-08-12,0,HES3381,14,13,13,0,13,2,0,0
2026-08-12,0,frajamshedpur1,1,1,1,0,,,0,0
2026-08-12,0,hes7991,4,3,0,3,,,0,0
2026-08-12,0,hes7096,3,3,0,3,,,0,0
2026-08-12,0,hes7498,2,2,1,1,,,0,0
2026-08-12,0,hes7489,4,3,0,3,1,,0,0
2026-08-12,0,frawhitefield1,5,4,4,0,1,,0,0
2026-08-12,0,hes5098,6,6,2,4,,,0,0
2026-08-12,0,hes8284,18,15,0,14,1,,0,0
2026-08-12,0,hes7516,17,14,3,11,2,2,1,1
2026-08-12,0,HES5423,3,3,3,0,1,,0,0
2026-08-12,0,hes8813,2,2,0,2,,,0,0
2026-08-12,0,hes8167,1,1,0,1,,,0,0
2026-08-12,0,HES6224,2,2,0,2,,,0,0
2026-08-12,0,frasaltlake2,8,5,5,0,6,,1,1
2026-08-12,1,HES5331,1,1,1,0,1,,0,0
2026-08-12,0,hes9066,3,3,2,0,2,,0,0
2026-08-12,0,rmdn7054,12,11,1,10,,,0,0
2026-08-12,0,hes8560,13,12,12,0,11,1,0,0
2026-08-12,0,icsats91506,17,17,16,0,16,8,1,1
2026-08-12,0,hes5504,2,2,0,2,,,0,0
2026-08-12,0,HES7362,5,4,1,3,,,0,0
2026-08-12,0,fraprahaladnagar1,4,3,3,0,3,,0,0
2026-08-12,0,hes7253,1,1,1,0,,,0,0
2026-08-12,0,rmdn8204,14,13,9,0,10,3,0,0
2026-08-12,1,HES4791,1,1,0,0,,,0,0
2026-08-12,0,hes7546,1,1,0,1,,,0,0
2026-08-12,0,rmdn7229,4,4,4,0,3,,0,0
2026-08-12,0,HES4473,2,2,0,0,,,0,0
2026-08-12,0,HES7360,7,5,2,3,1,,0,0
2026-08-12,0,hes9322,8,6,4,1,6,,0,0
2026-08-12,0,hes7605,1,1,0,0,,,0,0
2026-08-12,0,hes7274,4,4,0,3,,,0,0
2026-08-12,0,HES6112,2,2,0,2,2,,0,0
2026-08-12,0,fraggn1,1,1,1,0,,,0,0
2026-08-12,0,HES4707,7,6,0,5,,,0,0
2026-08-12,0,fra00338,19,15,0,15,,,1,1
2026-08-12,0,hes8849,16,16,7,7,1,,2,1
2026-08-12,0,hes6038,4,3,0,3,1,,0,0
2026-08-12,0,hes7212,6,3,0,3,,,0,0
2026-08-12,0,hes6938,9,8,3,5,1,1,1,1
2026-08-12,0,hes6376,2,2,1,1,1,,0,0
2026-08-12,0,HES5848,4,4,3,0,3,,0,0
2026-08-12,0,hes5654,2,1,0,1,,,0,0
2026-08-12,0,FRA00144,12,11,2,9,,,1,1
2026-08-12,0,HES5274,13,12,3,8,1,,1,1
2026-08-12,0,HES4521,2,2,2,0,2,1,1,1
2026-08-12,0,HES6567,5,5,3,1,1,,0,0
2026-08-12,0,hes7866,4,4,1,3,,,0,0
2026-08-12,0,icsats88698,6,6,6,0,6,1,0,0
2026-08-12,1,hes5079,1,1,1,0,1,,0,0
2026-08-12,0,hes7620,3,2,2,0,3,,0,0
2026-08-12,0,hes5557,9,6,1,5,,,0,0
2026-08-12,0,HES8480,3,2,2,0,,,0,0
2026-08-12,0,hes8215,5,4,0,4,1,,0,0
2026-08-12,0,hes6014,5,4,3,1,5,,0,0
2026-08-12,0,RMDN8370,6,5,4,0,5,,0,0
2026-08-12,0,hes7511,6,6,1,5,1,1,1,1
2026-08-12,0,hes8455,11,10,1,9,,,0,0
2026-08-12,0,ICSATS99349,7,7,7,0,7,1,1,1
2026-08-12,0,hes8121,5,5,0,5,2,,0,0
2026-08-12,0,hes8076,1,1,1,0,1,,0,0
2026-08-12,0,tes010,4,4,2,1,2,1,1,1
2026-08-12,0,icsats88688,11,11,11,0,10,1,1,1
2026-08-12,0,hes9422,18,16,8,7,8,2,0,0
2026-08-12,0,hes5713,10,9,7,2,7,,0,0
2026-08-12,0,HES8433,1,1,1,0,1,,0,0
2026-08-12,0,hes6614,13,10,6,4,9,6,0,0
2026-08-12,0,frahowrah003,5,4,0,3,,,0,0
2026-08-12,1,hes7029,3,2,2,0,2,,0,0
2026-08-12,0,HES5058,3,3,0,3,1,,0,0
2026-08-12,0,HES3191,7,7,3,4,3,1,1,1
2026-08-12,0,hes8655,1,1,1,0,1,1,0,0
2026-08-12,0,HES7470,3,3,0,3,,,0,0
2026-08-12,0,hes6294,3,3,1,2,1,1,0,0
2026-08-12,0,HES5254,1,1,0,1,,,0,0
2026-08-12,0,hes5564,12,12,10,2,5,,0,0
2026-08-12,0,hes8557,8,6,3,3,6,2,0,0
2026-08-12,0,hes6546,17,15,3,11,10,1,0,0
2026-08-12,0,HES6519,6,4,0,4,,,0,0
2026-08-12,0,HES4961,33,29,15,14,7,1,1,0
2026-08-12,0,hes5759,2,2,0,1,,,0,0
2026-08-12,0,icsats103494,13,12,12,0,11,,1,1
2026-08-12,0,HES7728,5,5,2,3,2,,0,0
2026-08-12,1,hes8876,1,1,0,1,,,0,0
2026-08-12,0,hes7992,1,1,0,1,,,0,0
2026-08-12,0,hes8592,2,2,0,1,1,1,1,1
2026-08-12,0,hes9290,17,14,1,13,4,2,1,1
2026-08-12,0,hes8189,9,8,2,6,2,,0,0
2026-08-12,0,rmdn4078,44,35,9,25,10,3,3,3
2026-08-12,0,hes6885,1,1,1,0,,,0,0
2026-08-12,0,hes6905,3,3,2,1,1,,0,0
2026-08-12,0,fra00266,1,1,0,1,,,0,0
2026-08-12,0,hes8237,12,12,7,5,1,,0,0
2026-08-12,0,franagpur1,8,7,7,0,1,,0,0
2026-08-12,0,HES4893,5,5,0,5,,,0,0
2026-08-12,0,FRA00140,1,1,0,1,,,0,0
2026-08-12,0,hes8417,11,10,8,2,7,2,0,0
2026-08-12,0,fra00288,7,5,0,5,,,0,0
2026-08-12,0,hes9424,1,1,0,1,,,0,0
2026-08-12,0,FRA00104,3,2,0,2,,,0,0
2026-08-12,0,frahydhills2,2,2,2,0,,,0,0
2026-08-12,0,HES0667,3,2,2,0,3,,0,0
2026-08-12,0,hes7119,6,6,4,0,4,,0,0
2026-08-12,0,icsats92883,28,27,25,0,23,7,0,0
2026-08-12,0,HES1181,3,3,1,2,1,,0,0
2026-08-12,0,HES0504,8,6,3,3,4,,0,0
2026-08-12,0,hes9264,11,10,3,7,1,,0,0
2026-08-12,0,FRA00038,1,1,1,0,1,,0,0
2026-08-12,0,HES5427,1,1,1,0,,,0,0
2026-08-12,0,hes8444,18,15,2,11,3,,0,0
2026-08-12,0,hes8712,8,7,3,2,,,0,0
2026-08-12,0,HES5748,11,9,3,5,3,3,2,2
2026-08-12,0,rmdn1337,18,15,13,1,16,,1,1
2026-08-12,0,hes5444,2,2,0,2,,,0,0
2026-08-12,0,icsats90188,8,8,1,6,4,1,1,1
2026-08-12,0,hes7779,4,4,4,0,4,,0,0
2026-08-12,0,rmdn8748,10,7,0,7,8,3,1,1
2026-08-12,0,hes6665,2,2,0,2,1,,0,0
2026-08-12,0,fraimphal4,6,4,3,1,1,,0,0
2026-08-12,0,FRA00106,2,2,2,0,,,0,0
2026-08-12,0,hes9141,22,20,2,14,1,,0,0
2026-08-12,0,hes5113,2,2,0,2,,,0,0
2026-08-12,0,hes9034,6,6,3,2,,,0,0
2026-08-12,0,hes6890,22,18,10,7,16,7,2,2
2026-08-12,0,HES7727,20,19,11,8,12,3,1,1
2026-08-12,0,hes6179,5,5,3,2,4,1,1,1
2026-08-12,0,hes9315,5,3,0,3,2,,0,0
2026-08-12,0,HES4307,9,9,9,0,1,,0,0
2026-08-12,0,hes7684,3,3,2,1,2,,0,0
2026-08-12,0,hes7427,1,1,0,1,1,,0,0
2026-08-12,0,fra00277,8,8,3,3,1,,0,0
2026-08-12,0,HES4023,4,3,0,2,2,,0,0
2026-08-12,0,hes5926,20,14,6,6,4,,0,0
2026-08-12,0,HES4294,18,16,6,10,2,,0,0
2026-08-12,0,hes8351,8,8,7,0,7,2,1,0
2026-08-12,0,rmdn5642,1,1,1,0,1,,0,0
2026-08-12,0,FRA00076,1,1,0,1,,,0,0
2026-08-12,0,HES1196,1,1,0,1,,,0,0
2026-08-12,0,hes6429,4,4,1,3,2,,0,0
2026-08-12,0,hes8092,5,4,0,4,,,0,0
2026-08-12,0,HES4866,2,2,2,0,2,1,0,0
2026-08-12,0,frapatiala1,3,2,2,0,2,,0,0
2026-08-12,0,HES1484,5,4,0,4,,,0,0
2026-08-12,0,hes8946,1,1,0,1,,,0,0
2026-08-12,0,HES6956,10,10,3,6,1,,0,0
2026-08-12,0,hes7654,13,13,3,9,3,1,0,0
2026-08-12,0,hes8223,1,1,0,1,,,0,0
2026-08-12,0,hes6669,3,3,0,3,,,0,0
2026-08-12,0,HES7505,8,6,2,3,2,,0,0
2026-08-12,0,hes5442,3,2,2,0,3,,0,0
2026-08-12,0,hes6054,4,4,3,0,3,,0,0
2026-08-12,0,HES0325,6,4,0,3,,,0,0
2026-08-12,0,FRA00026,5,4,4,0,2,,0,0
2026-08-12,0,hes5534,13,11,3,7,4,2,0,0
2026-08-12,0,HES6548,1,1,0,1,,,0,0
2026-08-12,0,flm0141,1,1,0,1,,,0,0
2026-08-12,0,hes9388,26,24,24,0,3,,0,0
2026-08-12,0,fra00346,1,1,1,0,,,0,0
2026-08-12,0,HES6384,1,1,1,0,1,,0,0
2026-08-12,0,HES7726,10,7,0,7,,,0,0
2026-08-12,0,frahowrah002,7,5,0,5,,,0,0
2026-08-12,0,hes8086,2,2,2,0,2,,0,0
2026-08-12,0,hes7721,13,13,3,9,7,3,1,1
2026-08-12,0,HES7059,6,6,1,5,,,0,0
2026-08-12,0,fra00280,1,1,0,1,,,0,0
2026-08-12,0,hes9232,6,6,3,3,1,,0,0
2026-08-12,0,hes6423,4,3,1,2,,,0,0
2026-08-12,0,hes7423,2,2,2,0,1,,0,0
2026-08-12,0,hes7929,12,11,1,8,2,,0,0
2026-08-12,0,fra00217,1,1,1,0,,,0,0
2026-08-12,0,hes9303,9,7,6,0,8,3,1,1
2026-08-12,0,HES5091,13,11,10,0,9,3,0,0
2026-08-12,0,hes8900,3,2,1,0,2,,0,0
2026-08-12,0,hes9111,10,9,5,4,1,,0,0
2026-08-12,0,icsats90195,19,19,18,0,14,2,2,0
2026-08-12,0,HES3843,5,5,3,2,5,,0,0
2026-08-12,0,hes8760,2,2,1,1,,,0,0
2026-08-12,0,HES1706,1,1,0,0,,,0,0
2026-08-12,0,hes7716,1,1,1,0,,,0,0
2026-08-12,0,HES6556,1,1,0,1,,,0,0
2026-08-12,0,FRA00195,16,13,1,12,,,0,0
2026-08-12,0,hes6117,5,5,1,4,2,,0,0
2026-08-12,0,icsats106795,7,7,6,0,6,2,1,0
2026-08-12,0,fra00318,5,5,0,4,,,0,0
2026-08-12,0,hes8484,2,2,2,0,1,,0,0
2026-08-12,0,hes6680,10,7,0,7,2,2,1,1
2026-08-12,0,hes9318,6,6,2,2,2,1,0,0
2026-08-12,0,hes8651,1,1,0,1,,,0,0
2026-08-12,0,HES3823,14,14,14,0,12,1,1,1
2026-08-12,0,ICSATS101249,8,6,2,4,4,1,1,1
2026-08-12,0,hes7943,7,5,0,4,2,,0,0
2026-08-12,0,frapuducherry2,1,1,0,0,,,0,0
2026-08-12,0,vadod004,1,1,0,1,,,0,0
2026-08-12,0,hes9270,4,4,0,4,,,0,0
2026-08-12,0,fragomtinagar1,9,7,3,4,,,0,0
2026-08-12,0,fravileparle002,4,4,1,3,,,0,0
2026-08-12,0,HES3693,4,2,0,2,,,0,0
2026-08-12,1,hes5033,2,1,0,1,,,0,0
2026-08-12,1,hes5718,2,2,2,0,,,0,0
2026-08-12,0,hes5499,1,1,0,1,,,0,0
2026-08-12,0,hes9267,4,4,1,1,,,0,0
2026-08-12,0,rmdn8273,6,6,5,0,5,,0,0
2026-08-12,0,hes8679,2,2,1,0,1,,0,0
2026-08-12,0,fravileparle003,2,2,1,1,,,0,0
2026-08-12,0,hes8713,10,9,8,1,8,1,0,0
2026-08-12,0,hes8321,2,1,1,0,2,,0,0
2026-08-12,0,hes9137,5,4,3,1,3,,0,0
2026-08-12,0,HES5203,4,3,3,0,1,,0,0
2026-08-12,0,HES2832,1,1,0,1,,,0,0
2026-08-12,0,hes5531,2,2,1,1,1,,0,0
2026-08-12,0,hes5718,1,1,1,0,,,0,0
2026-08-12,0,hes9297,1,1,1,0,1,,0,0
2026-08-12,0,hes8124,1,1,1,0,1,,0,0
2026-08-12,0,hes6007,2,2,1,1,,,0,0
2026-08-12,0,hes8662,6,4,0,4,,,1,1
2026-08-12,0,frahub01,1,1,0,1,,,0,0
2026-08-12,0,frabalewadi002,1,1,0,1,,,0,0
2026-08-12,0,hes6745,8,7,1,6,,,1,1
2026-08-12,0,hes6298,8,7,0,3,2,2,1,1
2026-08-12,0,icsats96098,10,10,9,0,9,5,1,1
2026-08-12,1,HES6292,1,1,1,0,,,0,0
2026-08-12,0,hes8639,6,5,1,2,1,,1,1
2026-08-12,0,hes8460,2,1,0,1,,,0,0
2026-08-12,0,hes8910,6,6,0,5,2,1,1,1
2026-08-12,0,fra00281,1,1,1,0,1,1,1,0
2026-08-12,0,HES7595,9,7,7,0,7,,0,0
2026-08-12,0,hes8142,10,10,4,6,2,,1,1
2026-08-12,0,hes7835,16,16,6,9,1,,0,0
2026-08-12,0,hes8646,11,8,6,0,9,2,1,0
2026-08-12,0,HES5411,7,7,3,4,,,0,0
2026-08-12,0,fra00300,6,5,0,5,,,0,0
2026-08-12,0,hes8578,3,3,0,3,,,1,0
2026-08-12,0,hes5489,4,4,2,2,3,,0,0
2026-08-12,0,hes8968,2,2,0,1,1,1,1,0
2026-08-12,0,RMDN8311,5,5,5,0,4,,0,0
2026-08-12,0,hes7193,5,4,0,4,,,0,0
2026-08-12,0,hes7729,24,24,3,18,12,2,1,1
2026-08-12,0,CHANDIGARHFRA3,2,2,2,0,1,,0,0
2026-08-12,0,hes8416,1,1,1,0,1,,0,0
2026-08-12,0,hes7448,15,13,0,12,7,,0,0
2026-08-12,0,flm0006,1,1,0,1,,,0,0
2026-08-12,0,hes5711,3,3,3,0,2,2,0,0
2026-08-12,0,hes5958,5,5,5,0,3,2,0,0
2026-08-12,0,hes8024,10,10,7,0,5,2,0,0
2026-08-12,0,fra00353,2,2,0,2,,,0,0
2026-08-12,0,hes6120,2,2,1,1,,,0,0
2026-08-12,0,HES7611,19,17,13,3,13,2,1,1
2026-08-12,0,hes7204,1,1,1,0,,,0,0
2026-08-12,0,HES7070,8,6,0,3,2,,1,1
2026-08-12,0,frasaratbose1,2,2,0,2,,,0,0
2026-08-12,0,hes6621,3,3,1,2,1,,0,0
2026-08-12,0,hes6308,1,1,0,1,,,0,0
2026-08-12,0,hes6887,1,1,1,0,1,1,0,0
2026-08-12,0,hes5526,2,2,2,0,2,,0,0
2026-08-12,0,RMDN1734,16,14,14,0,13,2,1,1
2026-08-12,0,HES8532,6,6,0,6,,,0,0
2026-08-12,0,fra00325,2,2,2,0,,,0,0
2026-08-12,0,hes7761,2,2,0,2,,,0,0
2026-08-12,0,hes6628,9,6,3,3,2,1,0,0
2026-08-12,0,hes8030,3,3,3,0,2,1,0,0
2026-08-12,0,flm0004,1,1,0,1,1,,0,0
2026-08-12,0,hes6088,2,2,0,2,2,1,1,1
2026-08-12,0,HES5262,2,2,2,0,2,,0,0
2026-08-12,0,hes5638,2,2,2,0,2,1,0,0
2026-08-12,0,HES3504,6,4,1,3,2,,0,0
2026-08-12,0,hes5515,2,2,2,0,2,,0,0
2026-08-12,0,hes8129,3,3,2,1,2,1,0,0
2026-08-12,0,hes5125,7,7,7,0,6,1,0,0
2026-08-12,0,hes5616,10,10,9,1,6,1,1,0
2026-08-12,0,hes5880,1,1,0,1,,,0,0
2026-08-12,0,HES3842,8,7,7,0,5,2,0,0
2026-08-12,0,FRA00167,26,21,11,6,,,1,1
2026-08-12,0,icsats92879,16,15,13,0,11,5,2,2
2026-08-12,0,frasola3,2,2,1,1,1,,0,0
2026-08-12,0,HES7343,2,2,0,1,,,0,0
2026-08-12,0,HES8197,4,4,0,3,1,1,0,0
2026-08-12,0,hes5612,11,11,2,8,2,,0,0
2026-08-12,0,hes7572,4,3,0,3,,,0,0
2026-08-12,0,hes5146,11,10,3,4,1,1,0,0
2026-08-11,0,hes5644,5,5,3,1,3,1,1,1
2026-08-11,0,hes5462,5,4,4,0,3,,0,0
2026-08-11,0,HES1970,5,5,0,5,,,0,0
2026-08-11,0,nungambakkam001,3,3,3,0,2,,0,0
2026-08-11,0,hes5098,27,25,11,13,7,3,2,1
2026-08-11,0,rmdn8564,1,1,1,0,1,1,0,0
2026-08-11,0,FRA00026,11,8,8,0,7,1,0,0
2026-08-11,0,hes7724,17,15,7,8,3,,0,0
2026-08-11,0,fraudaipur01,17,15,7,6,6,1,0,0
2026-08-11,0,HES4174,4,3,0,3,1,,0,0
2026-08-11,0,HES8197,4,4,0,4,3,3,0,0
2026-08-11,0,frablrjayanagar1,1,1,0,0,,,0,0
2026-08-11,0,HES5506,5,4,2,2,4,,0,0
2026-08-11,0,HES5364,2,2,0,2,,,0,0
2026-08-11,0,fra00361,5,4,3,0,3,,0,0
2026-08-11,0,HES6548,15,14,13,0,12,,0,0
2026-08-11,0,framumbaithane2,1,1,1,0,,,0,0
2026-08-11,0,FRA00205,8,5,0,5,,,0,0
2026-08-11,0,hes6052,2,1,1,0,,,0,0
2026-08-11,0,hes6429,3,3,2,1,2,,0,0
2026-08-11,0,hes7093,3,2,1,1,1,1,0,0
2026-08-11,0,HES7754,3,2,0,2,,,0,0
2026-08-11,0,FRA00082,5,4,4,0,1,,0,0
2026-08-11,0,hes8930,5,5,2,3,2,1,0,0
2026-08-11,0,HES4544,6,6,6,0,6,1,0,0
2026-08-11,0,hes8559,3,2,0,1,,,1,1
2026-08-11,0,icsats86677,20,20,20,0,11,2,0,0
2026-08-11,0,HES4548,37,34,19,14,9,1,0,0
2026-08-11,0,hes8736,1,1,0,1,,,0,0
2026-08-11,0,hes7570,19,15,0,8,,,0,0
2026-08-11,0,hes7300,4,3,0,3,,,0,0
2026-08-11,0,HES8091,5,4,0,4,4,3,0,0
2026-08-11,0,HES6524,1,1,0,1,,,0,0
2026-08-11,0,frasouthex9,10,10,9,1,3,,1,1
2026-08-11,0,hes7761,5,5,1,4,2,,0,0
2026-08-11,0,HES4731,1,1,1,0,1,,0,0
2026-08-11,0,hes5875,10,10,5,5,3,,0,0
2026-08-11,0,fra00338,3,2,0,2,,,0,0
2026-08-11,0,icsats96098,29,28,27,0,28,9,1,1
2026-08-11,0,FRA00176,3,2,0,2,,,0,0
2026-08-11,0,icsats106790,7,6,4,2,4,,0,0
2026-08-11,0,HES3823,10,10,8,0,7,2,2,1
2026-08-11,0,hes6497,1,1,0,1,,,0,0
2026-08-11,0,hes8124,10,8,8,0,8,1,0,0
2026-08-11,0,flm0111,1,1,0,1,,,0,0
2026-08-11,0,hes7625,3,3,3,0,1,,0,0
2026-08-11,0,hes5904,6,6,6,0,6,,0,0
2026-08-11,0,HES4767,3,2,0,2,,,0,0
2026-08-11,0,rmdn8205,7,6,6,0,5,,0,0
2026-08-11,0,HES0897,10,9,3,5,2,1,1,1
2026-08-11,0,hes8662,5,5,1,3,1,,0,0
2026-08-11,0,hes7729,4,4,0,4,2,,0,0
2026-08-11,0,hes8443,9,9,8,0,8,1,1,0
2026-08-11,0,HES5554,6,6,0,6,,,0,0
2026-08-11,0,saratbose001,10,7,1,5,1,,0,0
2026-08-11,0,hes7274,27,25,2,21,5,3,2,2
2026-08-11,0,flm0065,11,7,0,7,3,2,0,0
2026-08-11,1,hes5718,3,2,2,0,,,0,0
2026-08-11,0,frasaltlake3,1,1,0,1,,,0,0
2026-08-11,0,hes7503,5,4,0,4,,,0,0
2026-08-11,0,hes9318,6,5,3,1,2,2,0,0
2026-08-11,0,flm0009,1,1,0,1,,,0,0
2026-08-11,0,fraludhiana1,17,13,10,1,4,,0,0
2026-08-11,0,framohali4,4,3,2,1,,,0,0
2026-08-11,0,FRA00104,11,9,0,9,,,0,0
2026-08-11,0,HES3381,13,13,12,0,6,1,0,0
2026-08-11,0,HES0504,5,4,3,1,3,1,0,0
2026-08-11,0,hes6527,4,4,3,1,3,,0,0
2026-08-11,0,rmdn1337,9,7,0,3,3,2,0,0
2026-08-11,0,hes8798,5,4,4,0,5,2,0,0
2026-08-11,0,hes6904,12,9,5,4,4,,0,0
2026-08-11,0,hes7567,2,2,0,2,,,0,0
2026-08-11,0,hes7856,1,1,0,1,,,0,0
2026-08-11,0,rmdn7040,8,8,6,1,6,1,0,0
2026-08-11,1,HES5555,3,2,2,0,3,2,0,0
2026-08-11,0,hes6088,8,7,0,7,7,4,0,0
2026-08-11,0,hes6305,8,8,4,4,,,0,0
2026-08-11,0,hes8573,11,9,5,4,1,,0,0
2026-08-11,0,icsats95268,15,15,14,0,9,1,0,0
2026-08-11,0,hes6047,10,8,5,2,4,,0,0
2026-08-11,0,FRA00313,8,8,0,8,,,0,0
2026-08-11,0,HES2832,2,2,1,1,1,,0,0
2026-08-11,0,hes5559,5,5,2,2,1,,1,1
2026-08-11,0,FRA00090,1,1,1,0,,,0,0
2026-08-11,0,hes5736,7,5,2,3,1,,0,0
2026-08-11,0,hes9340,5,4,3,1,3,2,1,1
2026-08-11,0,HES6112,9,8,0,8,3,,0,0
2026-08-11,0,rmdn6117,10,8,0,8,1,,1,0
2026-08-11,1,HES5121,1,1,0,1,,,0,0
2026-08-11,0,rmdn7065,12,9,2,7,2,,0,0
2026-08-11,0,hes8455,1,1,0,1,,,0,0
2026-08-11,0,hes9297,3,3,3,0,3,,0,0
2026-08-11,0,frajaipurr1,2,2,0,2,,,0,0
2026-08-11,0,hes6007,11,10,5,5,,,0,0
2026-08-11,0,hes6628,18,14,7,7,7,,0,0
2026-08-11,0,HES6677,1,1,1,0,,,0,0
2026-08-11,0,rmdn6887,27,24,1,22,2,1,0,0
2026-08-11,0,HES6730,2,2,2,0,2,,0,0
2026-08-11,0,hes7616,1,1,0,1,,,0,0
2026-08-11,0,hes9177,10,8,0,7,2,1,0,0
2026-08-11,0,HES4585,10,9,7,2,5,,0,0
2026-08-11,0,hes5922,5,4,2,1,,,0,0
2026-08-11,0,hes9168,3,3,0,1,1,,0,0
2026-08-11,0,HES5848,4,3,2,1,3,,0,0
2026-08-11,0,hes7679,10,10,10,0,8,6,1,0
2026-08-11,0,hes8524,1,1,0,1,,,0,0
2026-08-11,0,hes8026,2,2,2,0,2,2,0,0
2026-08-11,0,hes7596,2,2,0,2,,,0,0
2026-08-11,0,flm0167,2,1,0,1,,,0,0
2026-08-11,0,vadod002,1,1,1,0,,,0,0
2026-08-11,0,hes6893,11,10,0,9,,,1,1
2026-08-11,0,hes8459,4,2,0,2,,,0,0
2026-08-11,0,hes7331,2,2,0,2,,,0,0
2026-08-11,0,hes9290,11,11,0,11,4,,0,0
2026-08-11,0,hes9007,8,7,2,4,3,,0,0
2026-08-11,0,indrnt005,1,1,0,1,,,0,0
2026-08-11,0,HES7343,9,8,0,8,,,0,0
2026-08-11,0,frafaridabad001,6,5,0,5,,,0,0
2026-08-11,0,hes8556,3,2,2,0,3,,0,0
2026-08-11,0,hes8679,5,4,2,2,4,2,1,1
2026-08-11,0,frabalewadi001,10,9,0,9,,,0,0
2026-08-11,0,hes9144,5,5,0,4,,,0,0
2026-08-11,0,FRA00172,5,3,2,1,2,,0,0
2026-08-11,0,hes5487,9,7,6,0,8,,0,0
2026-08-11,0,hes6236,11,8,0,8,1,,1,1
2026-08-11,0,hes5321,7,5,1,3,2,,0,0
2026-08-11,0,hes5704,5,4,0,4,4,,0,0
2026-08-11,0,hes7561,10,9,0,9,,,0,0
2026-08-11,0,hes8048,2,2,1,1,,,0,0
2026-08-11,0,hes5745,2,2,0,1,,,0,0
2026-08-11,0,hes8318,2,2,2,0,1,1,0,0
2026-08-11,0,delcp0002,4,3,3,0,,,0,0
2026-08-11,0,hes8451,5,5,1,4,2,,0,0
2026-08-11,1,HES0984,2,2,1,1,1,,0,0
2026-08-11,0,fra00285,2,2,1,1,,,0,0
2026-08-11,0,FRA00052,4,4,3,1,1,,1,1
2026-08-11,0,HES5200,6,4,0,4,2,,0,0
2026-08-11,0,rmdn8422,1,1,1,0,1,1,1,0
2026-08-11,0,hes9424,9,7,5,1,5,,0,0
2026-08-11,0,hes8351,6,6,6,0,6,,0,0
2026-08-11,0,hes5534,2,2,2,0,,,0,0
2026-08-11,0,rmdn3529,21,20,20,0,17,9,1,0
2026-08-11,0,HES2037,2,1,0,1,,,0,0
2026-08-11,0,frakoramangala4,2,1,0,1,,,0,0
2026-08-11,0,FRA00186,8,6,4,2,,,0,0
2026-08-11,0,hes5658,3,3,0,3,2,,0,0
2026-08-11,0,fra00288,14,11,0,11,1,,0,0
2026-08-11,0,HES7202,2,2,1,1,,,0,0
2026-08-11,0,HES2527,3,2,2,0,3,2,0,0
2026-08-11,0,hes8042,5,5,5,0,3,,0,0
2026-08-11,0,hes7193,8,8,0,7,1,1,1,1
2026-08-11,0,HES0558,2,1,0,1,,,0,0
2026-08-11,0,hes9086,6,4,1,2,,,0,0
2026-08-11,0,hes8044,5,5,5,0,4,,0,0
2026-08-11,0,hes7684,5,5,5,0,5,,0,0
2026-08-11,0,frasouthex2,3,2,0,2,,,0,0
2026-08-11,0,hes6191,8,7,1,5,1,,0,0
2026-08-11,0,HES6712,15,13,9,4,6,4,2,1
2026-08-11,0,HES3861,3,3,2,1,3,,0,0
2026-08-11,1,hes5798,1,1,0,1,1,,0,0
2026-08-11,0,PRATIMAA,1,1,0,1,,,0,0
2026-08-11,0,HES1751,2,2,1,0,1,,0,0
2026-08-11,0,hes7120,2,2,2,0,2,,0,0
2026-08-11,0,HES5313,1,1,1,0,1,,0,0
2026-08-11,0,HES4951,1,1,0,1,,,0,0
2026-08-11,0,hes5929,24,21,2,14,2,,0,0
2026-08-11,0,hes7661,1,1,0,1,,,0,0
2026-08-11,0,flm0089,2,2,0,2,,,0,0
2026-08-11,0,hes5805,2,1,0,1,2,,0,0
2026-08-11,0,hes7549,4,4,0,2,,,0,0
2026-08-11,0,HES7050,9,8,5,3,3,,0,0
2026-08-11,0,hes7773,3,3,3,0,3,,0,0
2026-08-11,0,hes7948,4,4,0,4,,,0,0
2026-08-11,0,FRA00049,8,7,6,0,1,,1,1
2026-08-11,1,hes6568,8,6,5,0,7,,0,0
2026-08-11,0,hes7195,7,6,0,6,4,1,0,0
2026-08-11,0,FRA00140,1,1,0,1,,,0,0
2026-08-11,0,hes7725,6,4,0,4,,,0,0
2026-08-11,0,HES1701,1,1,0,1,,,0,0
2026-08-11,0,hes8760,6,6,3,3,1,,0,0
2026-08-11,0,HES4406,4,4,0,4,1,,0,0
2026-08-11,0,hes8686,4,3,0,3,,,0,0
2026-08-11,0,hes7284,3,2,0,2,,,0,0
2026-08-11,0,HES3505,1,1,1,0,1,,0,0
2026-08-11,0,HES7726,10,8,0,7,,,1,1
2026-08-11,0,hes7260,2,2,1,1,,,0,0
2026-08-11,0,flm0168,13,8,0,8,,,0,0
2026-08-11,0,hes7920,1,1,0,1,1,1,0,0
2026-08-11,0,hes8402,2,2,0,2,,,0,0
2026-08-11,0,FRA00195,17,13,1,10,,,1,1
2026-08-11,0,flm0006,3,2,0,2,,,0,0
2026-08-11,0,franagpur1,4,4,3,0,,,0,0
2026-08-11,0,hes5497,2,2,2,0,2,2,0,0
2026-08-11,0,hes7731,8,8,8,0,,,0,0
2026-08-11,0,hes8639,3,3,1,2,1,,0,0
2026-08-11,0,hes9111,2,2,0,2,,,0,0
2026-08-11,0,HES6556,10,7,2,5,,,0,0
2026-08-11,0,hes7753,2,2,1,1,1,1,0,0
2026-08-11,0,hes7847,1,1,1,0,1,,0,0
2026-08-11,1,hes7594,3,2,2,0,3,2,0,0
2026-08-11,0,hes7273,4,4,0,3,,,0,0
2026-08-11,0,hes7653,6,5,5,0,6,,0,0
2026-08-11,0,hes9264,5,4,0,4,,,0,0
2026-08-11,1,hes6014,1,1,1,0,1,,0,0
2026-08-11,0,hes6131,8,8,3,2,2,,0,0
2026-08-11,0,hes7516,10,8,0,8,,,0,0
2026-08-11,0,hes8750,8,7,0,7,2,,0,0
2026-08-11,0,icsats99353,7,6,6,0,5,,0,0
2026-08-11,0,hes8927,1,1,0,1,,,0,0
2026-08-11,0,hes6158,7,6,2,4,2,,0,0
2026-08-11,0,hes6887,8,7,7,0,6,3,0,0
2026-08-11,0,hes9291,4,3,1,2,,,0,0
2026-08-11,0,hes9329,3,2,0,2,,,0,0
2026-08-11,0,frahowrah003,1,1,0,1,,,0,0
2026-08-11,0,rmdn3662,14,11,2,9,4,,0,0
2026-08-11,0,flm0121,2,1,0,1,,,0,0
2026-08-11,0,frasouthex6,1,1,1,0,1,,0,0
2026-08-11,0,hes8592,3,2,0,2,,,0,0
2026-08-11,0,rmdn7049,14,14,12,0,10,1,0,0
2026-08-11,0,hes8712,9,7,0,7,1,,0,0
2026-08-11,0,HES4573,3,3,0,3,1,,0,0
2026-08-11,0,hes6639,12,12,12,0,10,5,2,2
2026-08-11,0,HES7367,6,6,5,1,5,1,0,0
2026-08-11,0,HES4956,10,8,4,3,,,0,0
2026-08-11,0,HES5945,2,2,2,0,2,,0,0
2026-08-11,0,hes7572,7,6,0,5,,,0,0
2026-08-11,0,FRA00289,4,3,0,3,,,0,0
2026-08-11,0,fra00373,6,6,2,4,,,0,0
2026-08-11,0,fraandheri6,3,3,3,0,,,0,0
2026-08-11,0,HES6762,15,15,5,9,4,1,0,0
2026-08-11,0,hes7530,3,3,3,0,3,,0,0
2026-08-11,0,HES4165,15,13,8,1,11,3,0,0
2026-08-11,0,hes6821,2,2,1,1,,,0,0
2026-08-11,0,hes8651,9,9,4,5,1,,0,0
2026-08-11,0,HES4229,2,2,2,0,2,,0,0
2026-08-11,0,rmdn8261,5,5,5,0,4,1,0,0
2026-08-11,0,HES6292,7,6,1,5,2,,0,0
2026-08-11,0,HES0803,4,3,2,1,3,2,1,1
2026-08-11,0,hes5033,10,9,0,9,1,,0,0
2026-08-11,0,hes8024,2,2,2,0,2,,0,0
2026-08-11,0,hes8030,1,1,1,0,1,,0,0
2026-08-11,0,hes8641,4,4,4,0,4,1,1,0
2026-08-11,0,hes8836,2,2,1,1,1,,0,0
2026-08-11,0,hes9382,6,6,6,0,6,,0,0
2026-08-11,1,HES4181,2,2,0,2,,,0,0
2026-08-11,0,hes5926,7,6,3,3,,,0,0
2026-08-11,0,fraandheri2,10,7,2,4,,,0,0
2026-08-11,0,hes8425,1,1,0,1,,,0,0
2026-08-11,0,icsats106268,6,6,6,0,6,,1,0
2026-08-11,0,FRA00085,1,1,1,0,,,0,0
2026-08-11,0,HES7070,5,4,1,2,3,,0,0
2026-08-11,0,frasola3,3,3,0,3,,,0,0
2026-08-11,0,hes9150,14,11,3,8,7,,1,1
2026-08-11,0,FRA00317,2,2,1,1,,,0,0
2026-08-11,0,hes7482,2,1,0,1,,,0,0
2026-08-11,0,icsats106795,4,4,4,0,4,4,0,0
2026-08-11,0,frakotagumanpura2,15,15,7,7,,,0,0
2026-08-11,0,hes8355,3,2,0,2,2,,0,0
2026-08-11,0,hes7757,1,1,0,1,,,0,0
2026-08-11,0,hes9022,2,2,2,0,1,1,0,0
2026-08-11,0,hes5659,10,9,0,8,,,0,0
2026-08-11,0,HES4294,19,18,11,7,7,,0,0
2026-08-11,0,HES5068,1,1,1,0,1,,0,0
2026-08-11,0,HES7727,2,2,1,1,1,,0,0
2026-08-11,0,hes7652,5,5,5,0,5,4,1,1
2026-08-11,0,HES7369,1,1,0,1,,,0,0
2026-08-11,0,hes8470,6,6,1,3,1,,0,0
2026-08-11,0,ICSATS103168,9,9,8,0,7,3,0,0
2026-08-11,0,fravaishalinagar5,2,2,0,2,,,0,0
2026-08-11,0,HES5876,2,1,0,1,,,0,0
2026-08-11,0,fragorakhpur05,3,3,0,2,,,0,0
2026-08-11,0,HES5033,2,1,0,1,,,0,0
2026-08-11,0,icsats92883,15,15,15,0,14,3,1,0
2026-08-11,0,hes5711,1,1,1,0,1,,0,0
2026-08-11,0,hes6274,5,5,0,4,,,0,0
2026-08-11,0,hes7614,10,7,1,6,1,,0,0
2026-08-11,0,fra00364,9,9,7,2,1,,0,0
2026-08-11,1,hes7989,1,1,1,0,,,0,0
2026-08-11,0,hes7456,2,2,0,2,1,,0,0
2026-08-11,0,hes8429,1,1,1,0,1,1,0,0
2026-08-11,0,hes9335,1,1,1,0,1,,0,0
2026-08-11,0,hes9389,1,1,1,0,1,,0,0
2026-08-11,0,HES2358,19,15,2,13,1,1,1,1
2026-08-11,1,HES4877,1,1,0,0,,,0,0
2026-08-11,0,hes7114,1,1,0,1,,,0,0
2026-08-11,0,vadod007,1,1,0,1,,,0,0
2026-08-11,0,icsats90188,11,9,2,7,1,,0,0
2026-08-11,0,hes8090,2,2,0,1,,,0,0
2026-08-11,0,hes6099,13,13,13,0,13,1,0,0
2026-08-11,0,FRA00303,1,1,0,1,,,0,0
2026-08-11,0,hes7961,13,12,3,9,1,,0,0
2026-08-11,0,hes8711,11,11,3,5,3,3,0,0
2026-08-11,0,HES7155,2,2,2,0,2,,0,0
2026-08-11,0,hes5486,3,3,1,1,1,1,1,1
2026-08-11,0,hes6120,2,1,0,1,2,2,0,0
2026-08-11,0,RMDN1734,12,11,8,2,9,2,0,0
2026-08-11,0,hes6681,18,13,6,7,5,,0,0
2026-08-11,0,rmdn5642,1,1,0,1,,,0,0
2026-08-11,0,icsats102126,12,12,12,0,8,3,0,0
2026-08-11,0,HES4777,1,1,0,1,,,0,0
2026-08-11,0,HES7067,7,7,6,0,6,,2,0
2026-08-11,0,hes8601,5,3,3,0,5,,0,0
2026-08-11,0,surat001,1,1,0,1,,,0,0
2026-08-11,0,hes5713,2,2,0,2,,,0,0
2026-08-11,0,hes7721,20,18,13,5,19,7,1,1
2026-08-11,0,hes8645,3,3,1,2,1,1,1,1
2026-08-11,0,hes6148,7,7,0,6,,,0,0
2026-08-11,1,hes8679,2,1,0,1,,,1,1
2026-08-11,0,hes8417,9,7,5,2,2,,0,0
2026-08-11,0,hes5503,3,3,0,3,,,0,0
2026-08-11,0,hes8968,5,5,0,4,,,0,0
2026-08-11,0,hes8825,7,6,2,3,,,0,0
2026-08-11,0,hes7730,7,7,1,6,1,,0,0
2026-08-11,0,hes8845,7,6,0,6,4,,0,0
2026-08-11,0,fragomtinagar4,9,8,0,8,,,0,0
2026-08-11,0,hes6680,5,4,1,3,1,,0,0
2026-08-11,0,HES4221,1,1,1,0,1,,0,0
2026-08-11,0,hes8792,4,4,0,4,,,0,0
2026-08-11,0,hes9321,2,1,0,1,,,0,0
2026-08-11,0,hes7116,1,1,0,1,,,0,0
2026-08-11,0,frapuducherry1,4,3,3,0,,,0,0
2026-08-11,0,hes8215,1,1,1,0,1,,0,0
2026-08-11,0,hes6916,3,3,1,2,2,2,0,0
2026-08-11,0,HES2530,1,1,1,0,1,,0,0
2026-08-11,0,hes6100,8,8,2,2,1,,0,0
2026-08-11,0,icsats99433,21,21,20,0,13,,0,0
2026-08-11,0,HES5388,6,6,3,3,,,0,0
2026-08-11,0,HES4433,3,2,2,0,3,,0,0
2026-08-11,0,FRA00105,31,26,10,14,1,,0,0
2026-08-11,0,HES2933,4,4,4,0,4,2,0,0
2026-08-11,0,hes8548,6,6,0,5,,,0,0
2026-08-11,0,frahydhills2,11,9,7,0,,,0,0
2026-08-11,0,hes8354,3,3,3,0,2,,0,0
2026-08-11,0,hes8484,8,5,0,5,,,0,0
2026-08-11,0,hes8598,1,1,0,1,,,0,0
2026-08-11,0,rmdn8201,7,6,6,0,5,,0,0
2026-08-11,0,hes9213,2,1,0,1,,,0,0
2026-08-11,0,hes7204,3,3,0,3,,,0,0
2026-08-11,0,HES4115,3,3,1,2,,,0,0
2026-08-11,0,HES5215,1,1,1,0,1,,0,0
2026-08-11,0,FRA00068,1,1,0,1,,,0,0
2026-08-11,1,hes6047,2,2,0,2,,,0,0
2026-08-11,0,hes5564,10,9,4,5,5,3,0,0
2026-08-11,0,hes9246,5,4,4,0,5,,0,0
2026-08-11,0,rmdn8566,1,1,1,0,1,1,1,1
2026-08-11,0,hes7546,1,1,1,0,1,,0,0
2026-08-11,1,HES2615,1,1,0,0,,,0,0
2026-08-11,0,fra00325,12,10,6,4,,,0,0
2026-08-11,0,hes8448,6,5,5,0,3,,0,0
2026-08-11,0,fra00333,15,11,3,8,,,1,1
2026-08-11,0,franagpur4,1,1,0,1,,,0,0
2026-08-11,0,HES3137,8,7,5,0,6,1,0,0
2026-08-11,0,hes9141,7,6,2,4,1,,0,0
2026-08-11,0,hes8452,6,5,1,3,3,,0,0
2026-08-11,0,hes7461,5,5,0,5,,,0,0
2026-08-11,0,rmdn8752,1,1,0,1,,,0,0
2026-08-11,0,FRA00258,20,20,7,11,1,,0,0
2026-08-11,0,hes8410,1,1,0,1,1,,0,0
2026-08-11,0,hes8579,4,4,0,4,,,0,0
2026-08-11,0,hes5132,12,11,7,2,8,,0,0
2026-08-11,0,hes7212,6,5,0,4,,,0,0
2026-08-11,1,hes9211,4,3,2,1,4,1,0,0
2026-08-11,0,HES1897,1,1,1,0,1,,0,0
2026-08-11,0,hes7183,6,6,6,0,5,,0,0
2026-08-11,0,hes7978,8,7,7,0,8,,0,0
2026-08-11,1,HES7806,1,1,1,0,1,,0,0
2026-08-11,0,hes9401,25,18,3,14,8,4,0,0
2026-08-11,0,HES5804,5,3,0,3,,,0,0
2026-08-11,0,fra00281,10,9,9,0,6,,0,0
2026-08-11,0,fra00355,5,5,0,4,,,0,0
2026-08-11,0,icsats92875,30,28,23,1,12,6,4,1
2026-08-11,0,hes5093,2,2,0,2,1,,1,1
2026-08-11,0,HES4448,7,6,3,3,1,,0,0
2026-08-11,1,hes8977,7,6,3,3,,,0,0
2026-08-11,0,hes6905,13,11,3,5,5,2,1,1
2026-08-11,0,HES4866,2,2,2,0,2,,0,0
2026-08-11,0,HES5096,10,9,0,9,2,,0,0
2026-08-11,0,hes9053,1,1,0,1,,,0,0
2026-08-11,0,fra00280,17,14,0,12,,,2,1
2026-08-11,0,hes9422,4,4,2,2,3,3,2,1
2026-08-11,0,hes7685,5,4,4,0,5,,0,0
2026-08-11,0,HES3888,3,2,0,2,2,,0,0
2026-08-11,0,HES2028,1,1,0,1,,,0,0
2026-08-11,0,HES2039,3,3,3,0,2,1,0,0
2026-08-11,0,hes6101,5,4,1,3,1,,0,0
2026-08-11,0,HES7844,36,29,10,13,17,5,3,3
2026-08-11,0,hes9252,3,3,0,3,,,0,0
2026-08-11,0,HES3977,10,7,0,6,3,,1,1
2026-08-11,0,HES0258,2,2,2,0,2,,0,0
2026-08-11,0,ICSATS103234,5,5,5,0,2,,0,0
2026-08-11,0,hes9059,9,8,4,4,5,2,0,0
2026-08-11,0,hes8306,2,1,0,1,,,0,0
2026-08-11,0,HES1874,3,2,2,0,3,,0,0
2026-08-11,0,hes8832,3,3,1,2,1,1,0,0
2026-08-11,0,HES4287,2,2,1,1,,,0,0
2026-08-11,0,fra00323,2,1,1,0,2,,0,0
2026-08-11,0,hes7506,2,2,2,0,2,,0,0
2026-08-11,0,hes6889,14,12,11,0,10,5,1,1
2026-08-11,0,hes5964,6,6,6,0,5,2,1,1
2026-08-11,0,flm0157,2,2,0,2,1,,0,0
2026-08-11,0,hes7835,2,2,0,2,,,0,0
2026-08-11,0,hes6054,2,2,2,0,2,,0,0
2026-08-11,0,hes7841,1,1,0,1,,,0,0
2026-08-11,0,hes6885,10,8,3,5,8,4,0,0
2026-08-11,0,HES6834,8,8,0,7,,,1,0
2026-08-11,0,HES6211,5,4,1,3,3,,0,0
2026-08-11,0,hes7992,2,2,0,2,,,0,0
2026-08-11,0,hes9164,5,4,0,4,,,0,0
2026-08-11,0,hes8900,3,2,1,1,1,,0,0
2026-08-11,0,HES6146,14,12,9,1,10,2,1,1
2026-08-11,0,hes6761,14,14,7,5,2,,0,0
2026-08-11,0,hes8557,4,4,2,2,,,0,0
2026-08-11,0,hes5944,1,1,1,0,1,,0,0
2026-08-11,0,HES3947,3,3,0,3,,,1,1
2026-08-11,0,hes8265,6,4,4,0,6,1,0,0
2026-08-11,0,HES2608,19,18,0,18,12,,0,0
2026-08-11,0,hes7288,6,6,1,4,1,,0,0
2026-08-11,0,hes6283,2,2,0,2,,,0,0
2026-08-11,0,hes6583,5,5,1,4,3,2,0,0
2026-08-11,0,hes5735,4,4,2,2,1,,0,0
2026-08-11,0,hes6333,3,3,0,2,2,,0,0
2026-08-11,0,hes5502,7,7,5,2,,,0,0
2026-08-11,0,hes7305,8,6,0,5,1,1,0,0
2026-08-11,0,fraghatkopar02,1,1,0,1,,,0,0
2026-08-11,0,HES4532,1,1,0,1,1,,0,0
2026-08-11,0,frasurat005,2,2,2,0,2,1,0,0
2026-08-11,0,fra00300,5,5,0,5,,,1,1
2026-08-11,0,hes9270,1,1,0,1,,,0,0
2026-08-11,0,hes7758,1,1,0,1,1,,0,0
2026-08-11,0,flm0049,2,2,2,0,2,,0,0
2026-08-11,0,hes8655,2,2,2,0,2,1,0,0
2026-08-11,0,HES3384,8,7,7,0,7,4,0,0
2026-08-11,0,HES5121,1,1,0,1,,,0,0
2026-08-11,0,hes7601,5,4,0,4,,,0,0
2026-08-11,0,hes7993,2,2,0,2,,,0,0
2026-08-11,0,saratboseroad002,1,1,0,1,,,0,0
2026-08-11,0,flm0007,1,1,0,1,,,0,0
2026-08-11,0,HES0984,1,1,0,0,,,0,0
2026-08-11,0,HES5417,1,1,0,1,,,0,0
2026-08-11,1,hes7506,7,6,2,1,4,1,0,0
2026-08-11,0,HES4118,3,3,3,0,2,,0,0
2026-08-11,0,hes7980,7,6,3,3,2,,0,0
2026-08-11,0,hes7511,3,3,1,2,1,,0,0
2026-08-11,0,hes5925,1,1,1,0,1,,0,0
2026-08-11,0,hes6937,3,3,2,1,2,,0,0
2026-08-11,0,frachandrapur2,1,1,0,1,,,0,0
2026-08-11,0,hes7489,2,2,0,2,,,0,0
2026-08-11,0,hes8453,7,6,5,0,4,,0,0
2026-08-11,0,hes6783,3,2,1,1,,,0,0
2026-08-11,0,HES7311,1,1,0,1,1,,0,0
2026-08-11,0,hes8969,2,2,1,1,,,0,0
2026-08-11,0,hes6034,15,15,14,1,9,1,0,0
2026-08-11,0,frarajourigarden4,5,3,2,0,,,0,0
2026-08-11,0,HES5255,2,1,1,0,2,,0,0
2026-08-11,0,hes8105,4,4,4,0,4,3,2,1
2026-08-11,0,hes9140,2,1,1,0,2,,0,0
2026-08-11,0,HES4828,1,1,0,1,,,0,0
2026-08-11,0,fra00277,18,17,3,12,,,1,1
2026-08-11,0,frasaltlake2,7,4,4,0,5,2,0,0
2026-08-11,0,fraannasalai3,2,1,1,0,,,0,0
2026-08-11,0,hes6572,4,3,2,0,2,,0,0
2026-08-11,0,HES0325,10,8,0,8,,,0,0
2026-08-11,0,frapunemgroad3,7,7,0,7,,,0,0
2026-08-11,0,hes8757,9,8,3,3,5,2,2,2
2026-08-11,0,HES2789,2,1,1,0,2,,0,0
2026-08-11,0,hes5453,12,10,2,6,2,,0,0
2026-08-11,0,icsats106934,2,2,2,0,1,1,1,1
2026-08-11,0,hes6471,3,3,2,1,2,,0,0
2026-08-11,0,HES0667,5,5,3,1,2,,1,1
2026-08-11,0,HES4328,4,3,1,2,1,,0,0
2026-08-11,0,hes5529,3,3,3,0,1,1,0,0
2026-08-11,0,hes6518,13,11,3,8,4,3,2,1
2026-08-11,0,hes9240,10,8,3,5,2,1,1,1
2026-08-11,0,HES6949,1,1,1,0,1,,0,0
2026-08-11,0,fragorakhpur04,4,2,0,2,,,0,0
2026-08-11,0,fracp2,4,4,0,3,,,0,0
2026-08-11,0,HES4728,2,1,0,1,,,0,0
2026-08-11,0,HES2922,2,1,0,1,,,0,0
2026-08-11,0,hes8407,1,1,1,0,1,1,0,0
2026-08-11,0,rmdn8196,12,11,10,0,10,,0,0
2026-08-11,0,HES5423,1,1,0,1,,,0,0
2026-08-11,0,FRA00106,6,5,5,0,,,0,0
2026-08-11,0,HES3590,17,17,0,16,,,0,0
2026-08-11,0,hes7545,7,6,1,5,,,0,0
2026-08-11,0,fraadajan2,4,4,1,3,1,,0,0
2026-08-11,0,frahadapsar4,6,5,0,4,,,0,0
2026-08-11,0,hes7638,10,9,3,5,2,,0,0
2026-08-11,0,rmdn3759,28,24,8,15,10,7,4,3
2026-08-11,0,hes6999,7,6,0,5,,,0,0
2026-08-11,0,hes6664,11,10,8,2,5,1,0,0
2026-08-11,0,hes7843,2,1,0,1,,,0,0
2026-08-11,0,hes5995,2,2,0,2,,,0,0
2026-08-11,0,hes7971,1,1,1,0,1,,0,0
2026-08-11,0,frasaltlakecc1,1,1,0,1,,,0,0
2026-08-11,0,hes7125,7,6,2,4,1,,1,1
2026-08-11,0,hes8929,3,3,2,1,2,2,0,0
2026-08-11,0,hes8223,15,10,1,9,6,6,1,1
2026-08-11,0,HES4961,6,6,3,3,,,0,0
2026-08-11,0,fragomtinagar1,7,7,3,3,,,1,1
2026-08-11,0,fra00334,2,2,1,1,,,0,0
2026-08-11,0,hes7493,12,10,5,5,1,1,1,1
2026-08-11,0,hes5858,3,3,2,0,1,,0,0
2026-08-11,0,hes5840,17,14,6,7,7,,0,0
2026-08-11,0,HES6669,7,7,2,5,1,1,1,1
2026-08-11,0,frasaritavihar2,1,1,0,1,,,0,0
2026-08-11,0,fra00133,7,7,0,6,,,0,0
2026-08-11,0,hes5531,9,8,5,1,5,5,3,3
2026-08-11,0,hes8287,5,4,0,4,,,0,0
2026-08-11,0,rmdn8744,16,15,5,9,6,,0,0
2026-08-11,0,hes9186,2,2,2,0,2,2,1,1
2026-08-11,0,FRA00038,1,1,1,0,,,0,0
2026-08-11,0,HES5130,12,8,3,5,7,,0,0
2026-08-11,0,hes5613,4,4,2,2,1,,0,0
2026-08-11,1,hes6007,4,4,2,2,1,,0,0
2026-08-11,1,hes7920,2,2,1,1,1,,0,0
2026-08-11,0,hes8527,1,1,0,1,,,0,0
2026-08-11,0,hes5643,2,2,1,0,1,,0,0
2026-08-11,0,hes8826,5,5,4,0,1,,0,0
2026-08-11,0,hes6918,6,6,1,2,,,0,0
2026-08-11,0,fravaishalinagar4,2,2,1,1,,,0,0
2026-08-11,0,HES4963,20,17,0,14,4,2,0,0
2026-08-11,0,hes5476,7,6,3,2,3,1,0,0
2026-08-11,0,HES7830,14,11,1,10,2,,1,1
2026-08-11,0,hes9322,2,2,2,0,2,,0,0
2026-08-11,1,hes7195,4,3,1,2,1,1,0,0
2026-08-11,0,rmdn8419,4,4,1,3,,,0,0
2026-08-11,0,hes6669,2,1,0,1,,,0,0
2026-08-11,0,icsats77190,3,3,2,0,2,,0,0
2026-08-11,0,hes8876,7,6,0,6,3,1,1,1
2026-08-11,1,hes9168,1,1,0,1,,,0,0
2026-08-11,0,hes9001,21,18,0,17,,,0,0
2026-08-11,0,icsats106796,5,5,4,0,3,,0,0
2026-08-11,0,hes5557,4,3,0,3,1,,1,1
2026-08-11,0,hes8733,2,2,1,0,,,0,0
2026-08-11,0,frarajourigarden2,1,1,1,0,,,0,0
2026-08-11,0,hes5125,7,7,6,0,4,2,0,0
2026-08-11,0,frawhitefield1,1,1,1,0,,,0,0
2026-08-11,0,hes7627,13,12,0,12,,,3,2
2026-08-11,0,hes8977,15,14,7,7,,,0,0
2026-08-11,0,rmdn8552,1,1,0,1,,,0,0
2026-08-11,0,hes7866,4,4,0,3,,,0,0
2026-08-11,0,HES5264,1,1,1,0,1,,0,0
2026-08-11,0,hes9012,1,1,0,1,,,0,0
2026-08-11,0,hes7620,8,6,4,2,3,2,0,0
2026-08-11,0,rmdn8740,5,3,0,3,3,,0,0
2026-08-11,0,hes6844,20,18,6,12,,,0,0
2026-08-11,0,hes8052,2,2,0,2,,,0,0
2026-08-11,0,noida004,5,4,3,0,3,1,1,1
2026-08-11,0,hes8340,21,20,16,3,19,6,0,0
2026-08-11,0,HES6445,1,1,1,0,1,,0,0
2026-08-11,0,hes5489,8,8,2,5,2,,0,0
2026-08-11,0,rmdn4078,9,7,3,4,2,2,0,0
2026-08-11,0,hes5958,3,3,3,0,3,1,0,0
2026-08-11,0,frasaratbose1,2,2,0,2,,,0,0
2026-08-11,0,hes8444,9,6,0,6,4,,1,1
2026-08-11,0,hes8910,4,4,0,3,,,0,0
2026-08-11,0,flm0038,1,1,1,0,1,,0,0
2026-08-11,0,hes8228,8,7,4,3,3,1,0,0
2026-08-11,0,HES6579,11,11,6,5,4,4,2,1
2026-08-11,0,hes8946,10,10,5,3,5,,0,0
2026-08-11,1,HES2039,5,4,2,1,2,1,0,0
2026-08-11,0,HES1426,1,1,1,0,1,,0,0
2026-08-11,0,HES6930,4,4,4,0,4,,0,0
2026-08-11,0,hes6049,4,4,3,0,3,1,0,0
2026-08-11,1,HES2028,2,2,0,2,,,0,0
2026-08-11,0,hes5948,4,3,1,2,2,,0,0
2026-08-11,0,hes8167,3,2,0,2,,,0,0
2026-08-11,0,rmdn8748,12,8,2,6,6,2,1,1
2026-08-11,0,hes5911,6,5,2,3,5,1,0,0
2026-08-11,0,fravadod008,9,9,2,7,1,,1,1
2026-08-11,0,tes010,2,1,1,0,2,,0,0
2026-08-11,0,FRA00190,11,10,1,9,3,2,3,3
2026-08-11,0,hes8492,2,1,0,1,,,0,0
2026-08-11,0,FRA00088,2,2,2,0,,,0,0
2026-08-11,0,icsats96092,7,6,6,0,6,,0,0
2026-08-11,0,fraccuesplanade2,2,1,0,1,,,0,0
2026-08-11,0,HES4051,6,5,0,5,,,0,0
2026-08-11,0,HES7512,2,2,2,0,2,,0,0
2026-08-11,0,frapunedhanori1,4,4,4,0,2,1,1,0
2026-08-11,0,HES4795,10,8,1,4,1,,0,0
2026-08-11,0,hes6578,5,4,0,4,,,0,0
2026-08-11,0,hes5814,2,2,1,0,1,1,1,1
2026-08-11,0,HES0992,1,1,1,0,,,0,0
2026-08-11,0,HES3323,3,3,1,2,,,0,0
2026-08-11,0,hes8982,2,2,0,2,,,0,0
2026-08-11,0,hes8646,12,10,9,1,8,2,0,0
2026-08-11,0,FRA00100,2,2,0,2,,,0,0
2026-08-11,0,HES8480,3,3,3,0,3,,0,0
2026-08-11,0,hes8554,7,6,2,4,1,,0,0
2026-08-11,0,hes5910,2,2,2,0,2,,0,0
2026-08-11,0,hes5821,2,2,0,2,,,0,0
2026-08-11,0,hes8813,8,8,3,5,3,,1,1
2026-08-11,0,HES6845,1,1,1,0,1,,0,0
2026-08-11,0,HES5434,5,4,0,4,,,0,0
2026-08-11,0,hes5526,13,12,12,0,12,,0,0
2026-08-11,0,hes7925,6,5,2,3,,,0,0
2026-08-11,0,HES5274,9,7,1,6,2,1,1,1
2026-08-11,0,hes8709,7,7,3,3,3,,1,1
2026-08-11,0,hes7138,2,2,0,2,,,1,1
2026-08-11,0,MATHURA006,2,1,0,1,,,0,0
2026-08-11,0,hes7787,3,2,0,2,,,0,0
2026-08-11,0,HES2435,1,1,1,0,1,,0,0
2026-08-11,0,hes7431,4,4,0,4,,,0,0
2026-08-11,0,HES5748,31,27,7,18,12,6,5,3
2026-08-11,0,HES7728,5,5,1,4,,,0,0
2026-08-11,0,rmdn7229,9,8,7,0,8,1,0,0
2026-08-11,0,hes6378,1,1,1,0,1,,0,0
2026-08-11,0,fraannasalai1,9,8,7,0,3,,0,0
2026-08-11,0,hes7306,10,10,1,9,,,0,0
2026-08-11,0,hes5327,12,11,2,7,1,,0,0
2026-08-11,0,hes7338,3,3,3,0,3,,0,0
2026-08-11,0,HES3843,1,1,1,0,,,0,0
2026-08-11,0,hes5798,1,1,1,0,1,,0,0
2026-08-11,1,HES5161,1,1,0,1,1,,1,1
2026-08-11,0,hes7671,17,16,6,9,1,,0,0
2026-08-11,0,hes7654,2,2,1,1,2,,0,0
2026-08-11,0,hes9052,1,1,1,0,1,,0,0
2026-08-11,0,frabhopal3,1,1,1,0,,,0,0
2026-08-11,0,rmdn1559,24,23,16,2,14,3,0,0
2026-08-11,0,hes5112,10,8,0,7,1,,0,0
2026-08-11,0,flm0002,3,2,0,2,3,,0,0
2026-08-11,0,HES4324,8,6,2,3,2,1,1,1
2026-08-11,0,HES6224,2,1,1,0,2,,0,0
2026-08-11,0,HES6495,5,3,0,3,,,1,1
2026-08-11,0,hes6117,12,8,0,8,,,0,0
2026-08-11,0,hes7598,2,2,0,2,,,0,0
2026-08-11,0,frasiliguri003,4,3,3,0,2,,0,0
2026-08-11,0,rmdn8418,13,11,8,0,5,3,0,0
2026-08-11,0,fra00348,3,2,0,2,,,0,0
2026-08-11,0,fra00324,1,1,1,0,,,0,0
2026-08-11,0,fravaishalinagar1,1,1,0,1,,,0,0
2026-08-11,0,HES4707,2,2,0,1,,,0,0
2026-08-11,0,hes6546,16,12,0,11,3,,0,0
2026-08-11,0,hes7271,14,12,0,12,,,1,1
2026-08-11,0,SBOPAL01,3,3,3,0,1,,0,0
2026-08-11,0,MINALD,1,1,1,0,1,,0,0
2026-08-11,0,hes5442,5,4,2,2,3,,0,0
2026-08-11,0,hes5932,5,5,5,0,2,1,0,0
2026-08-11,0,frachandrapur1,2,2,0,2,,,0,0
2026-08-11,0,ICSATS81163,4,3,2,1,4,2,1,1
2026-08-11,0,hes9271,3,3,0,3,2,1,0,0
2026-08-11,0,hes6557,2,2,1,1,,,0,0
2026-08-11,0,hes7449,5,5,0,5,1,,0,0
2026-08-11,0,HES2339,2,2,1,1,,,0,0
2026-08-11,0,icsats103494,13,12,12,0,13,,0,0
2026-08-11,0,flm0072,1,1,0,1,,,0,0
2026-08-11,0,HES5717,4,4,2,2,2,,0,0
2026-08-11,0,hes8718,4,4,2,1,2,,0,0
2026-08-11,0,HES7648,17,17,14,0,14,10,2,1
2026-08-11,0,hes9010,2,2,0,2,,,0,0
2026-08-11,0,hes7986,5,4,0,4,,,0,0
2026-08-11,0,HES1484,5,5,1,4,,,0,0
2026-08-11,0,framohali1,5,5,3,2,,,0,0
2026-08-11,0,hes8279,4,4,2,2,,,0,0
2026-08-11,0,hes6890,44,40,15,22,15,8,1,1
2026-08-11,0,franoida009,8,8,8,0,,,0,0
2026-08-11,0,hes8578,6,6,0,6,1,,1,0
2026-08-11,0,AGRA001,1,1,0,1,,,0,0
2026-08-11,0,fraccuesplanade4,2,2,0,2,,,0,0
2026-08-11,0,frasbopal05,13,12,3,8,1,,0,0
2026-08-11,0,RMDN1132,13,10,0,9,11,3,0,0
2026-08-11,0,hes7779,13,11,7,2,11,8,2,2
2026-08-11,0,frasaritavihar3,3,3,0,3,,,0,0
2026-08-11,0,hes6373,15,10,1,7,,,0,0
2026-08-11,0,hes8236,2,2,0,2,,,0,0
2026-08-11,0,HES7611,29,26,10,12,8,2,1,1
2026-08-11,0,hes6675,2,2,0,2,,,0,0
2026-08-11,0,hes8189,4,4,0,4,,,0,0
2026-08-11,0,hes9155,2,2,0,2,,,0,0
2026-08-11,0,hes5464,1,1,1,0,1,,0,0
2026-08-11,0,hes6825,5,5,5,0,5,3,2,1
2026-08-11,0,frawhitefield2,3,3,2,1,,,0,0
2026-08-11,0,frabareilly02,2,1,0,1,,,0,0
2026-08-11,0,rmdn6546,9,9,2,7,1,,1,1
2026-08-11,0,HES2717,1,1,0,1,,,0,0
2026-08-11,1,HES4430,1,1,0,0,,,0,0
2026-08-11,0,fragorakhpur03,8,6,0,6,2,,1,1
2026-08-11,0,HES3459,2,1,1,0,2,,0,0
2026-08-11,0,HES6538,6,6,1,5,2,,0,0
2026-08-11,1,hes7030,3,3,2,1,,,0,0
2026-08-11,0,hes6438,7,6,3,2,5,1,0,0
2026-08-11,0,hes7498,3,3,2,1,1,,0,0
2026-08-11,0,hes7859,3,3,3,0,3,1,0,0
2026-08-11,0,hes8449,6,6,0,6,,,0,0
2026-08-11,0,hes6967,7,7,4,2,2,,0,0
2026-08-11,0,HES4171,1,1,0,0,,,0,0
2026-08-11,0,hes8333,4,4,4,0,3,,0,0
2026-08-11,0,HES3828,3,3,3,0,2,,0,0
2026-08-11,0,hes5655,2,2,1,1,1,,0,0
2026-08-11,0,hes5443,11,11,4,5,2,,0,0
2026-08-11,0,rmdn1726,25,22,6,15,6,1,0,0
2026-08-11,0,hes7428,1,1,1,0,1,,0,0
2026-08-11,0,hes6014,7,6,4,2,7,3,0,0
2026-08-11,1,hes8318,1,1,0,0,,,0,0
2026-08-11,0,hes5484,1,1,1,0,1,,0,0
2026-08-11,0,hes7953,4,4,3,1,,,0,0
2026-08-11,0,amdcg10,2,2,2,0,,,0,0
2026-08-11,0,hes5880,2,1,0,1,,,0,0
2026-08-11,0,FRA00117,1,1,1,0,,,1,1
2026-08-11,0,hes6150,1,1,0,1,,,0,0
2026-08-11,0,icsats91506,15,15,15,0,13,5,0,0
2026-08-11,0,hes9165,6,5,0,5,5,2,1,0
2026-08-11,0,hes7488,8,8,2,3,1,1,1,1
2026-08-11,0,ICSATS90189,4,4,0,4,,,0,0
2026-08-11,0,ASHMEETK,2,2,0,2,,,0,0
2026-08-11,0,hes6380,1,1,1,0,,,0,0
2026-08-11,0,hes9211,1,1,1,0,1,,0,0
2026-08-11,0,FRA00214,3,2,0,2,,,0,0
2026-08-11,0,hes5943,4,4,4,0,4,,0,0
2026-08-11,0,hes8445,4,3,3,0,1,,0,0
2026-08-11,0,hes8095,1,1,1,0,1,,0,0
2026-08-11,0,icsats81376,7,7,7,0,2,1,1,1
2026-08-11,0,ICSATS82193,1,1,1,0,1,1,0,0
2026-08-11,0,HES4527,4,3,3,0,3,3,1,1
2026-08-11,0,icsats92879,15,14,13,0,13,4,1,1
2026-08-11,0,hes8415,20,19,11,6,2,,0,0
2026-08-11,0,fraggn1,2,2,2,0,1,,0,0
2026-08-11,0,rmdn8240,12,10,1,8,4,,0,0
2026-08-11,0,amdcg7,1,1,1,0,,,0,0
2026-08-11,0,icsats88688,12,11,10,0,10,3,0,0
2026-08-11,0,hes6621,1,1,0,1,,,0,0
2026-08-11,0,FRA00144,19,16,0,16,,,1,0
2026-08-11,0,HES7368,4,4,4,0,4,,0,0
2026-08-11,0,hes7279,5,4,2,2,3,,0,0
2026-08-11,0,hes9303,4,4,4,0,4,1,0,0
2026-08-11,0,frapatiala1,2,2,2,0,2,,0,0
2026-08-11,0,hes5146,4,4,2,1,1,,0,0
2026-08-11,0,frajalandhar03,2,2,1,0,,,0,0
2026-08-11,0,rmdn3663,25,24,8,14,9,4,1,1
2026-08-11,0,hes6323,1,1,1,0,1,,0,0
2026-08-11,0,hes7760,1,1,1,0,1,,0,0
2026-08-11,0,rmdn8273,16,15,11,4,6,,0,0
2026-08-11,0,HES1513,4,3,0,2,,,0,0
2026-08-11,0,hes8560,1,1,1,0,1,,0,0
2026-08-11,0,hes6632,1,1,0,1,,,0,0
2026-08-11,0,fraanand1,3,3,0,3,1,,0,0
2026-08-11,0,hes6983,2,1,0,1,,,0,0
2026-08-11,1,HES8480,4,4,4,0,4,,0,0
2026-08-11,0,hes6308,5,4,0,4,,,0,0
2026-08-11,0,RMDN8311,10,10,8,1,8,,1,1
2026-08-11,0,hes6591,9,7,0,7,,,0,0
2026-08-11,0,hes5638,3,3,3,0,3,1,0,0
2026-08-11,0,hes6653,1,1,0,1,,,0,0
2026-08-11,0,rmdn5249,25,22,20,1,19,11,3,1
2026-08-11,0,HES5509,7,5,2,3,3,,0,0
2026-08-11,0,hes9315,1,1,0,1,,,0,0
2026-08-11,0,hes5113,2,2,0,2,,,0,0
2026-08-11,0,hes9267,3,3,1,1,,,0,0
2026-08-11,0,HES6403,12,11,8,3,9,2,0,0
2026-08-11,0,frasbopal04,1,1,1,0,,,0,0
2026-08-11,0,hes6822,2,2,1,0,1,,0,0
2026-08-11,0,hes6757,14,14,0,11,,,0,0
2026-08-11,0,hes7857,5,4,0,4,,,0,0
2026-08-11,0,HES3191,8,8,7,1,6,6,0,0
2026-08-11,0,frajamshedpur2,1,1,1,0,,,0,0
2026-08-11,0,hes6938,20,18,3,14,2,1,1,1
2026-08-11,0,HES6519,3,2,1,1,,,0,0
2026-08-11,0,rmdn2959,9,8,8,0,8,,0,0
2026-08-11,0,hes8092,7,7,0,7,,,0,0
2026-08-11,0,frakolhapur3,2,2,1,1,,,0,0
2026-08-11,0,HES2137,3,2,1,1,1,,0,0
2026-08-11,0,hes6745,2,2,0,2,,,0,0
2026-08-11,0,HES5161,9,8,0,7,4,,0,0
2026-08-11,0,hes8284,5,4,0,4,,,0,0
2026-08-11,0,hes5654,14,12,1,11,7,,0,0
2026-08-11,0,fraravet1,4,4,4,0,,,0,0
2026-08-11,0,hes9137,2,2,0,2,1,,0,0
2026-08-11,0,fraudaipur02,1,1,0,1,1,,0,0
2026-08-11,0,hes8803,11,10,8,2,8,2,2,1
2026-08-11,0,HES5271,3,2,0,2,1,,0,0
2026-08-11,0,HES6592,13,13,13,0,11,,0,0
2026-08-11,1,HES5042,1,1,0,1,,,0,0
2026-08-11,0,HES5869,2,2,1,1,,,0,0
2026-08-11,0,HES7059,7,6,0,6,,,0,0
2026-08-11,0,hes7448,10,8,1,6,3,,0,0
2026-08-11,0,HES4753,3,2,0,1,,,0,0
2026-08-11,0,rmdn8749,7,7,7,0,6,3,1,1
2026-08-11,0,hes8375,10,9,0,9,1,,1,1
2026-08-11,0,HES4166,7,5,1,4,1,,0,0
2026-08-11,0,hes7119,5,4,4,0,5,1,1,1
2026-08-11,0,HES4307,4,4,4,0,3,,0,0
2026-08-11,0,hes5759,4,4,2,2,,,0,0
2026-08-11,0,flm0010,2,1,0,1,,,0,0
2026-08-11,0,hes7222,1,1,1,0,,,0,0
2026-08-11,0,HES8307,2,1,0,1,2,,0,0
2026-08-11,0,HES5555,1,1,1,0,1,,0,0
2026-08-11,0,hes5927,3,3,3,0,3,1,1,1
2026-08-11,0,HES4817,1,1,0,1,,,0,0
2026-08-11,0,hes6927,9,8,2,6,6,3,3,3
2026-08-11,0,hes7214,1,1,1,0,1,,0,0
2026-08-11,0,HES4511,8,8,8,0,5,2,1,0
2026-08-11,0,HES5413,9,8,1,7,2,1,2,2
2026-08-11,1,HES2530,1,1,1,0,1,,0,0
2026-08-11,0,hes7677,3,2,1,1,1,,0,0
2026-08-11,0,HES4010,2,2,2,0,2,,0,0
2026-08-11,0,ICSATS101249,1,1,0,1,1,,0,0
2026-08-11,0,icsats88698,8,8,7,0,4,,0,0
2026-08-11,0,fra00346,4,2,0,2,,,0,0
2026-08-11,0,hes6281,5,4,1,3,1,,0,0
2026-08-11,0,hes8206,2,2,2,0,2,,0,0
2026-08-11,0,hes5105,9,5,3,2,5,,0,0
2026-08-11,0,HES4061,20,17,0,17,,,1,1
2026-08-11,0,HES3842,1,1,1,0,1,1,0,0
2026-08-11,0,FRA00320,1,1,1,0,1,,0,0
2026-08-11,0,ICSATS99349,14,13,13,0,12,2,1,0
2026-08-11,0,HES1196,5,4,0,4,1,,1,1
2026-08-11,0,hes9388,1,1,1,0,1,,0,0
2026-08-11,0,HES7473,2,2,2,0,1,,0,0
2026-08-11,0,HES2524,3,3,2,0,2,,0,0
2026-08-11,0,hes8069,7,6,5,0,5,,0,0
2026-08-11,0,fra00261,2,2,2,0,,,0,0
2026-08-11,0,hes9220,1,1,1,0,1,,0,0
2026-08-11,0,hes7765,7,6,3,3,3,3,1,1
2026-08-11,0,hes9402,6,5,3,2,2,1,0,0
2026-08-11,1,HES5033,2,2,0,2,2,,1,0
2026-08-11,0,fra00379,2,2,1,1,,,0,0
2026-08-11,0,HES5398,2,2,2,0,2,,0,0
2026-08-11,0,flm0166,1,1,0,1,,,0,0
2026-08-11,0,hes6294,3,2,0,2,,,0,0
2026-08-11,0,hes8142,6,5,2,3,4,2,2,2
2026-08-11,0,hes6423,1,1,1,0,1,1,0,0
2026-08-11,0,hes5614,13,12,11,1,8,,1,1
2026-08-11,0,hes6235,4,3,2,1,1,1,1,1
2026-08-11,0,icsats90195,1,1,1,0,1,,0,0
2026-08-11,0,hes8553,7,5,0,5,1,,1,1
2026-08-11,0,HES6661,5,5,2,2,2,,0,0
2026-08-11,0,rmdn8750,7,7,0,6,3,,0,0
2026-08-11,0,hes6690,4,4,2,2,,,0,0
2026-08-11,0,hes5079,7,7,7,0,1,,0,0
2026-08-11,0,hes8416,5,4,4,0,3,1,0,0
2026-08-11,0,HES4823,5,5,4,1,4,1,1,1
2026-08-11,0,fra00368,8,6,0,4,,,1,1
2026-08-11,0,HES8433,6,6,5,0,3,2,0,0
2026-08-11,0,hes6436,4,4,0,4,1,,0,0
2026-08-11,0,hes7877,15,11,11,0,15,9,0,0
2026-08-11,1,HES4113,4,4,0,4,,,0,0
2026-08-11,0,HES5970,10,8,3,5,3,,0,0
2026-08-11,0,hes7618,8,6,5,1,5,,0,0
2026-08-11,0,hes8175,1,1,0,1,,,0,0
2026-08-11,0,HES6567,1,1,1,0,,,0,0
2026-08-11,0,FRA00083,11,10,7,3,1,,0,0
2026-08-11,0,hes9227,13,12,6,6,,,0,0
2026-08-11,0,rmdn7054,11,9,3,6,,,0,0
2026-08-11,0,hes6627,4,3,2,0,3,1,0,0
2026-08-11,0,hes8973,7,5,1,4,,,0,0
2026-08-11,0,hes5616,21,20,15,4,13,3,1,0
2026-08-11,0,HES4181,9,7,0,4,,,0,0
2026-08-11,0,hes8564,1,1,1,0,1,,0,0
2026-08-11,0,frabalewadi002,6,6,1,4,,,0,0
2026-08-11,0,fravaranasi3,5,3,0,3,,,0,0
2026-08-11,0,HES4952,8,7,3,3,3,,0,0
2026-08-11,0,rmdn5933,12,11,0,11,7,,0,0
2026-08-11,0,hes8647,4,3,0,3,,,0,0
2026-08-11,0,HES8532,1,1,0,1,,,0,0
2026-08-11,0,HES1543,3,3,2,1,,,0,0
2026-08-11,0,hes6119,4,4,1,1,,,0,0
2026-08-11,0,FRA00080,1,1,1,0,,,0,0
2026-08-11,0,hes8562,4,4,4,0,1,,0,0
2026-08-11,0,hes8156,9,9,0,9,1,,0,0
2026-08-11,0,FRA00111,5,5,1,3,3,,0,0
2026-08-11,0,HES8280,2,2,1,1,1,,0,0
2026-08-11,0,hes6767,2,2,1,1,2,,0,0
2026-08-11,0,HES4877,1,1,1,0,1,1,0,0
2026-08-11,0,FRA00349,1,1,0,1,,,0,0
2026-08-11,0,hes8271,7,6,6,0,5,,0,0
2026-08-11,0,HES4501,8,7,7,0,8,,0,0
2026-08-11,0,hes7186,2,2,0,2,,,0,0
2026-08-11,0,hes5505,1,1,1,0,1,1,1,1
2026-08-11,0,hes8131,2,2,1,1,1,,0,0
2026-08-11,0,vadod004,1,1,1,0,1,,0,0
2026-08-11,0,HES0675,1,1,1,0,1,,0,0
2026-08-11,0,HES4521,3,3,2,1,2,1,0,0
2026-08-11,0,hes5063,2,2,2,0,1,,0,0
2026-08-11,0,hes6298,10,9,3,5,2,,0,0
2026-08-11,0,hes5515,1,1,1,0,1,,0,0
2026-08-11,0,rmdn8204,9,8,3,0,4,,0,0
2026-08-11,0,HES0993,38,34,22,10,24,5,1,1
2026-08-11,0,HES2993,2,1,1,0,2,,0,0
2026-08-11,0,rmdn8416,5,4,2,2,2,,0,0
2026-08-11,0,hes7547,11,9,0,9,,,0,0
2026-08-11,0,hes5612,2,1,1,0,2,,0,0
2026-08-11,0,hes6534,32,27,0,26,,,1,1
2026-08-10,0,rmdn8240,11,10,0,7,7,6,0,0
2026-08-10,0,hes7652,2,2,2,0,2,,0,0
2026-08-10,0,HES3191,1,1,0,1,,,0,0
2026-08-10,0,hes8417,6,6,6,0,3,,0,0
2026-08-10,0,HES4307,5,5,5,0,5,,0,0
2026-08-10,0,hes6518,8,7,2,5,1,,0,0
2026-08-10,0,hes8803,10,9,8,1,9,1,0,0
2026-08-10,0,hes5840,6,5,5,0,4,,0,0
2026-08-10,0,hes7598,1,1,0,1,1,,0,0
2026-08-10,0,HES0993,15,14,12,2,13,4,1,1
2026-08-10,0,hes7614,10,9,0,9,,,0,0
2026-08-10,0,HES4023,4,3,0,3,,,0,0
2026-08-10,0,hes5033,3,2,0,2,,,0,0
2026-08-10,0,hes7271,3,2,0,1,,,0,0
2026-08-10,0,hes6365,3,2,2,0,3,3,0,0
2026-08-10,0,hes8880,2,2,0,1,1,,0,0
2026-08-10,0,frakotagumanpura2,9,8,4,4,1,,0,0
2026-08-10,0,HES4956,6,6,5,0,4,3,1,1
2026-08-10,0,rmdn8749,5,5,1,4,1,,0,0
2026-08-10,0,fravaranasi3,2,2,0,2,,,0,0
2026-08-10,0,frapunedhanori1,4,2,1,1,,,0,0
2026-08-10,0,rmdn1337,18,14,13,0,17,,1,1
2026-08-10,0,HES5417,2,2,0,2,,,0,0
2026-08-10,0,hes8813,2,1,0,1,,,0,0
2026-08-10,0,FRA00074,3,3,0,2,,,0,0
2026-08-10,0,hes7268,3,2,0,2,,,0,0
2026-08-10,0,frabalewadi001,5,4,0,4,,,1,1
2026-08-10,0,hes8709,10,9,4,4,4,,1,1
2026-08-10,0,HES5042,1,1,0,1,,,0,0
2026-08-10,0,icsats96098,10,10,9,0,8,1,0,0
2026-08-10,0,hes8800,1,1,0,1,,,0,0
2026-08-10,0,hes6916,1,1,1,0,,,0,0
2026-08-10,0,HES7844,13,11,6,5,9,5,3,2
2026-08-10,0,hes7119,5,5,2,0,2,,0,0
2026-08-10,0,rmdn7040,6,6,3,0,3,,0,0
2026-08-10,0,hes5531,10,9,5,3,2,1,1,1
2026-08-10,0,hes7877,2,2,1,0,1,1,0,0
2026-08-10,0,icsats90195,1,1,1,0,1,,0,0
2026-08-10,0,hes8415,5,3,2,1,1,,0,0
2026-08-10,0,hes8076,14,14,10,2,11,3,1,1
2026-08-10,0,hes9093,1,1,0,1,1,1,1,1
2026-08-10,0,hes6099,2,2,2,0,,,0,0
2026-08-10,0,hes5658,3,3,2,1,1,,0,0
2026-08-10,0,hes8645,4,4,3,1,2,1,1,0
2026-08-10,0,hes7503,2,2,0,2,,,0,0
2026-08-10,0,hes7685,1,1,1,0,1,,0,0
2026-08-10,0,frahub01,12,11,0,8,,,0,0
2026-08-10,0,hes8946,3,3,3,0,3,,0,0
2026-08-10,0,hes7980,6,6,2,4,,,0,0
2026-08-10,0,HES6548,6,5,5,0,5,,0,0
2026-08-10,0,rmdn1726,12,12,7,5,7,,0,0
2026-08-10,0,HES5408,4,2,2,0,4,2,1,0
2026-08-10,0,hes5654,12,11,0,9,8,,0,0
2026-08-10,0,hes8445,5,5,4,1,3,,0,0
2026-08-10,0,HES5161,5,5,0,4,3,,0,0
2026-08-10,0,fraghatkopar02,2,2,0,2,,,0,0
2026-08-10,0,hes5759,9,7,0,4,,,0,0
2026-08-10,0,hes9066,5,4,0,3,3,,0,0
2026-08-10,0,hes5119,2,2,2,0,1,,0,0
2026-08-10,0,FRA00167,2,1,1,0,2,,0,0
2026-08-10,0,frabhopal3,3,3,2,0,,,0,0
2026-08-10,0,hes5798,2,2,1,1,1,,0,0
2026-08-10,0,hes7300,16,13,5,7,1,,0,0
2026-08-10,0,hes6131,4,3,2,1,3,1,0,0
2026-08-10,0,hes9267,7,6,3,3,,,0,0
2026-08-10,0,hes7638,20,19,9,8,5,1,1,1
2026-08-10,0,hes8318,2,2,2,0,2,,0,0
2026-08-10,0,framumbaithane2,2,2,1,1,,,0,0
2026-08-10,0,HES5869,2,2,1,1,1,,0,0
2026-08-10,0,hes8713,10,9,8,0,7,,0,0
2026-08-10,0,HES7728,10,9,5,3,5,4,2,0
2026-08-10,0,frabareilly01,3,2,1,1,,,0,0
2026-08-10,0,rmdn3663,25,23,7,16,9,,0,0
2026-08-10,0,FRA00317,2,2,1,1,,,0,0
2026-08-10,0,hes8355,9,7,0,5,,,0,0
2026-08-10,0,hes8927,3,3,2,1,2,,0,0
2026-08-10,0,hes5159,4,4,4,0,4,,0,0
2026-08-10,0,hes9021,2,2,2,0,1,,0,0
2026-08-10,0,hes7096,2,2,0,1,,,0,0
2026-08-10,0,rmdn8751,2,2,0,2,,,0,0
2026-08-10,0,hes5948,7,7,4,1,5,,0,0
2026-08-10,0,fra00285,3,2,0,2,,,0,0
2026-08-10,0,HES4381,3,2,2,0,3,,0,0
2026-08-10,1,frajabalpur3,1,1,0,0,,,0,0
2026-08-10,0,hes8451,6,5,2,3,5,3,1,1
2026-08-10,0,HES5173,10,10,10,0,5,,0,0
2026-08-10,0,icsats95268,8,8,8,0,8,1,1,1
2026-08-10,1,HES7050,3,3,2,1,,,0,0
2026-08-10,0,hes5904,4,4,4,0,4,,0,0
2026-08-10,0,hes8929,2,2,1,1,1,,0,0
2026-08-10,0,hes8765,1,1,0,1,1,1,1,1
2026-08-10,0,hes5443,2,1,0,1,,,0,0
2026-08-10,0,hes5925,5,5,5,0,4,,0,0
2026-08-10,1,HES5121,1,1,0,1,,,0,0
2026-08-10,0,HES5509,11,9,7,2,7,1,0,0
2026-08-10,0,hes5616,4,4,4,0,3,1,0,0
2026-08-10,0,hes6119,50,45,14,21,9,,0,0
2026-08-10,0,hes6083,3,3,3,0,1,,0,0
2026-08-10,0,hes5822,1,1,0,1,,,0,0
2026-08-10,0,rmdn5249,34,32,29,2,21,3,0,0
2026-08-10,0,FRA00140,1,1,0,1,,,0,0
2026-08-10,0,hes7186,19,15,4,10,3,3,2,1
2026-08-10,0,HES4297,5,4,0,4,,,0,0
2026-08-10,0,hes6628,10,8,3,4,2,,0,0
2026-08-10,0,hes8124,4,4,4,0,3,,0,0
2026-08-10,0,fraggn1,23,21,17,0,4,1,1,1
2026-08-10,0,hes9204,3,2,1,1,1,,0,0
2026-08-10,0,hes9137,6,5,1,4,3,,0,0
2026-08-10,0,hes7456,1,1,1,0,,,0,0
2026-08-10,0,HES4893,8,8,2,3,3,1,0,0
2026-08-10,0,frakotagumanpura1,2,2,1,1,,,0,0
2026-08-10,0,hes6658,7,7,3,4,,,0,0
2026-08-10,0,hes5146,7,6,2,3,,,0,0
2026-08-10,0,rmdn8195,10,9,8,0,8,,0,0
2026-08-10,1,hes6690,5,4,2,2,,,0,0
2026-08-10,0,fra00288,11,10,0,9,4,1,2,0
2026-08-10,0,HES6495,5,3,0,2,2,,0,0
2026-08-10,0,FRA00026,10,7,6,0,,,0,0
2026-08-10,0,hes8651,2,2,1,1,,,0,0
2026-08-10,0,hes6557,5,4,2,2,,,0,0
2026-08-10,0,hes5062,1,1,1,0,1,,0,0
2026-08-10,0,fraludhiana1,34,29,18,10,4,,0,0
2026-08-10,0,HES5175,5,5,0,5,,,0,0
2026-08-10,0,flm0038,1,1,1,0,1,,0,0
2026-08-10,0,hes9422,36,33,14,14,12,4,0,0
2026-08-10,0,hes5821,1,1,0,1,1,1,0,0
2026-08-10,0,hes7233,2,2,2,0,1,,0,0
2026-08-10,0,hes7773,2,2,2,0,2,,0,0
2026-08-10,0,icsats96092,4,4,4,0,4,,0,0
2026-08-10,0,hes6527,31,25,4,18,3,2,1,1
2026-08-10,0,hes9140,4,3,3,0,2,,0,0
2026-08-10,0,hes6305,7,7,3,4,,,0,0
2026-08-10,0,hes9034,3,3,2,1,,,0,0
2026-08-10,0,hes9213,6,5,0,4,,,0,0
2026-08-10,0,flm0168,1,1,0,1,,,0,0
2026-08-10,0,hes8042,4,4,4,0,2,,0,0
2026-08-10,0,flm0089,1,1,0,1,,,0,0
2026-08-10,0,icsats103494,3,3,3,0,3,,0,0
2026-08-10,0,frarajourigarden3,7,6,6,0,2,2,0,0
2026-08-10,0,fra00282,1,1,0,1,,,0,0
2026-08-10,0,rmdn8419,9,9,5,3,4,,0,0
2026-08-10,0,hes9340,1,1,1,0,1,,0,0
2026-08-10,0,HES6146,9,7,5,2,7,,0,0
2026-08-10,0,hes8982,2,2,2,0,1,,0,0
2026-08-10,0,hes7306,3,2,0,2,,,0,0
2026-08-10,0,hes8069,2,1,1,0,2,,0,0
2026-08-10,0,HES2339,6,6,5,1,3,,0,0
2026-08-10,0,hes7260,5,4,2,2,3,,0,0
2026-08-10,0,fraudaipur01,7,6,3,3,,,0,0
2026-08-10,0,hes7951,1,1,0,1,,,0,0
2026-08-10,0,hes5880,1,1,0,1,,,0,0
2026-08-10,0,noida004,4,3,3,0,,,0,0
2026-08-10,0,flm0004,2,1,0,1,2,,0,0
2026-08-10,0,FRA00052,6,6,5,0,1,,0,0
2026-08-10,0,hes9211,4,2,1,1,,,0,0
2026-08-10,0,icsats91558,9,9,4,4,1,,0,0
2026-08-10,0,hes8733,3,3,1,1,1,,0,0
2026-08-10,0,hes9271,1,1,0,1,,,0,0
2026-08-10,0,icsats92875,7,7,7,0,5,,0,0
2026-08-10,0,hes6583,6,5,1,3,1,,0,0
2026-08-10,0,hes8223,2,2,0,2,,,0,0
2026-08-10,0,hes7715,1,1,1,0,1,1,0,0
2026-08-10,0,HES2922,1,1,1,0,1,,0,0
2026-08-10,0,HES5411,12,10,7,2,10,2,0,0
2026-08-10,0,hes8306,1,1,0,1,,,0,0
2026-08-10,0,HES5200,7,6,0,6,,,0,0
2026-08-10,0,hes8646,13,9,8,0,11,5,2,1
2026-08-10,0,hes6889,2,2,2,0,2,,0,0
2026-08-10,0,hes6745,6,5,0,5,,,0,0
2026-08-10,0,hes7674,2,2,2,0,,,0,0
2026-08-10,1,hes8080,2,2,0,2,,,0,0
2026-08-10,0,icsats106796,6,6,5,0,5,1,0,0
2026-08-10,0,hes7489,1,1,0,1,,,0,0
2026-08-10,0,HES5804,11,7,1,4,1,,0,0
2026-08-10,0,hes9424,2,1,0,1,,,0,0
2026-08-10,0,flm0098,1,1,0,1,,,0,0
2026-08-10,0,hes7183,11,11,10,0,8,3,0,0
2026-08-10,0,hes7338,26,25,9,11,9,1,1,1
2026-08-10,0,hes5564,19,18,12,6,8,1,0,0
2026-08-10,0,hes8655,3,3,2,0,2,1,0,0
2026-08-10,0,hes6429,1,1,1,0,1,,0,0
2026-08-10,0,HES1543,9,9,5,3,3,,0,0
2026-08-10,0,hes7284,5,5,1,4,1,,0,0
2026-08-10,0,HES3947,2,2,0,2,,,0,0
2026-08-10,0,rmdn5933,13,11,0,11,2,,0,0
2026-08-10,0,surat001,6,5,2,1,,,1,1
2026-08-10,0,HES4183,7,5,2,2,3,,0,0
2026-08-10,0,hes7961,6,5,0,4,4,1,0,0
2026-08-10,0,HES4707,6,5,0,5,,,0,0
2026-08-10,0,HES4795,9,7,1,4,,,0,0
2026-08-10,0,HES4166,11,8,0,5,,,0,0
2026-08-10,0,FRA00172,5,5,5,0,1,,0,0
2026-08-10,1,hes7740,1,1,1,0,1,,0,0
2026-08-10,0,hes8639,3,2,0,2,,,0,0
2026-08-10,0,hes7866,4,3,1,2,1,,0,0
2026-08-10,0,hes6821,11,11,1,9,,,3,1
2026-08-10,0,hes8876,3,3,0,2,,,0,0
2026-08-10,0,hes7730,18,17,1,11,3,,0,0
2026-08-10,0,hes6158,7,6,3,3,1,,0,0
2026-08-10,0,hes7931,2,2,0,1,,,0,0
2026-08-10,0,hes7721,44,40,30,9,36,10,1,1
2026-08-10,0,rmdn4078,34,32,9,17,9,2,1,1
2026-08-10,0,HES3823,4,4,4,0,3,,0,0
2026-08-10,0,hes8188,2,2,0,2,,,0,0
2026-08-10,0,frawhitefield2,3,2,1,1,,,0,0
2026-08-10,0,hes5755,2,2,1,1,,,0,0
2026-08-10,0,vadod004,3,3,3,0,,,0,0
2026-08-10,0,hes5515,4,4,4,0,4,,0,0
2026-08-10,0,hes6460,3,2,0,2,,,0,0
2026-08-10,0,HES4501,4,4,4,0,4,,0,0
2026-08-10,0,HES5274,17,15,4,10,1,,0,0
2026-08-10,0,HES4181,11,11,2,6,2,,0,0
2026-08-10,0,frarajourigarden2,5,5,5,0,1,,0,0
2026-08-10,0,frahowrah003,5,4,0,4,,,0,0
2026-08-10,0,rmdn8418,11,9,9,0,6,,0,0
2026-08-10,0,hes8849,6,6,3,3,1,1,0,0
2026-08-10,0,hes9405,2,2,2,0,2,2,1,1
2026-08-10,0,hes6578,7,6,1,4,2,,0,0
2026-08-10,0,RMDN8311,4,4,3,0,3,,0,0
2026-08-10,0,hes8562,11,11,10,0,10,2,1,1
2026-08-10,0,hes5466,2,2,0,2,,,0,0
2026-08-10,0,HES4061,15,14,0,14,,,1,1
2026-08-10,0,hes8459,1,1,1,0,1,,0,0
2026-08-10,0,HES4425,2,1,1,0,,,0,0
2026-08-10,0,rmdn8243,19,17,10,0,10,,0,0
2026-08-10,0,hes6101,6,6,1,5,2,,1,1
2026-08-10,0,FRA00083,8,7,7,0,1,,0,0
2026-08-10,0,hes8105,14,14,13,0,9,5,1,1
2026-08-10,0,rmdn8204,4,4,4,0,3,,0,0
2026-08-10,0,hes8930,9,7,7,0,6,1,0,0
2026-08-10,1,hes8841,3,2,1,1,1,,0,0
2026-08-10,0,HES5388,2,2,1,1,,,0,0
2026-08-10,0,hes6333,1,1,0,1,1,,0,0
2026-08-10,0,hes6881,7,7,7,0,5,2,1,1
2026-08-10,0,HES5262,6,5,4,0,4,1,0,0
2026-08-10,0,hes7689,2,2,2,0,2,1,1,1
2026-08-10,0,hes6665,1,1,0,1,1,,0,0
2026-08-10,0,hes6274,9,8,5,3,3,,0,0
2026-08-10,0,HES6519,20,16,1,15,,,0,0
2026-08-10,0,hes6937,6,5,5,0,6,,0,0
2026-08-10,0,FRA00195,11,10,0,7,,,0,0
2026-08-10,0,hes8375,23,19,0,18,,,0,0
2026-08-10,0,hes7274,27,23,1,21,,,1,0
2026-08-10,0,hes8005,2,2,1,1,1,,0,0
2026-08-10,0,hes7925,9,8,3,5,,,0,0
2026-08-10,1,HES2371,1,1,1,0,1,,0,0
2026-08-10,0,HES0803,2,1,0,1,,,0,0
2026-08-10,0,hes8832,6,6,1,4,1,,0,0
2026-08-10,0,HES6091,1,1,0,1,,,0,0
2026-08-10,0,hes7506,20,19,19,0,17,7,0,0
2026-08-10,0,hes6497,6,6,1,3,2,,0,0
2026-08-10,0,hes8142,17,15,4,10,3,,0,0
2026-08-10,0,hes5098,12,12,7,5,1,,0,0
2026-08-10,0,hes8265,3,3,3,0,1,1,1,1
2026-08-10,0,flm0065,8,6,0,5,1,,0,0
2026-08-10,0,hes8333,2,2,2,0,,,0,0
2026-08-10,0,hes5736,2,2,1,1,,,0,0
2026-08-10,0,fra00309,1,1,0,1,,,0,0
2026-08-10,0,flm0121,2,1,0,1,,,0,0
2026-08-10,0,frahadapsar1,3,3,0,1,,,0,0
2026-08-10,0,HES4823,3,3,3,0,2,,0,0
2026-08-10,0,vadod007,3,3,0,3,,,0,0
2026-08-10,0,rmdn8416,4,3,0,2,3,1,0,0
2026-08-10,0,hes6471,9,7,4,2,4,2,0,0
2026-08-10,0,PRHLDNGR1,6,4,0,4,,,0,0
2026-08-10,0,hes6675,8,6,0,6,3,,0,0
2026-08-10,0,hes7143,15,13,1,10,11,3,0,0
2026-08-10,0,HES2028,1,1,0,1,,,0,0
2026-08-10,1,HES4181,3,3,2,1,,,0,0
2026-08-10,0,hes7948,3,2,1,1,2,,1,1
2026-08-10,0,rmdn3662,8,8,6,2,7,1,0,0
2026-08-10,0,rmdn8422,3,3,2,1,1,,0,0
2026-08-10,0,FRA00106,1,1,1,0,,,0,0
2026-08-10,0,hes7847,12,9,7,2,7,6,3,3
2026-08-10,0,HES0325,6,6,0,6,,,0,0
2026-08-10,0,hes9123,2,2,0,2,,,0,0
2026-08-10,0,HES4229,9,9,7,0,6,,0,0
2026-08-10,0,hes8601,4,3,3,0,4,1,0,0
2026-08-10,0,frajabalpur5,2,1,0,1,,,0,0
2026-08-10,0,hes6757,16,15,0,13,,,1,1
2026-08-10,0,frasaltlake2,2,1,1,0,2,,0,0
2026-08-10,0,hes8448,4,4,3,1,3,,0,0
2026-08-10,0,HES3137,4,3,2,1,3,,0,0
2026-08-10,0,hes5794,4,4,2,1,2,,0,0
2026-08-10,0,hes7191,2,1,0,1,2,,0,0
2026-08-10,0,hes7461,6,6,0,5,,,0,0
2026-08-10,0,HES2993,1,1,1,0,1,,0,0
2026-08-10,0,hes7971,2,2,2,0,2,,0,0
2026-08-10,0,hes8825,3,2,0,2,1,,0,0
2026-08-10,0,ASHMEETK,4,4,0,4,1,,0,0
2026-08-10,0,hes9120,1,1,0,1,,,0,0
2026-08-10,0,fraanand1,4,4,2,1,1,,0,0
2026-08-10,0,HES3381,34,31,29,0,27,,0,0
2026-08-10,0,hes6822,1,1,1,0,1,,0,0
2026-08-10,0,hes7729,3,3,0,3,3,,1,1
2026-08-10,0,hes5875,1,1,0,1,,,0,0
2026-08-10,0,fra00275,1,1,1,0,,,0,0
2026-08-10,0,fra00318,3,3,0,3,,,0,0
2026-08-10,0,hes8679,8,7,4,3,4,,0,0
2026-08-10,0,hes7627,7,6,1,5,1,,0,0
2026-08-10,0,hes7835,3,2,1,1,1,,0,0
2026-08-10,0,hes8129,1,1,1,0,1,,0,0
2026-08-10,0,hes5612,2,2,2,0,2,,0,0
2026-08-10,0,hes8778,1,1,0,1,,,0,0
2026-08-10,0,icsats106797,12,12,12,0,11,,0,0
2026-08-10,0,rmdn8552,12,10,0,9,2,,0,0
2026-08-10,0,HES4221,5,5,2,2,2,,0,0
2026-08-10,0,hes6100,9,9,0,5,1,1,1,1
2026-08-10,0,hes6117,9,8,3,5,2,,0,0
2026-08-10,0,fra00374,6,4,0,4,,,0,0
2026-08-10,0,hes7498,9,9,7,2,4,3,3,0
2026-08-10,0,HES8532,2,2,0,2,,,0,0
2026-08-10,0,hes5613,14,13,2,9,1,,0,0
2026-08-10,0,rmdn8273,20,19,16,1,15,,0,0
2026-08-10,0,frainfantryroad2,1,1,0,1,,,0,0
2026-08-10,0,hes9111,2,2,0,2,,,0,0
2026-08-10,0,HES2608,10,10,0,10,5,,1,1
2026-08-10,0,hes5659,3,2,0,2,,,0,0
2026-08-10,0,fra00333,14,11,1,9,5,,0,0
2026-08-10,0,hes6534,1,1,0,1,,,0,0
2026-08-10,0,rmdn8752,2,2,1,0,1,1,0,0
2026-08-10,1,hes5711,1,1,1,0,,,0,0
2026-08-10,0,hes8736,6,4,1,3,,,0,0
2026-08-10,0,HES7353,2,2,2,0,,,0,0
2026-08-10,0,hes7570,1,1,0,1,,,0,0
2026-08-10,0,hes6922,10,10,4,5,2,1,0,0
2026-08-10,0,HES6292,2,2,0,1,,,0,0
2026-08-10,0,hes7451,1,1,1,0,1,,0,0
2026-08-10,0,rmdn8748,3,3,2,1,3,,0,0
2026-08-10,0,HES7726,19,17,1,16,6,,1,1
2026-08-10,0,HES7727,2,2,2,0,2,,0,0
2026-08-10,0,hes8718,9,8,6,2,9,2,0,0
2026-08-10,0,fra00281,9,7,5,2,1,,0,0
2026-08-10,0,FRA00214,4,3,0,2,,,0,0
2026-08-10,0,HES2358,12,12,1,10,1,,0,0
2026-08-10,1,hes6131,1,1,0,1,,,0,0
2026-08-10,0,hes8845,2,1,0,1,,,0,0
2026-08-10,0,franoida009,3,3,3,0,1,,0,0
2026-08-10,0,hes5814,8,7,7,0,5,,0,0
2026-08-10,0,hes7930,9,9,0,7,1,1,1,1
2026-08-10,0,fra00353,2,2,0,2,,,1,1
2026-08-10,0,fra00277,12,11,3,7,2,,0,0
2026-08-10,1,HES4174,1,1,0,1,,,0,0
2026-08-10,0,HES4430,1,1,0,1,,,0,0
2026-08-10,0,hes7779,1,1,0,1,,,0,0
2026-08-10,0,HES2371,1,1,1,0,1,,0,0
2026-08-10,0,hes6999,11,10,1,9,1,,1,1
2026-08-10,0,fra00355,3,3,0,3,,,0,0
2026-08-10,0,hes7953,5,4,4,0,4,,0,0
2026-08-10,0,HES8480,2,2,2,0,2,,0,0
2026-08-10,0,hes9099,12,9,2,6,2,,0,0
2026-08-10,0,hes5638,5,4,4,0,4,1,0,0
2026-08-10,1,hes7594,1,1,1,0,1,,0,0
2026-08-10,0,hes6862,6,6,4,1,4,2,1,1
2026-08-10,0,HES3323,12,8,0,7,1,,1,1
2026-08-10,0,HES1951,1,1,0,1,,,0,0
2026-08-10,0,frapunemgroad3,13,11,1,7,2,2,1,1
2026-08-10,0,frahadapsar5,7,7,6,1,,,1,1
2026-08-10,0,hes9240,10,10,8,2,6,,0,0
2026-08-10,0,hes7448,7,5,2,3,2,2,0,0
2026-08-10,0,HES5413,5,5,1,3,2,,0,0
2026-08-10,0,hes7195,1,1,0,1,,,0,0
2026-08-10,0,hes7594,1,1,1,0,1,,0,0
2026-08-10,0,fra00368,6,5,1,4,,,0,0
2026-08-10,0,hes5462,2,1,1,0,,,0,0
2026-08-10,0,hes9177,24,21,0,14,4,,1,1
2026-08-10,0,frabhopal1,3,3,3,0,,,0,0
2026-08-10,0,HES4010,6,6,4,0,4,2,0,0
2026-08-10,0,hes9144,20,18,0,16,6,1,0,0
2026-08-10,0,hes6047,5,5,5,0,1,,0,0
2026-08-10,0,hes7601,14,13,1,12,2,1,1,1
2026-08-10,0,HES4585,2,2,2,0,2,,0,0
2026-08-10,0,hes6761,3,3,3,0,3,,0,0
2026-08-10,0,franagpur1,10,7,4,2,,,0,0
2026-08-10,0,HES8197,1,1,0,1,,,0,0
2026-08-10,0,HES2933,10,10,9,0,9,3,0,0
2026-08-10,0,fragomtinagar4,3,2,0,2,,,0,0
2026-08-10,0,HES3185,3,3,2,0,2,,0,0
2026-08-10,0,hes7546,1,1,1,0,1,,0,0
2026-08-10,0,HES4961,7,6,3,3,,,0,0
2026-08-10,0,hes8553,12,10,0,10,,,0,0
2026-08-10,0,hes6088,7,6,0,6,6,1,0,0
2026-08-10,0,hes8443,8,7,4,1,5,3,0,0
2026-08-10,0,frasaritavihar3,1,1,0,1,,,0,0
2026-08-10,0,icsats106934,3,3,2,0,1,1,0,0
2026-08-10,0,HES7360,2,2,1,1,,,0,0
2026-08-10,0,HES4532,4,4,2,2,1,,0,0
2026-08-10,0,hes6938,2,2,0,2,,,0,0
2026-08-10,0,frajalandhar03,1,1,1,0,,,0,0
2026-08-10,0,HES7595,7,7,6,0,3,2,0,0
2026-08-10,0,frawhitefield1,13,11,9,0,2,,0,0
2026-08-10,0,hes5534,15,13,7,5,10,2,0,0
2026-08-10,0,hes8349,7,5,0,4,,,0,0
2026-08-10,0,hes5079,10,7,5,1,7,2,0,0
2026-08-10,0,hes5105,5,4,2,2,3,,0,0
2026-08-10,0,hes7748,4,3,0,3,,,0,0
2026-08-10,0,hes5078,5,4,1,3,2,,0,0
2026-08-10,0,hes7869,1,1,0,1,,,0,0
2026-08-10,0,icsats88688,8,8,8,0,7,1,1,1
2026-08-10,0,hes8505,10,9,3,6,5,,0,0
2026-08-10,0,hes5932,1,1,1,0,,,0,0
2026-08-10,0,hes6614,20,15,14,1,20,13,0,0
2026-08-10,0,RMDN1734,3,2,1,1,3,,1,1
2026-08-10,0,HES6445,2,2,2,0,2,,0,0
2026-08-10,0,hes7493,6,6,3,3,1,,0,0
2026-08-10,0,HES3842,3,3,3,0,3,1,0,0
2026-08-10,0,HES5610,3,3,0,2,,,0,0
2026-08-10,0,framohali1,5,5,4,0,1,1,0,0
2026-08-10,0,frajamshedpur1,1,1,1,0,,,0,0
2026-08-10,0,hes6179,5,3,3,0,5,,0,0
2026-08-10,0,HES6592,12,11,11,0,12,,0,0
2026-08-10,0,hes5529,24,20,19,0,22,6,0,0
2026-08-10,0,ICSATS99349,18,18,18,0,15,1,1,1
2026-08-10,0,FRA00291,1,1,0,1,,,0,0
2026-08-10,0,rmdn2959,15,15,9,2,8,5,1,1
2026-08-10,0,ICSATS103168,14,13,10,1,9,3,1,1
2026-08-10,0,fra00300,3,2,0,1,,,0,0
2026-08-10,0,hes5644,1,1,1,0,1,,0,0
2026-08-10,0,rmdn8566,1,1,0,1,1,,0,0
2026-08-10,0,HES0992,3,2,2,0,3,,0,0
2026-08-10,0,FRA00104,1,1,0,1,,,0,0
2026-08-10,0,hes7193,13,11,0,9,1,,0,0
2026-08-10,0,hes8411,5,5,5,0,5,4,4,1
2026-08-10,0,hes7530,9,9,8,1,6,,0,0
2026-08-10,0,hes6621,2,2,1,1,1,,0,0
2026-08-10,0,hes6034,8,8,7,1,3,,0,0
2026-08-10,0,HES4548,14,13,7,5,3,2,0,0
2026-08-10,0,hes8711,11,11,7,3,4,2,0,0
2026-08-10,0,hes8578,2,2,0,2,,,0,0
2026-08-10,0,hes8450,3,2,2,0,3,,0,0
2026-08-10,0,FRA00313,3,3,0,3,2,,0,0
2026-08-10,0,hes9164,3,2,0,2,,,0,0
2026-08-10,0,hes9141,13,12,7,4,4,1,1,0
2026-08-10,0,hes8024,4,4,4,0,4,,0,0
2026-08-10,0,fraadajan1,10,7,0,6,,,0,0
2026-08-10,0,HES5554,9,8,0,7,,,0,0
2026-08-10,0,hes8048,7,7,6,0,6,3,1,0
2026-08-10,0,HES4079,9,9,1,8,2,,1,1
2026-08-10,0,HES6579,11,11,2,7,,,0,0
2026-08-10,0,FRA00076,2,2,1,1,,,0,0
2026-08-10,0,hes9294,4,2,1,1,,,0,0
2026-08-10,0,hes6014,11,9,9,0,10,1,0,0
2026-08-10,0,frakolhapur3,14,13,0,9,2,,0,0
2026-08-10,0,hes9402,6,6,3,3,4,1,0,0
2026-08-10,0,hes8027,2,2,0,2,,,0,0
2026-08-10,0,hes5614,12,11,9,1,7,2,1,1
2026-08-10,0,hes9290,8,7,0,7,3,,0,0
2026-08-10,0,HES8091,2,2,0,2,2,2,2,2
2026-08-10,0,hes6052,4,4,4,0,4,1,0,0
2026-08-10,0,hes9297,4,4,4,0,3,,0,0
2026-08-10,0,fraccuesplanade1,3,2,2,0,,,1,1
2026-08-10,0,hes5964,8,7,7,0,8,5,1,1
2026-08-10,0,hes6632,6,4,0,4,,,0,0
2026-08-10,0,hes8452,6,5,1,2,1,1,0,0
2026-08-10,0,HES7155,6,6,6,0,6,,0,0
2026-08-10,0,HES1196,3,3,0,3,,,0,0
2026-08-10,0,HES5876,9,9,8,1,8,,0,0
2026-08-10,0,hes5559,12,9,1,4,3,1,0,0
2026-08-10,0,hes8351,5,5,5,0,5,3,1,0
2026-08-10,0,icsats102126,10,9,7,0,8,2,0,0
2026-08-10,0,hes8842,7,6,0,6,,,2,2
2026-08-10,0,HES4728,3,3,3,0,3,,0,0
2026-08-10,0,fravaishalinagar1,1,1,0,1,,,0,0
2026-08-10,0,hes8579,3,3,0,3,,,0,0
2026-08-10,0,hes6572,10,10,7,3,5,,0,0
2026-08-10,0,HES2231,1,1,0,1,,,0,0
2026-08-10,0,hes6007,12,10,5,5,2,,0,0
2026-08-10,0,hes8641,4,3,2,1,2,,0,0
2026-08-10,0,hes6890,15,14,10,4,6,,0,0
2026-08-10,0,HES7368,11,10,4,4,8,,0,0
2026-08-10,0,saratbose001,2,2,0,2,,,0,0
2026-08-10,0,hes5927,1,1,1,0,,,0,0
2026-08-10,0,fraindore2,1,1,0,1,,,0,0
2026-08-10,0,HES4324,16,14,5,7,5,3,0,0
2026-08-10,0,HES5068,3,3,3,0,3,,0,0
2026-08-10,0,frafaridabad001,4,3,0,3,,,0,0
2026-08-10,0,HES6712,6,6,4,1,4,1,0,0
2026-08-10,0,FRA00038,2,1,0,1,,,0,0
2026-08-10,0,hes6308,6,5,0,5,,,0,0
2026-08-10,0,HES2524,9,8,8,0,4,2,0,0
2026-08-10,0,hes9118,2,2,2,0,2,,0,0
2026-08-10,0,hes8207,2,1,1,0,,,0,0
2026-08-10,0,hes6664,1,1,1,0,,,0,0
2026-08-10,0,hes5926,18,14,6,7,1,,0,0
2026-08-10,0,rmdn8561,5,5,5,0,5,,0,0
2026-08-10,0,HES1482,3,3,3,0,1,,0,0
2026-08-10,0,frasiliguri002,4,4,4,0,,,0,0
2026-08-10,0,FRA00144,9,7,1,6,,,0,0
2026-08-10,0,fraborivali2,4,3,0,3,,,1,1
2026-08-10,0,framohali4,1,1,1,0,,,0,0
2026-08-10,0,hes5327,8,7,5,2,4,4,1,1
2026-08-10,0,HES6556,4,3,1,2,1,,0,0
2026-08-10,0,hes7684,1,1,1,0,1,1,1,1
2026-08-10,0,hes7204,1,1,0,1,,,0,0
2026-08-10,0,hes6681,8,8,3,5,1,,0,0
2026-08-10,0,hes7423,2,2,2,0,2,,0,0
2026-08-10,0,nungambakkam001,5,4,4,0,2,,1,1
2026-08-10,0,hes6887,3,3,3,0,2,2,0,0
2026-08-10,0,fradadar1,2,2,2,0,1,,0,0
2026-08-10,0,FRA00190,11,9,0,9,,,0,0
2026-08-10,0,hes6546,39,32,6,24,13,,0,0
2026-08-10,0,hes6844,9,9,1,7,,,0,0
2026-08-10,0,HES4544,7,7,7,0,6,1,1,1
2026-08-10,0,hes8189,4,4,0,4,,,0,0
2026-08-10,0,hes7992,2,2,0,2,,,0,0
2026-08-10,0,rmdn3529,12,12,11,0,10,5,0,0
2026-08-10,0,HES4556,1,1,1,0,1,,0,0
2026-08-10,0,hes9315,1,1,1,0,1,,0,0
2026-08-10,0,hes7839,11,11,10,0,8,1,0,0
2026-08-10,0,hes6721,2,2,2,0,2,,0,0
2026-08-10,0,hes6918,6,5,0,3,,,0,0
2026-08-10,0,hes8792,1,1,0,1,,,0,0
2026-08-10,0,HES4866,2,2,2,0,2,,0,0
2026-08-10,0,rmdn1559,10,10,6,3,9,4,2,2
2026-08-10,0,hes8044,1,1,1,0,1,,0,0
2026-08-10,0,FRA00186,9,8,5,0,5,,0,0
2026-08-10,1,hes9211,5,4,2,2,3,,0,0
2026-08-10,1,HES6712,1,1,0,1,,,0,0
2026-08-10,0,hes7572,2,1,0,1,,,0,0
2026-08-10,0,hes8302,7,4,2,2,,,0,0
2026-08-10,0,HES3590,13,13,0,13,1,,0,0
2026-08-10,0,hes6931,3,2,1,1,2,,0,0
2026-08-10,0,hes6980,3,2,0,2,,,0,0
2026-08-10,0,FRA00049,3,3,3,0,3,,0,0
2026-08-10,0,rmdn8740,5,5,0,5,1,1,0,0
2026-08-10,0,hes5489,5,5,3,2,4,2,0,0
2026-08-10,0,hes8814,10,9,0,9,1,1,1,1
2026-08-10,0,hes6753,5,4,4,0,1,,0,0
2026-08-10,0,hes6294,5,4,1,3,4,,0,0
2026-08-10,0,icsats86677,31,31,30,0,20,4,0,0
2026-08-10,0,hes6690,2,1,0,1,,,0,0
2026-08-10,0,HES4752,3,3,0,2,,,0,0
2026-08-10,0,frablrjayanagar1,8,6,6,0,5,,0,0
2026-08-10,0,hes7859,1,1,1,0,,,0,0
2026-08-10,0,hes9053,4,4,0,2,,,0,0
2026-08-10,0,HES6348,1,1,1,0,,,0,0
2026-08-10,0,fraagra02,2,2,0,2,,,0,0
2026-08-10,0,HES4661,7,7,6,0,6,,0,0
2026-08-10,0,HES7367,14,12,9,3,9,,0,0
2026-08-10,1,fra00281,1,1,1,0,1,,0,0
2026-08-10,0,frakoramangala4,2,2,0,2,,,0,0
2026-08-10,0,fragomtinagar1,11,10,0,10,,,0,0
2026-08-10,0,HES5107,1,1,1,0,1,,0,0
2026-08-10,0,fragorakhpur05,2,2,0,2,,,0,0
2026-08-10,1,HES4113,1,1,1,0,1,,0,0
2026-08-10,0,hes9401,26,24,12,8,15,6,1,1
2026-08-10,0,hes7591,2,2,0,2,1,,0,0
2026-08-10,0,HES0504,7,6,3,2,6,,0,0
2026-08-10,0,hes9264,2,1,0,1,,,0,0
2026-08-10,0,HES1305,3,2,2,0,3,,0,0
2026-08-10,0,HES6669,4,4,2,1,2,,0,0
2026-08-10,0,hes6885,2,2,1,0,1,,0,0
2026-08-10,0,hes6639,2,2,2,0,1,1,0,0
2026-08-10,0,hes8156,6,4,0,4,2,,0,0
2026-08-10,0,rmdn8205,7,7,7,0,6,,0,0
2026-08-10,0,hes8757,9,9,7,2,3,,0,0
2026-08-10,0,hes8340,8,7,6,1,8,2,0,0
2026-08-10,0,hes7563,8,7,0,6,2,1,0,0
2026-08-10,0,hes7545,8,8,2,6,,,0,0
2026-08-10,0,hes8470,5,5,3,1,1,,0,0
2026-08-10,0,hes7761,2,2,1,1,,,0,0
2026-08-10,0,hes6927,1,1,1,0,1,,0,0
2026-08-10,0,HES6538,2,2,1,1,1,,0,0
2026-08-10,0,hes5453,17,15,3,10,,,4,4
2026-08-10,0,HES8433,15,15,13,0,10,1,0,0
2026-08-10,0,HES5264,4,4,4,0,4,,0,0
2026-08-10,0,hes8977,31,29,14,13,7,,0,0
2026-08-10,0,hes6191,5,4,1,3,4,,0,0
2026-08-10,0,fraandheri2,1,1,1,0,,,0,0
2026-08-10,0,hes7093,25,24,7,5,7,3,0,0
2026-08-10,0,frasurat005,6,4,4,0,3,,0,0
2026-08-10,0,HES2517,1,1,1,0,1,,0,0
2026-08-10,0,hes8449,4,4,0,4,,,0,0
2026-08-10,0,hes8000,2,2,0,2,,,0,0
2026-08-10,0,rmdn8196,10,10,8,0,7,,0,0
2026-08-10,0,hes9389,1,1,1,0,1,,0,0
2026-08-10,0,SBOPAL03,1,1,0,1,,,0,0
2026-08-10,0,hes7561,4,4,0,4,,,0,0
2026-08-10,0,hes7431,7,7,0,5,,,0,0
2026-08-10,0,hes7920,1,1,0,1,,,0,0
2026-08-10,0,hes6913,6,6,3,2,4,,0,0
2026-08-10,0,FRA00100,12,12,5,7,3,,0,0
2026-08-10,0,rmdn6546,30,26,2,18,,,4,1
2026-08-10,0,hes8573,8,8,4,4,2,,0,0
2026-08-10,0,icsats92883,20,20,20,0,17,2,1,1
2026-08-10,1,HES4848,1,1,1,0,,,0,0
2026-08-10,0,hes7787,7,6,3,2,1,,0,0
2026-08-10,0,frasbopal04,12,10,9,1,2,,1,1
2026-08-10,0,hes7138,10,7,3,4,1,,0,0
2026-08-10,0,hes9318,15,14,10,3,5,,0,0
2026-08-10,0,HES4828,1,1,0,1,,,0,0
2026-08-10,0,HES5748,26,24,2,19,8,4,3,2
2026-08-10,0,hes6825,8,8,7,0,7,1,0,0
2026-08-10,0,saratboseroad002,2,2,0,1,,,0,0
2026-08-10,0,hes7516,6,5,0,5,,,0,0
2026-08-10,0,HES6819,3,3,2,0,2,,0,0
2026-08-10,0,frajaipurr1,3,3,0,3,,,0,0
2026-08-10,0,hes7305,5,5,2,3,1,1,0,0
2026-08-10,1,HES5033,1,1,0,1,,,0,0
2026-08-10,0,ICSATS81163,6,6,5,0,2,,0,0
2026-08-10,1,hes5840,1,1,1,0,,,0,0
2026-08-10,0,hes6183,2,2,0,2,1,,0,0
2026-08-10,0,rmdn3759,2,2,2,0,1,,0,0
2026-08-10,0,FRA00080,8,6,6,0,1,,0,0
2026-08-10,0,hes5929,3,2,0,2,1,,0,0
2026-08-10,0,hes7521,6,5,0,5,1,,1,1
2026-08-10,0,rmdn8555,14,12,12,0,11,,0,0
2026-08-10,0,HES7070,5,4,0,3,,,0,0
2026-08-10,0,hes7229,2,2,1,1,,,0,0
2026-08-10,0,hes7596,3,2,0,2,,,0,0
2026-08-10,0,hes6236,5,5,0,5,,,0,0
2026-08-10,0,hes6591,3,3,0,3,,,0,0
2026-08-10,1,hes7114,5,3,1,2,5,,0,0
2026-08-10,0,HES4287,7,7,2,3,1,,0,0
2026-08-10,0,hes7969,4,4,0,4,,,0,0
2026-08-10,0,hes6904,7,6,2,3,2,,0,0
2026-08-10,0,hes8444,7,6,0,6,1,,0,0
2026-08-10,0,hes6932,2,2,2,0,,,0,0
2026-08-10,0,HES3504,16,16,0,13,6,,0,0
2026-08-10,0,hes6148,14,12,0,10,1,,0,0
2026-08-10,0,indrnt005,2,1,0,1,,,0,0
2026-08-10,0,hes6235,5,5,3,1,3,,0,0
2026-08-10,0,HES3398,2,2,1,1,,,0,0
2026-08-10,0,hes7125,1,1,0,1,,,0,0
2026-08-10,0,hes8215,1,1,1,0,1,1,0,0
2026-08-10,0,CHANDIGARHFRA3,1,1,1,0,1,,0,0
2026-08-10,0,hes5132,13,10,9,0,12,4,1,1
2026-08-10,0,hes8662,11,10,3,4,2,1,1,1
2026-08-10,0,HES4165,2,2,2,0,2,1,1,1
2026-08-10,0,hes8279,3,2,1,1,1,,0,0
2026-08-10,0,HES2437,2,2,2,0,2,,0,0
2026-08-10,0,hes8750,4,3,0,2,,,0,0
2026-08-10,0,fra00213,2,1,0,1,,,0,0
2026-08-10,0,hes7653,5,5,5,0,5,4,0,0
2026-08-10,0,hes5735,5,5,3,2,1,,0,0
2026-08-10,0,rmdn7049,30,27,15,7,14,2,1,0
2026-08-10,0,fra00338,3,3,0,1,,,0,0
2026-08-10,0,HES3693,2,1,1,0,2,,0,0
2026-08-10,0,hes6550,4,4,1,3,1,,0,0
2026-08-10,0,hes9186,1,1,1,0,1,1,0,0
2026-08-10,0,icsats81376,6,5,5,0,4,,0,0
2026-08-10,0,hes8455,11,11,0,10,,,0,0
2026-08-10,0,fraadajan2,9,8,4,3,4,,0,0
2026-08-10,1,fragorakhpur03,4,3,0,3,,,0,0
2026-08-10,0,hes8712,19,15,0,11,,,0,0
2026-08-10,0,hes9321,2,1,0,1,,,0,0
2026-08-10,0,HES3843,1,1,1,0,1,,0,0
2026-08-10,1,HES4448,1,1,1,0,,,0,0
2026-08-10,0,hes6438,5,4,1,2,1,1,1,1
2026-08-10,0,HES6677,1,1,1,0,,,0,0
2026-08-10,0,HES7830,22,20,3,16,5,1,1,0
2026-08-10,0,FRA00176,1,1,0,0,,,0,0
2026-08-10,0,rmdn8564,1,1,1,0,1,,0,0
2026-08-10,0,HES2802,3,2,0,2,,,0,0
2026-08-10,0,HES7473,2,2,2,0,2,,0,0
2026-08-10,0,hes9133,1,1,1,0,1,,0,0
2026-08-10,0,hes8271,3,3,3,0,3,,0,0
2026-08-10,0,fra00373,3,3,2,1,,,0,0
2026-08-10,0,FRA00349,3,3,0,3,,,0,0
2026-08-10,0,hes7488,6,6,4,1,,,0,0
2026-08-10,1,RMDN1734,1,1,0,0,,,0,0
2026-08-10,0,SBOPAL01,1,1,1,0,,,0,0
2026-08-10,0,hes5995,2,1,0,1,,,0,0
2026-08-10,0,hes6893,13,11,0,10,,,0,0
2026-08-10,0,HES2037,3,2,0,2,1,,0,0
2026-08-10,0,frasaltlakecc3,1,1,0,1,,,0,0
2026-08-10,0,FRA00351,1,1,1,0,1,,0,0
2026-08-10,0,hes6398,1,1,1,0,1,,0,0
2026-08-10,0,hes9001,17,14,0,14,,,1,1
2026-08-10,0,fra00266,1,1,0,1,,,0,0
2026-08-10,0,hes8968,5,5,0,4,1,,0,0
2026-08-10,0,fraimphal1,1,1,1,0,1,,0,0
2026-08-10,0,hes7856,6,6,0,6,,,0,0
2026-08-10,0,hes7212,2,1,0,1,,,0,0
2026-08-10,0,hes7725,5,5,1,3,1,,0,0
2026-08-10,0,MINALD,2,2,2,0,2,,0,0
2026-08-10,0,HES8074,4,3,1,2,2,,0,0
2026-08-10,0,fraprahaladnagar1,3,2,2,0,,,0,0
2026-08-10,0,RMDN1132,24,20,7,12,15,2,0,0
2026-08-10,0,HES6403,9,8,5,1,6,3,0,0
2026-08-10,0,hes8973,6,6,0,5,,,1,1
2026-08-10,0,icsats77190,2,2,2,0,2,,0,0
2026-08-10,0,hes8900,13,8,1,6,1,,1,0
2026-08-10,0,hes9059,5,5,2,3,1,,0,0
2026-08-10,0,HES4118,3,3,2,0,2,,0,0
2026-08-10,0,HES7719,1,1,0,1,,,1,1
2026-08-10,0,hes9303,1,1,1,0,1,1,0,0
2026-08-10,0,hes9403,17,13,0,11,4,,1,1
2026-08-10,0,hes5713,4,4,3,0,3,1,0,0
2026-08-10,0,hes7978,4,4,3,0,3,,0,0
2026-08-10,0,HES5881,2,2,0,2,,,0,0
2026-08-10,0,HES5506,2,2,1,1,1,,0,0
2026-08-10,1,fragorakhpur04,2,1,0,1,,,0,0
2026-08-10,0,hes6653,4,3,0,3,,,0,0
2026-08-10,0,fra00280,5,5,0,4,,,0,0
2026-08-10,0,HES4527,1,1,1,0,1,,0,0
2026-08-10,1,hes8679,1,1,1,0,1,,0,0
2026-08-10,0,HES0897,2,2,0,2,,,0,0
2026-08-10,0,hes7974,12,12,6,3,5,,0,0
2026-08-10,0,hes7671,9,9,6,1,1,,0,0
2026-08-10,0,rmdn8272,10,9,7,0,8,3,1,1
2026-08-10,0,icsats106268,20,19,18,0,14,,0,0
2026-08-10,0,hes5321,22,17,13,4,13,4,2,2
2026-08-10,1,HES6445,2,2,1,1,2,,0,0
2026-08-10,0,rmdn6543,1,1,0,1,,,0,0
2026-08-10,0,HES1897,4,3,0,3,,,0,0
2026-08-10,0,HES2137,7,6,3,3,1,1,0,0
2026-08-10,0,hes9270,9,8,1,4,,,0,0
2026-08-10,0,hes6549,9,9,0,6,,,0,0
2026-08-10,0,hes9220,7,5,5,0,7,3,2,1
2026-08-10,0,hes5503,23,23,3,18,2,1,1,1
2026-08-10,0,flm0079,1,1,0,1,,,0,0
2026-08-10,0,hes9328,5,5,4,1,4,1,0,0
2026-08-10,1,FRA00289,1,1,0,0,,,0,0
2026-08-10,0,HES7611,18,18,15,1,12,6,1,1
2026-08-10,0,hes8560,7,7,7,0,6,1,0,0
2026-08-10,0,hes8226,4,3,0,2,,,0,0
2026-08-10,0,amdcg10,1,1,1,0,,,0,0
2026-08-10,0,HES5848,12,10,5,5,7,2,1,1
2026-08-10,0,flm0002,2,1,0,1,2,,0,0
2026-08-10,0,hes5486,4,3,1,2,,,0,0
2026-08-10,0,icsats92879,31,31,28,0,20,1,1,1
2026-08-10,0,hes8236,3,3,0,3,,,0,0
2026-08-10,0,hes7843,6,3,0,3,,,0,0
2026-08-10,0,HES2832,2,1,1,0,2,,0,0
2026-08-10,0,icsats103123,5,5,3,0,3,3,0,0
2026-08-10,1,HES6762,1,1,0,0,,,0,0
2026-08-10,0,HES7059,11,9,0,8,,,0,0
2026-08-10,0,fraudaipur02,2,1,1,0,2,2,1,1
2026-08-10,0,frasaritavihar2,4,3,0,2,,,0,0
2026-08-10,0,HES5427,1,1,1,0,1,1,1,1
2026-08-10,0,MATHURA006,1,1,1,0,,,0,0
2026-08-10,1,hes7030,1,1,1,0,,,0,0
2026-08-10,0,HES5096,2,2,0,1,,,0,0
2026-08-10,0,hes6875,5,3,3,0,5,,0,0
2026-08-10,0,ICSATS103234,3,3,0,2,,,0,0
2026-08-10,0,hes5858,10,10,6,2,6,,0,0
2026-08-10,0,hes6049,1,1,1,0,1,1,0,0
2026-08-10,0,hes8903,2,2,1,1,1,1,1,1
2026-08-10,0,hes9382,7,7,6,1,6,4,0,0
2026-08-10,0,hes6669,4,4,0,3,,,0,0
2026-08-10,0,HES4448,5,4,2,2,2,,0,0
2026-08-10,0,hes7993,2,1,0,1,,,0,0
2026-08-10,0,hes7273,3,3,2,1,2,,0,0
2026-08-10,0,hes5125,7,7,6,0,6,1,0,0
2026-08-10,0,HES4174,1,1,0,1,,,0,0
2026-08-10,0,HES7067,4,3,3,0,4,,0,0
2026-08-10,0,hes8131,3,3,1,2,1,1,0,0
2026-08-10,0,fraannasalai3,5,5,1,2,,,0,0
2026-08-10,0,icsats106795,14,14,13,1,13,2,0,0
2026-08-10,0,hes8030,1,1,1,0,1,,0,0
2026-08-10,0,icsats99433,9,9,6,0,4,3,3,3
2026-08-10,0,HES5271,11,10,2,6,3,,0,0
2026-08-10,0,fra00261,20,18,11,0,1,1,1,1
2026-08-10,0,icsats99353,8,7,7,0,7,2,1,1
2026-08-10,0,hes7288,11,11,4,6,1,,0,0
2026-08-10,0,hes9280,2,1,0,1,,,0,0
2026-08-10,0,hes7511,24,20,4,14,,,0,0
2026-08-10,0,ICSATS101249,6,6,5,1,3,,0,0
2026-08-10,0,HES3245,4,3,3,0,4,,0,0
2026-08-10,0,hes5113,1,1,0,1,1,,0,0
2026-08-10,0,hes9052,1,1,1,0,1,,0,0
2026-08-10,0,fra00323,9,7,3,1,4,,0,0
2026-08-10,0,hes9086,10,7,3,3,1,,0,0
2026-08-10,0,FRA00105,7,7,0,4,,,0,0
2026-08-10,0,flm0167,1,1,0,1,,,0,0
2026-08-10,0,HES4731,4,3,3,0,4,3,1,1
2026-08-10,0,frakoramangala1,1,1,0,1,,,0,0
2026-08-10,0,HES7512,5,5,5,0,4,,0,0
2026-08-10,0,hes5464,2,2,2,0,1,,0,0
2026-08-10,0,hes5526,2,2,2,0,1,1,0,0
2026-08-10,0,hes8536,1,1,1,0,,,0,0
2026-08-10,0,hes7857,1,1,0,1,,,0,0
2026-08-10,0,FRA00126,6,5,4,0,,,0,0
2026-08-10,0,hes8515,1,1,0,1,1,,0,0
2026-08-10,0,HES1426,2,1,1,0,2,,0,0
2026-08-10,0,hes9150,4,4,1,2,2,1,0,0
2026-08-10,0,HES5728,7,4,2,2,1,,0,0
2026-08-10,0,rmdn6117,29,27,8,17,8,1,1,1
2026-08-10,0,rmdn8201,12,12,11,1,8,1,0,0
2026-08-10,0,frahydhills2,3,2,1,0,,,1,1
2026-08-10,0,fra00325,9,8,5,3,1,,0,0
2026-08-10,0,frapatiala1,1,1,1,0,1,,0,0
2026-08-10,0,HES2039,3,3,2,1,,,0,0
2026-08-10,0,fra00348,7,5,1,4,,,0,0
2026-08-10,0,hes8524,3,2,2,0,3,,0,0
2026-08-10,0,hes9010,4,3,0,3,1,1,0,0
2026-08-10,0,frasouthex6,7,7,5,0,4,,0,0
2026-08-10,0,hes6373,3,3,0,2,,,0,0
2026-08-10,0,FRA00258,32,29,25,3,18,7,6,1
2026-08-10,0,HES7358,12,11,6,3,4,1,1,1
2026-08-10,0,HES1874,3,3,3,0,3,,0,0
2026-08-10,0,hes7449,9,9,0,5,2,,0,0
2026-08-10,0,hes7618,5,4,4,0,4,,0,0
2026-08-10,0,hes8453,5,5,5,0,4,,0,0
2026-08-10,0,hes8647,18,14,8,6,4,,0,0
2026-08-10,0,hes6436,1,1,0,1,,,0,0
2026-08-10,0,fra00364,6,6,4,1,,,0,0
2026-08-10,0,flm0142,1,1,0,1,,,0,0
2026-08-10,0,HES7343,14,11,0,6,,,0,0
2026-08-10,0,hes8554,14,13,2,10,1,,0,0
2026-08-10,0,icsats100316,19,18,17,0,14,1,0,0
2026-08-10,0,hes6967,7,7,7,0,3,,0,0
2026-08-10,0,hes7620,8,8,6,2,5,3,2,1
2026-08-10,0,hes7474,1,1,0,1,,,0,0
2026-08-10,1,hes5997,1,1,1,0,,,0,0
2026-08-10,0,hes8686,19,17,1,16,2,,0,0
2026-08-10,0,HES4963,14,12,0,12,1,,1,0
2026-08-10,0,hes5997,1,1,1,0,1,,0,0
2026-08-10,0,hes8175,2,2,0,2,,,0,0
2026-08-10,0,hes7929,6,4,0,4,,,0,0
2026-08-10,0,HES7470,1,1,1,0,1,,0,0
2026-08-10,0,hes8910,7,7,0,6,,,0,0
2026-08-10,0,HES4877,2,2,0,2,,,0,0
2026-08-10,0,hes6631,1,1,0,0,,,0,0
2026-08-10,0,hes5484,6,6,6,0,6,3,1,1
2026-08-10,0,HES5426,1,1,0,0,,,0,0
2026-08-10,0,HES3977,7,6,1,5,3,,0,0
2026-08-10,0,hes7350,11,7,0,7,,,0,0
2026-08-10,0,hes7567,3,2,1,1,1,,0,0
2026-08-10,0,flm0005,1,1,0,1,,,0,0
2026-08-10,0,frajamshedpur2,2,2,2,0,,,0,0
2026-08-10,0,icsats91506,21,18,14,3,13,2,1,1
2026-08-10,0,HES6661,1,1,1,0,,,0,0
2026-08-10,1,hes7506,3,3,1,1,2,1,0,0
2026-08-10,0,icsats106790,4,4,2,1,3,,0,0
2026-08-10,0,hes6650,16,16,0,10,2,,1,1
2026-08-10,0,HES5434,7,7,0,7,,,0,0
2026-08-10,0,rmdn5642,14,14,9,5,4,1,0,0
2026-08-09,0,HES4166,10,9,4,3,5,,0,0
2026-08-09,0,hes8375,3,3,0,3,,,0,0
2026-08-09,0,vadod004,3,2,1,1,,,0,0
2026-08-09,0,icsats92875,17,17,16,0,6,,0,0
2026-08-09,0,hes9155,1,1,0,1,1,,0,0
2026-08-09,0,hes9066,1,1,0,0,,,0,0
2026-08-09,0,fra00280,3,3,0,2,,,0,0
2026-08-09,0,hes8798,6,6,5,0,5,,0,0
2026-08-09,0,hes9388,1,1,1,0,1,,0,0
2026-08-09,0,hes8554,5,4,1,3,1,,0,0
2026-08-09,0,HES4381,6,4,3,0,5,,0,0
2026-08-09,0,hes8900,6,4,4,0,3,,0,0
2026-08-09,0,hes7350,2,1,0,1,,,0,0
2026-08-09,0,hes7978,2,2,2,0,2,,0,0
2026-08-09,0,rmdn8749,2,2,0,2,,,0,0
2026-08-09,0,hes7869,2,2,2,0,2,,0,0
2026-08-09,0,rmdn6117,5,5,1,3,,,0,0
2026-08-09,0,hes5613,12,11,4,6,,,0,0
2026-08-09,0,hes7183,7,7,7,0,6,,0,0
2026-08-09,0,hes6614,3,3,3,0,3,,0,0
2026-08-09,0,HES1543,16,16,13,2,10,1,1,1
2026-08-09,0,HES4448,1,1,0,1,,,0,0
2026-08-09,0,fra00281,2,2,2,0,,,0,0
2026-08-09,0,hes7760,4,4,0,1,,,1,1
2026-08-09,0,FRA00258,19,17,2,8,1,1,0,0
2026-08-09,0,fraprahaladnagar1,3,3,3,0,2,1,0,0
2026-08-09,0,hes6890,1,1,1,0,1,,0,0
2026-08-09,0,hes7859,3,3,2,0,,,0,0
2026-08-09,0,hes9141,3,3,0,1,,,0,0
2026-08-09,0,hes7288,1,1,0,1,,,0,0
2026-08-09,0,frahowrah002,10,8,1,6,,,1,1
2026-08-09,0,hes8468,4,4,0,3,,,0,0
2026-08-09,0,hes5643,6,5,3,2,3,1,0,0
2026-08-09,0,HES5107,5,5,5,0,5,3,0,0
2026-08-09,0,rmdn8204,5,5,3,0,3,,0,0
2026-08-09,0,hes6007,30,25,13,10,14,6,1,1
2026-08-09,0,fra00325,2,2,1,1,,,0,0
2026-08-09,0,HES7844,27,20,2,15,16,3,1,1
2026-08-09,0,hes6881,6,6,6,0,5,,0,0
2026-08-09,0,hes8448,3,3,3,0,3,,0,0
2026-08-09,0,HES2717,10,7,2,5,3,3,1,1
2026-08-09,0,hes8092,4,4,2,2,2,2,1,1
2026-08-09,0,hes7279,2,2,2,0,2,1,0,0
2026-08-09,0,hes6557,3,2,1,1,,,0,0
2026-08-09,0,HES3381,2,2,2,0,2,1,0,0
2026-08-09,0,hes8445,7,6,3,1,3,1,0,0
2026-08-09,0,ASHMEETK,9,7,0,5,,,0,0
2026-08-09,0,hes6191,11,9,2,5,2,,0,0
2026-08-09,0,hes7638,18,17,6,7,7,2,1,1
2026-08-09,0,icsats86677,8,8,8,0,4,,0,0
2026-08-09,0,icsats106795,14,13,12,1,10,1,0,0
2026-08-09,0,hes7689,5,5,5,0,1,,0,0
2026-08-09,0,HES6292,5,4,1,2,1,,0,0
2026-08-09,0,MINALD,3,3,3,0,3,,0,0
2026-08-09,0,icsats103494,1,1,1,0,1,,0,0
2026-08-09,0,hes5704,1,1,0,1,1,,0,0
2026-08-09,0,hes6905,1,1,0,1,1,1,0,0
2026-08-09,0,hes8560,3,3,3,0,3,,0,0
2026-08-09,0,hes6893,22,20,0,19,,,1,1
2026-08-09,0,frabareilly01,4,4,0,3,,,0,0
2026-08-09,0,hes7948,4,3,0,3,,,0,0
2026-08-09,0,HES2039,1,1,1,0,1,,0,0
2026-08-09,0,hes7305,5,4,1,3,1,,0,0
2026-08-09,0,hes7563,13,11,0,9,,,1,1
2026-08-09,0,frasaltlake3,2,1,1,0,,,1,1
2026-08-09,0,FRA00349,3,3,1,1,,,0,0
2026-08-09,0,HES5408,4,4,3,0,3,2,2,1
2026-08-09,0,hes9010,5,4,0,4,,,1,1
2026-08-09,0,hes8562,5,5,5,0,5,1,0,0
2026-08-09,0,hes7679,1,1,1,0,1,,0,0
2026-08-09,0,fraggn1,21,19,16,1,3,,0,0
2026-08-09,0,icsats90195,1,1,1,0,1,,0,0
2026-08-09,0,hes8048,4,3,2,1,1,,0,0
2026-08-09,0,hes7119,2,2,2,0,2,1,0,0
2026-08-09,0,rmdn8205,6,6,5,0,4,1,0,0
2026-08-09,0,frakotagumanpura2,6,6,2,3,,,0,0
2026-08-09,0,hes6754,2,2,2,0,1,,0,0
2026-08-09,0,hes6887,2,2,2,0,2,1,0,0
2026-08-09,0,rmdn8422,7,6,1,5,1,1,0,0
2026-08-09,0,HES4692,3,3,2,1,1,,0,0
2026-08-09,0,HES1305,1,1,1,0,1,,0,0
2026-08-09,0,icsats91506,23,23,17,4,12,2,0,0
2026-08-09,0,indrnt005,3,2,0,2,,,0,0
2026-08-09,0,hes8340,20,18,17,1,18,4,1,1
2026-08-09,0,hes8333,13,11,8,2,1,,0,0
2026-08-09,0,rmdn3759,13,10,4,6,3,1,0,0
2026-08-09,0,hes5321,5,4,3,1,4,,0,0
2026-08-09,0,HES4023,1,1,0,1,,,0,0
2026-08-09,0,hes7165,6,5,5,0,4,1,1,1
2026-08-09,0,HES5413,9,8,0,8,1,1,0,0
2026-08-09,0,hes6518,6,5,0,3,,,0,0
2026-08-09,0,hes5904,4,4,4,0,4,,0,0
2026-08-09,0,FRA00104,12,9,2,6,,,0,0
2026-08-09,0,hes9403,36,33,0,26,4,2,1,1
2026-08-09,0,hes8718,1,1,1,0,,,0,0
2026-08-09,0,HES6834,7,7,2,2,1,,0,0
2026-08-09,0,frabelapur1,17,13,10,1,6,,0,0
2026-08-09,0,hes5958,7,7,5,0,2,1,0,0
2026-08-09,0,hes5146,25,21,9,8,3,,0,0
2026-08-09,0,HES4462,1,1,0,1,,,0,0
2026-08-09,0,hes8559,1,1,0,1,,,0,0
2026-08-09,0,hes8832,19,16,6,7,5,3,2,1
2026-08-09,0,hes7653,1,1,1,0,1,,0,0
2026-08-09,0,hes8789,4,4,1,1,,,0,0
2026-08-09,0,hes5875,5,4,1,1,,,0,0
2026-08-09,0,HES7512,1,1,1,0,1,1,0,0
2026-08-09,0,HES2517,2,2,2,0,1,,0,0
2026-08-09,0,HES7648,13,12,11,0,12,4,0,0
2026-08-09,0,hes7671,18,15,5,6,3,,0,0
2026-08-09,0,rmdn7065,19,14,3,9,4,,1,1
2026-08-09,0,frabhopal1,2,2,2,0,,,0,0
2026-08-09,0,fra00309,2,2,2,0,1,,0,0
2026-08-09,0,hes7300,2,1,0,1,,,0,0
2026-08-09,0,HES5161,4,3,0,3,4,1,0,0
2026-08-09,0,hes6875,6,5,4,0,4,2,1,1
2026-08-09,0,HES5748,20,17,2,13,1,,0,0
2026-08-09,0,FRA00190,10,8,2,6,,,0,0
2026-08-09,0,hes9240,12,12,8,2,8,1,1,1
2026-08-09,0,HES3823,10,10,9,0,7,1,1,1
2026-08-09,0,hes5644,8,8,8,0,8,1,1,1
2026-08-09,0,fraadajan2,4,3,0,2,,,0,0
2026-08-09,0,icsats106797,9,9,6,3,6,1,1,1
2026-08-09,0,hes9267,1,1,1,0,1,,0,0
2026-08-09,0,fra00348,4,4,1,2,,,0,0
2026-08-09,0,hes6181,1,1,0,1,1,,0,0
2026-08-09,0,HES2933,2,1,1,0,2,,0,0
2026-08-09,0,hes7993,4,3,1,1,1,,0,0
2026-08-09,0,fra00277,8,7,1,6,,,0,0
2026-08-09,0,frapunemgroad3,8,6,0,6,,,0,0
2026-08-09,0,hes8397,4,4,1,2,1,,0,0
2026-08-09,0,hes6918,20,18,4,12,1,,0,0
2026-08-09,0,hes7779,6,6,3,2,5,2,0,0
2026-08-09,0,hes5655,3,3,0,2,,,0,0
2026-08-09,0,hes8449,1,1,0,1,,,0,0
2026-08-09,0,hes7856,2,2,0,1,,,1,1
2026-08-09,0,frasaltlake2,3,3,2,1,1,,0,0
2026-08-09,0,hes9140,2,2,2,0,2,1,0,0
2026-08-09,0,FRA00289,1,1,0,1,,,0,0
2026-08-09,0,HES4433,1,1,1,0,1,,0,0
2026-08-09,0,rmdn8273,13,13,13,0,10,3,1,1
2026-08-09,0,hes8345,1,1,1,0,1,,0,0
2026-08-09,0,hes6236,7,6,0,5,,,0,0
2026-08-09,0,hes8443,3,2,2,0,3,,0,0
2026-08-09,0,HES5271,3,2,0,1,2,,0,0
2026-08-09,0,hes7423,2,2,2,0,2,,0,0
2026-08-09,0,hes6889,22,20,8,8,4,,0,0
2026-08-09,0,rmdn8555,12,11,8,0,8,4,2,1
2026-08-09,0,hes6117,10,9,6,1,3,2,1,1
2026-08-09,0,PRATIMAA,2,2,2,0,2,1,1,1
2026-08-09,0,hes8228,6,5,2,2,4,,0,0
2026-08-09,0,hes5638,6,5,4,1,6,,0,0
2026-08-09,0,rmdn3529,12,11,10,0,11,4,0,0
2026-08-09,0,MATHURA002,4,2,0,2,,,2,1
2026-08-09,0,hes8124,8,7,7,0,8,,0,0
2026-08-09,0,hes5858,3,3,3,0,3,,0,0
2026-08-09,0,HES5121,3,2,0,2,2,,0,0
2026-08-09,0,flm0167,2,2,0,1,,,0,0
2026-08-09,0,hes8845,18,15,1,12,9,2,0,0
2026-08-09,0,hes8451,4,4,0,4,,,0,0
2026-08-09,0,hes8711,5,5,0,4,2,,0,0
2026-08-09,0,hes5922,4,4,1,1,1,1,0,0
2026-08-09,0,framohali1,7,6,6,0,,,0,0
2026-08-09,0,hes8819,1,1,1,0,1,1,0,0
2026-08-09,0,hes7233,1,1,1,0,1,,0,0
2026-08-09,0,icsats106268,1,1,1,0,1,,0,0
2026-08-09,0,fragorakhpur05,20,18,2,10,1,,0,0
2026-08-09,0,rmdn8751,5,5,4,0,4,,0,0
2026-08-09,0,hes8946,3,3,0,2,,,0,0
2026-08-09,0,hes7511,3,3,2,1,1,,0,0
2026-08-09,0,HES4435,7,7,6,0,6,,0,0
2026-08-09,0,hes8760,12,10,5,5,,,0,0
2026-08-09,0,hes5612,10,9,8,0,9,,0,0
2026-08-09,0,hes9086,21,15,7,7,8,,0,0
2026-08-09,0,HES3590,7,7,0,6,,,0,0
2026-08-09,0,hes8686,2,2,0,2,,,0,0
2026-08-09,0,fra00333,3,3,0,1,,,0,0
2026-08-09,0,hes7271,4,4,0,3,,,0,0
2026-08-09,0,hes6583,13,12,1,10,3,2,1,1
2026-08-09,0,hes9120,3,2,1,1,,,0,0
2026-08-09,0,HES3384,4,4,3,0,2,1,0,0
2026-08-09,0,hes5489,2,2,0,2,2,,0,0
2026-08-09,0,HES6445,5,4,3,1,2,,0,0
2026-08-09,0,HES2527,1,1,1,0,,,0,0
2026-08-09,0,hes5925,5,5,5,0,5,,0,0
2026-08-09,0,hes8156,3,3,0,2,,,0,0
2026-08-09,0,HES6579,1,1,0,1,,,0,0
2026-08-09,0,frabareilly02,5,4,0,2,,,0,0
2026-08-09,0,hes6083,1,1,0,1,,,0,0
2026-08-09,0,HES2618,1,1,0,1,,,0,0
2026-08-09,0,hes6523,3,3,2,0,2,,0,0
2026-08-09,0,hes9123,7,7,0,4,1,,0,0
2026-08-09,0,hes7591,1,1,0,1,1,1,0,0
2026-08-09,1,HES3933,1,1,0,1,,,0,0
2026-08-09,0,hes8982,5,4,4,0,5,2,1,1
2026-08-09,0,icsats88688,5,5,4,0,3,,0,0
2026-08-09,0,rmdn7040,4,4,3,0,3,,0,0
2026-08-09,0,hes9290,8,6,1,4,3,,0,0
2026-08-09,0,hes5821,4,2,2,0,2,,0,0
2026-08-09,0,hes8452,2,1,0,1,,,0,0
2026-08-09,0,HES2358,18,15,4,6,,,1,1
2026-08-09,0,rmdn1337,18,17,13,1,15,,0,0
2026-08-09,0,hes6546,11,10,3,5,4,,0,0
2026-08-09,0,hes7125,10,10,2,5,3,1,0,0
2026-08-09,0,hes9053,1,1,0,1,,,0,0
2026-08-09,0,rmdn6294,2,1,0,1,2,,0,0
2026-08-09,0,hes8411,3,3,3,0,1,,0,0
2026-08-09,0,hes6378,1,1,1,0,1,,0,0
2026-08-09,0,fragorakhpur04,1,1,0,1,,,0,0
2026-08-09,0,rmdn5249,38,36,34,1,26,8,0,0
2026-08-09,0,MATHURA006,3,3,1,2,1,,0,0
2026-08-09,0,hes8505,2,1,0,1,,,0,0
2026-08-09,0,hes6034,3,3,3,0,1,,0,0
2026-08-09,0,hes9093,10,9,4,2,5,3,3,1
2026-08-09,0,hes7696,4,3,0,2,,,0,0
2026-08-09,0,icsats77190,1,1,1,0,1,,0,0
2026-08-09,0,hes6927,3,2,0,2,,,0,0
2026-08-09,0,hes7545,5,3,0,3,,,0,0
2026-08-09,0,hes6825,9,9,5,3,3,,0,0
2026-08-09,0,FRA00117,5,5,5,0,2,,1,1
2026-08-09,0,HES3947,1,1,0,1,,,0,0
2026-08-09,0,hes6931,1,1,0,1,,,0,0
2026-08-09,0,ICSATS99349,8,8,7,0,7,2,0,0
2026-08-09,0,delcp0002,1,1,1,0,,,0,0
2026-08-09,0,hes5464,4,3,2,0,3,1,1,1
2026-08-09,0,rmdn7054,5,4,0,4,,,0,0
2026-08-09,0,HES0803,12,9,4,4,1,,0,0
2026-08-09,0,icsats96098,11,11,10,0,10,2,0,0
2026-08-09,0,hes8450,2,2,2,0,2,,0,0
2026-08-09,0,hes9150,2,1,0,1,2,,0,0
2026-08-09,0,hes7273,12,12,5,6,5,,0,0
2026-08-09,0,rmdn8195,10,10,8,0,7,,0,0
2026-08-09,0,hes8080,1,1,0,0,,,0,0
2026-08-09,0,icsats90188,20,20,4,13,7,,0,0
2026-08-09,0,hes8646,10,7,7,0,10,1,0,0
2026-08-09,0,frabhopal3,8,7,5,2,3,,0,0
2026-08-09,0,flm0097,1,1,0,1,,,0,0
2026-08-09,0,hes8842,5,4,0,3,,,0,0
2026-08-09,0,hes8999,1,1,1,0,1,,0,0
2026-08-09,0,HES7367,9,8,5,2,6,2,0,0
2026-08-09,0,frabalewadi002,4,4,0,4,,,0,0
2026-08-09,0,fraadajan1,1,1,1,0,,,0,0
2026-08-09,0,hes6937,3,3,3,0,1,,0,0
2026-08-09,0,hes9021,8,8,7,0,4,2,1,1
2026-08-09,0,hes7877,6,5,3,0,4,2,1,0
2026-08-09,0,hes5658,10,8,1,3,5,,0,0
2026-08-09,0,hes5159,4,4,3,0,3,,0,0
2026-08-09,0,HES6403,9,7,7,0,7,5,1,1
2026-08-09,0,hes7839,7,7,4,0,1,,0,0
2026-08-09,0,hes7758,1,1,1,0,,,0,0
2026-08-09,0,hes8271,11,8,8,0,11,,0,0
2026-08-09,0,HES2437,2,2,2,0,2,,0,0
2026-08-09,0,hes6681,12,12,2,8,2,,0,0
2026-08-09,0,HES3828,1,1,1,0,1,,0,0
2026-08-09,0,hes8455,25,21,2,13,1,,1,1
2026-08-09,0,hes9001,4,3,0,3,,,0,0
2026-08-09,0,HES1897,6,5,3,1,2,1,1,1
2026-08-09,0,frakolhapur3,9,9,0,5,1,,0,0
2026-08-09,0,hes6274,5,4,0,4,1,1,1,0
2026-08-09,0,flm0166,3,2,0,1,2,,0,0
2026-08-09,0,hes5112,11,11,1,9,1,1,1,1
2026-08-09,0,hes9232,11,9,0,5,,,0,0
2026-08-09,0,hes6675,5,4,0,3,,,0,0
2026-08-09,0,SBOPAL01,2,2,2,0,,,0,0
2026-08-09,0,CHANDIGARHFRA3,3,3,2,0,,,0,0
2026-08-09,0,hes5995,4,3,0,2,,,1,1
2026-08-09,0,fravaishalinagar1,6,5,1,3,,,0,0
2026-08-09,0,hes5911,11,10,9,1,7,2,0,0
2026-08-09,0,hes5563,2,1,0,1,,,0,0
2026-08-09,0,fra00346,3,2,2,0,,,0,0
2026-08-09,0,HES4501,11,9,9,0,8,,0,0
2026-08-09,0,hes8131,2,2,1,1,,,0,0
2026-08-09,0,rmdn8243,6,6,4,0,4,,0,0
2026-08-09,0,frasurat005,8,7,7,0,,,1,1
2026-08-09,0,hes8236,7,5,0,4,,,0,0
2026-08-09,0,hes7866,3,2,0,2,,,0,0
2026-08-09,0,HES7611,12,12,12,0,11,5,1,1
2026-08-09,0,frahub01,3,3,0,3,,,0,0
2026-08-09,0,hes7195,10,6,0,6,2,,0,0
2026-08-09,0,hes6088,4,3,0,3,3,3,1,1
2026-08-09,0,HES7070,1,1,0,1,1,,0,0
2026-08-09,0,fraudaipur02,1,1,1,0,,,0,0
2026-08-09,0,HES5717,20,18,9,9,11,5,2,2
2026-08-09,0,hes6757,9,7,1,3,,,0,0
2026-08-09,0,hes9059,4,4,2,2,1,,0,0
2026-08-09,0,HES1484,7,5,2,2,3,,1,1
2026-08-09,0,hes7489,5,4,0,3,,,0,0
2026-08-09,0,HES4962,1,1,1,0,1,1,1,1
2026-08-09,0,icsats92879,24,22,22,0,17,3,2,2
2026-08-09,0,hes8354,4,4,3,1,1,,0,0
2026-08-09,0,fraravet1,2,2,1,0,1,,1,1
2026-08-09,0,frasahakarnagar1,9,9,7,0,4,,2,2
2026-08-09,0,hes9306,1,1,1,0,1,,0,0
2026-08-09,0,hes5529,6,6,6,0,5,2,1,1
2026-08-09,0,hes6101,6,6,0,6,,,1,1
2026-08-09,0,HES7059,7,6,0,5,,,0,0
2026-08-09,0,HES4229,1,1,1,0,1,,0,0
2026-08-09,0,HES4287,4,4,2,2,,,0,0
2026-08-09,0,flm0006,2,1,0,1,,,0,0
2026-08-09,0,rmdn8240,13,12,2,7,1,,0,0
2026-08-09,0,hes5814,2,2,1,0,1,,0,0
2026-08-09,0,hes5943,12,11,10,0,7,3,1,1
2026-08-09,0,hes8215,3,3,3,0,3,,0,0
2026-08-09,0,fraimphal1,2,2,1,1,,,0,0
2026-08-09,0,hes7493,1,1,1,0,,,0,0
2026-08-09,0,hes8663,3,2,0,2,,,0,0
2026-08-09,0,hes9168,2,2,0,1,,,0,0
2026-08-09,0,hes8825,8,7,0,6,1,1,0,0
2026-08-09,0,hes8349,5,5,1,3,,,0,0
2026-08-09,0,hes8973,3,3,0,3,1,1,0,0
2026-08-09,0,HES3933,5,3,0,3,,,0,0
2026-08-09,0,HES1701,1,1,0,1,,,0,0
2026-08-09,0,hes7567,4,3,1,1,1,,0,0
2026-08-09,0,icsats99353,6,6,5,0,2,1,0,0
2026-08-09,0,frabhopal6,2,2,2,0,,,0,0
2026-08-09,0,HES3323,5,5,1,4,,,0,0
2026-08-09,0,KOMALC,1,1,0,1,,,0,0
2026-08-09,0,HES5091,2,2,2,0,1,,0,0
2026-08-09,0,hes6527,15,12,4,6,3,3,0,0
2026-08-09,0,hes6438,1,1,1,0,1,,0,0
2026-08-09,0,HES2524,7,6,5,0,4,,0,0
2026-08-09,0,frasbopal04,3,3,0,2,,,1,1
2026-08-09,0,HES6146,15,14,13,1,13,,0,0
2026-08-09,0,rmdn6546,25,20,0,15,,,1,1
2026-08-09,0,rmdn7229,8,8,6,1,7,1,0,0
2026-08-09,0,hes5564,9,9,4,4,3,1,0,0
2026-08-09,0,hes5557,11,10,1,5,3,,0,0
2026-08-09,0,hes8573,2,2,1,1,,,0,0
2026-08-09,0,hes6628,8,7,4,3,7,,0,0
2026-08-09,0,hes8733,7,5,5,0,7,1,1,1
2026-08-09,0,hes9137,3,3,1,1,1,1,0,0
2026-08-09,0,hes7929,2,2,0,2,,,0,0
2026-08-09,0,frakotagumanpura1,23,22,8,10,,,1,1
2026-08-09,0,hes6365,2,2,2,0,2,1,0,0
2026-08-09,0,icsats102126,23,23,21,0,11,9,0,0
2026-08-09,0,hes8042,6,6,5,0,4,,0,0
2026-08-09,0,hes6052,1,1,1,0,1,,0,0
2026-08-09,0,fraagra02,2,1,0,1,,,0,0
2026-08-09,0,hes7986,6,5,1,4,,,0,0
2026-08-09,0,rmdn6543,11,10,1,4,,,0,0
2026-08-09,0,fra00338,7,4,0,4,,,0,0
2026-08-09,0,HES0897,4,4,1,2,1,,0,0
2026-08-09,0,fraagra07,8,6,1,5,1,,0,0
2026-08-09,0,HES2389,3,3,3,0,3,1,0,0
2026-08-09,0,hes5098,22,20,8,9,6,2,1,1
2026-08-09,0,HES6949,1,1,1,0,1,,0,0
2026-08-09,0,framumbaithane2,3,3,2,1,,,0,0
2026-08-09,0,hes7983,6,6,0,5,1,,0,0
2026-08-09,0,HES6730,1,1,1,0,1,,0,0
2026-08-09,0,flm0160,2,1,0,1,,,0,0
2026-08-09,0,ICSATS101249,21,21,20,0,12,1,0,0
2026-08-09,0,icsats81376,16,16,16,0,15,4,2,0
2026-08-09,0,fra00373,19,17,3,7,3,,1,1
2026-08-09,0,frapatiala1,4,3,1,2,,,0,0
2026-08-09,0,HES5259,2,2,2,0,2,,0,0
2026-08-09,0,fraborivali2,3,3,0,3,,,0,0
2026-08-09,0,hes8534,2,2,0,1,,,0,0
2026-08-09,0,HES6495,1,1,1,0,,,0,0
2026-08-09,0,icsats95268,6,6,5,0,5,,0,0
2026-08-09,0,hes6568,1,1,1,0,1,,0,0
2026-08-09,0,HES4294,5,4,4,0,4,,0,0
2026-08-09,0,HES5175,4,3,0,3,,,0,0
2026-08-09,0,hes8425,1,1,0,1,,,0,0
2026-08-09,0,hes6042,2,1,0,1,,,0,0
2026-08-09,0,flm0112,3,2,0,2,,,0,0
2026-08-09,0,hes6436,1,1,0,1,,,0,0
2026-08-09,0,rmdn8416,5,4,0,3,,,0,0
2026-08-09,0,rmdn8419,1,1,1,0,1,,0,0
2026-08-09,0,hes8444,20,19,0,15,,,0,0
2026-08-09,0,HES1957,2,2,0,2,1,,0,0
2026-08-09,0,hes8265,9,7,7,0,8,1,0,0
2026-08-09,0,hes7498,13,11,5,4,4,4,2,0
2026-08-09,0,hes5132,16,14,14,0,11,,0,0
2026-08-09,0,hes8355,5,4,0,3,,,0,0
2026-08-09,0,hes7193,2,2,0,2,1,1,1,1
2026-08-09,0,hes7598,1,1,0,1,1,,0,0
2026-08-09,0,nungambakkam001,3,3,3,0,3,,0,0
2026-08-09,0,hes5327,8,8,7,1,7,3,2,1
2026-08-09,0,hes9144,35,30,0,25,11,3,0,0
2026-08-09,0,hes8459,8,7,0,6,,,0,0
2026-08-09,0,rmdn8748,8,7,4,1,6,3,0,0
2026-08-09,0,hes8598,11,10,1,6,2,,0,0
2026-08-09,0,hes6534,17,15,4,6,5,1,1,1
2026-08-09,0,ICSATS90189,1,1,0,1,,,0,0
2026-08-09,0,hes8284,10,8,0,7,,,0,0
2026-08-09,0,hes9401,7,7,1,4,1,1,1,1
2026-08-09,0,hes7461,4,3,0,3,,,0,0
2026-08-09,0,hes7306,3,2,1,1,1,,0,0
2026-08-09,0,hes9303,3,3,2,0,2,,0,0
2026-08-09,0,hes5964,4,4,3,0,3,,0,0
2026-08-09,0,hes6639,1,1,1,0,1,,0,0
2026-08-09,0,HES3185,2,2,1,0,1,,0,0
2026-08-09,0,HES4171,2,2,2,0,2,,0,0
2026-08-09,0,HES4090,4,4,1,2,,,0,0
2026-08-09,0,hes8849,3,3,1,1,,,0,0
2026-08-09,0,hes7549,2,2,1,1,1,,0,0
2026-08-09,0,vadod001,1,1,1,0,,,0,0
2026-08-09,0,hes7469,5,5,0,5,,,0,0
2026-08-09,0,hes8086,1,1,1,0,1,,0,0
2026-08-09,0,HES8280,1,1,1,0,,,0,0
2026-08-09,0,HES3843,3,3,2,1,3,,0,0
2026-08-09,0,framumbaithane5,3,2,1,1,,,0,0
2026-08-09,0,hes6148,2,2,0,1,,,0,0
2026-08-09,0,fravileparle003,6,4,1,2,,,0,0
2026-08-09,0,hes8027,4,4,4,0,4,,0,0
2026-08-09,0,HES5364,2,2,1,1,,,0,0
2026-08-09,0,FRA00195,5,4,0,4,,,0,0
2026-08-09,0,hes5805,2,2,2,0,1,,0,0
2026-08-09,0,hes6844,2,2,0,1,,,0,0
2026-08-09,0,hes5745,3,2,0,2,,,0,0
2026-08-09,0,frabalewadi001,18,17,1,11,1,,0,0
2026-08-09,0,HES0325,3,2,0,2,,,0,0
2026-08-09,0,hes7212,6,6,0,5,,,0,0
2026-08-09,0,hes7677,3,2,1,1,,,0,0
2026-08-09,0,HES7728,21,15,2,9,10,4,0,0
2026-08-09,0,hes5105,7,5,2,2,,,0,0
2026-08-09,0,hes7992,3,3,1,1,1,,0,0
2026-08-09,0,hes8712,1,1,1,0,1,,0,0
2026-08-09,0,ICSATS82193,1,1,1,0,,,0,0
2026-08-09,0,hes7925,6,4,1,3,1,1,1,1
2026-08-09,0,HES5274,12,10,5,5,2,1,0,0
2026-08-09,0,hes6119,53,40,21,18,20,,0,0
2026-08-09,0,HES7358,6,6,4,1,4,2,0,0
2026-08-09,0,hes7934,2,2,2,0,,,0,0
2026-08-09,0,FRA00111,5,4,0,1,,,0,0
2026-08-09,0,hes8679,4,4,2,2,2,,0,0
2026-08-09,0,hes7652,13,12,6,2,6,1,1,1
2026-08-09,0,fra00241,3,3,1,0,1,,0,0
2026-08-09,0,hes5531,9,8,6,2,7,3,1,1
2026-08-09,0,hes6120,3,2,1,1,,,0,0
2026-08-09,0,hes5502,1,1,1,0,,,0,0
2026-08-09,0,FRA00320,1,1,0,1,,,0,0
2026-08-09,0,HES8433,5,5,5,0,3,,0,0
2026-08-09,0,hes6131,7,6,0,4,,,0,0
2026-08-09,0,hes5443,2,2,0,2,,,0,0
2026-08-09,0,HES2608,38,35,0,30,17,,1,1
2026-08-09,0,flm0155,3,2,0,1,,,0,0
2026-08-09,0,hes7506,11,10,10,0,7,4,0,0
2026-08-09,0,FRA00313,11,10,1,7,,,1,1
2026-08-09,0,hes8778,1,1,0,1,,,0,0
2026-08-09,0,fra00256,5,5,5,0,4,1,0,0
2026-08-09,0,hes8641,5,5,5,0,5,,0,0
2026-08-09,0,hes8984,4,3,0,3,2,,0,0
2026-08-09,0,frasiliguri002,6,5,5,0,,,0,0
2026-08-09,0,hes5713,2,2,2,0,1,,0,0
2026-08-09,0,HES8091,24,20,0,15,6,1,0,0
2026-08-09,0,HES3731,2,1,1,0,2,,0,0
2026-08-09,0,hes7740,4,4,4,0,4,1,0,0
2026-08-09,0,hes7835,8,6,1,5,3,,0,0
2026-08-09,0,hes6999,22,20,0,14,1,,0,0
2026-08-09,0,flm0080,2,1,0,1,,,0,0
2026-08-09,0,rmdn8421,1,1,1,0,1,,0,0
2026-08-09,0,hes6822,1,1,0,0,,,0,0
2026-08-09,0,icsats96092,5,5,5,0,5,,0,0
2026-08-09,0,hes7155,3,2,1,1,2,,0,0
2026-08-09,0,hes7530,3,3,3,0,3,1,0,0
2026-08-09,0,hes8756,6,5,0,3,1,,1,1
2026-08-09,0,rmdn1559,9,9,6,2,5,,0,0
2026-08-09,0,HES4113,4,3,1,2,,,0,0
2026-08-09,0,hes8024,2,2,2,0,2,,0,0
2026-08-09,0,hes7654,2,1,1,0,2,,0,0
2026-08-09,0,HES5423,1,1,1,0,1,,0,0
2026-08-09,0,hes7753,7,7,5,2,5,1,1,1
2026-08-09,0,hes7093,7,7,3,2,3,,0,0
2026-08-09,0,fra00318,5,3,0,3,,,0,0
2026-08-09,0,hes7420,9,8,2,4,3,,1,1
2026-08-09,0,hes7431,5,5,1,3,1,,0,0
2026-08-09,0,hes9177,3,2,0,2,3,,0,0
2026-08-09,0,hes7924,10,9,0,8,,,0,0
2026-08-09,0,hes9315,3,3,0,3,,,0,0
2026-08-09,0,RMDN1734,10,10,10,0,8,3,0,0
2026-08-09,0,hes6745,1,1,0,1,,,0,0
2026-08-09,0,hes6664,11,11,11,0,2,,0,0
2026-08-09,0,hes8564,8,7,6,0,6,1,1,1
2026-08-09,0,hes6761,3,3,2,0,1,,0,0
2026-08-09,0,HES6819,1,1,1,0,1,,0,0
2026-08-09,0,hes7488,4,4,3,1,,,0,0
2026-08-09,0,hes7448,4,3,0,2,,,1,0
2026-08-09,0,hes7143,6,4,2,2,4,,0,0
2026-08-09,0,HES4893,3,3,2,0,2,,1,1
2026-08-09,0,surat001,5,4,3,1,1,,1,1
2026-08-09,0,hes9165,1,1,1,0,1,1,0,0
2026-08-09,0,hes5079,5,5,5,0,5,1,0,0
2026-08-09,0,HES4511,1,1,1,0,1,,0,0
2026-08-09,0,rmdn1726,5,3,1,2,4,2,0,0
2026-08-09,0,hes8968,10,9,0,9,,,0,0
2026-08-09,0,hes5515,4,4,4,0,3,,0,0
2026-08-09,0,rmdn5642,6,6,1,4,1,,0,0
2026-08-09,0,hes9211,8,6,3,3,5,,0,0
2026-08-09,0,rmdn8562,11,11,7,2,4,3,1,0
2026-08-09,0,fraandheri2,5,5,5,0,,,1,1
2026-08-09,0,hes9252,2,2,0,2,1,1,1,1
2026-08-09,0,fravadod008,7,5,4,1,,,1,1
2026-08-09,0,HES4767,2,2,0,2,1,,0,0
2026-08-09,0,hes6619,5,5,2,2,,,0,0
2026-08-09,0,hes8814,15,13,0,9,3,1,0,0
2026-08-09,0,hes9422,30,26,3,21,2,,0,0
2026-08-09,0,hes5453,24,21,1,16,1,1,1,1
2026-08-09,0,HES2037,2,2,0,2,,,0,0
2026-08-09,0,hes8033,1,1,0,1,,,0,0
2026-08-09,0,HES5209,1,1,1,0,1,,0,0
2026-08-09,0,hes8800,3,2,0,2,,,0,0
2026-08-09,0,rmdn2959,11,10,7,2,6,1,0,0
2026-08-09,0,hes8645,5,4,2,1,1,,0,0
2026-08-09,0,hes7730,10,9,1,6,4,1,0,0
2026-08-09,0,icsats106934,15,15,13,0,8,1,0,0
2026-08-09,0,hes6232,3,2,2,0,3,,0,0
2026-08-09,0,hes5948,3,2,2,0,3,,0,0
2026-08-09,0,hes6690,2,2,1,1,2,,0,0
2026-08-09,0,hes7930,8,7,1,4,1,,0,0
2026-08-09,0,HES4544,5,5,4,0,4,2,0,0
2026-08-09,0,hes6038,5,5,0,3,1,,0,0
2026-08-09,0,hes7138,7,7,3,3,5,1,1,1
2026-08-09,0,hes7601,12,11,0,9,2,,0,0
2026-08-09,0,FRA00370,2,2,0,2,,,0,0
2026-08-09,0,hes6821,7,5,0,4,1,,1,1
2026-08-09,0,hes7274,8,5,0,5,,,1,1
2026-08-09,0,hes7199,1,1,0,1,,,0,0
2026-08-09,0,hes8977,8,6,3,3,1,,0,0
2026-08-09,0,frahadapsar4,2,2,0,1,,,0,0
2026-08-09,0,hes7725,6,6,2,2,,,0,0
2026-08-09,0,hes7561,3,2,0,2,,,0,0
2026-08-09,0,hes8713,3,3,3,0,2,,0,0
2026-08-09,0,HES5403,3,3,0,3,,,0,0
2026-08-09,0,HES5876,15,15,12,2,12,,1,1
2026-08-09,0,HES8074,1,1,1,0,,,0,0
2026-08-09,0,hes7253,2,2,2,0,,,0,0
2026-08-09,0,rmdn8261,13,12,11,0,11,2,2,1
2026-08-09,0,hes5503,12,11,7,3,5,1,0,0
2026-08-09,0,hes7729,7,7,1,4,2,,0,0
2026-08-09,0,HES5610,5,5,0,5,,,0,0
2026-08-09,0,amdcg7,3,3,3,0,1,1,1,1
2026-08-09,0,hes8803,4,4,2,1,3,,0,0
2026-08-09,0,hes8189,11,9,0,7,,,0,0
2026-08-09,0,HES7056,9,9,5,2,5,1,0,0
2026-08-09,0,hes6014,5,5,5,0,5,1,0,0
2026-08-09,0,HES0504,8,8,4,2,6,1,0,0
2026-08-09,0,HES5411,10,10,6,3,2,,0,0
2026-08-09,0,hes8069,6,6,5,1,5,,0,0
2026-08-09,0,hes6373,25,20,5,12,,,0,0
2026-08-09,0,HES5215,2,1,1,0,2,,0,0
2026-08-09,0,HES5554,10,9,0,8,,,0,0
2026-08-09,0,HES2339,3,3,1,1,,,0,0
2026-08-09,0,hes8188,4,3,0,3,,,0,0
2026-08-09,0,hes8647,14,14,6,6,6,,0,0
2026-08-09,0,hes6904,4,4,1,1,1,,0,0
2026-08-09,0,HES4061,48,41,3,31,4,2,1,1
2026-08-09,0,HES1951,4,3,0,2,,,0,0
2026-08-09,0,HES4079,3,3,0,3,,,0,0
2026-08-09,0,HES4792,1,1,1,0,,,0,0
2026-08-09,0,HES7754,5,4,0,2,,,1,1
2026-08-09,0,HES1874,5,4,2,0,2,,0,0
2026-08-09,0,hes7516,20,19,4,14,3,,0,0
2026-08-09,0,rmdn3663,13,10,1,7,2,,1,1
2026-08-09,0,hes7510,2,2,1,1,1,,0,0
2026-08-09,0,HES4181,7,7,1,5,4,,0,0
2026-08-09,0,hes7971,3,3,1,1,1,1,0,0
2026-08-09,0,FRA00100,2,2,1,1,1,,0,0
2026-08-09,0,HES5203,4,3,3,0,4,3,1,1
2026-08-09,0,HES2832,4,4,1,2,1,,0,0
2026-08-09,0,FRA00083,10,10,10,0,2,,0,0
2026-08-09,0,RMDN1132,24,20,5,9,8,2,0,0
2026-08-09,0,hes7787,2,2,0,2,,,0,0
2026-08-09,0,HES7473,2,2,2,0,2,1,1,1
2026-08-09,0,HES7067,2,2,2,0,2,,0,0
2026-08-09,0,ICSATS103168,7,7,7,0,5,,0,0
2026-08-09,0,RMDN8311,8,7,5,1,4,,0,0
2026-08-09,0,hes6967,2,1,0,1,,,0,0
2026-08-09,0,HES0993,39,37,31,2,31,10,1,1
2026-08-09,0,FRA00144,25,19,1,13,2,,0,0
2026-08-09,0,HES4731,1,1,1,0,1,1,0,0
2026-08-09,0,frasaritavihar2,1,1,0,1,,,0,0
2026-08-09,0,icsats100316,10,10,10,0,10,2,1,1
2026-08-09,0,HES4548,31,24,16,8,12,3,0,0
2026-08-09,0,HES4961,24,21,10,10,2,,0,0
2026-08-09,0,FRA00090,13,12,11,0,1,,1,1
2026-08-09,0,HES7726,26,22,3,15,5,1,1,1
2026-08-09,0,hes8930,14,12,11,0,12,4,0,0
2026-08-09,0,hes5798,4,3,0,2,,,0,0
2026-08-09,0,hes8969,3,3,1,1,1,,0,0
2026-08-09,0,icsats106796,20,19,16,1,15,2,0,0
2026-08-09,0,FRA00085,2,1,1,0,,,0,0
2026-08-09,0,hes8750,1,1,0,1,1,,0,0
2026-08-09,0,HES5313,7,7,7,0,7,1,0,0
2026-08-09,0,HES7343,3,2,0,2,,,0,0
2026-08-09,0,HES3504,8,4,0,4,4,,0,0
2026-08-09,0,hes8651,13,11,3,7,,,0,0
2026-08-09,0,rmdn8564,10,9,0,7,3,,0,0
2026-08-09,0,SBOPAL03,2,2,0,2,,,0,0
2026-08-09,0,hes8976,7,7,0,5,,,0,0
2026-08-09,0,AGRA001,2,2,0,0,,,0,0
2026-08-09,0,hes6980,1,1,0,1,,,0,0
2026-08-09,0,HES5848,5,3,3,0,5,,0,0
2026-08-09,0,frasouthex2,2,2,0,2,,,0,0
2026-08-09,0,FRA00026,11,10,8,0,,,0,0
2026-08-09,0,hes8601,9,7,7,0,8,,0,0
2026-08-09,0,hes6099,2,2,2,0,2,,0,0
2026-08-09,0,hes7847,8,5,4,1,6,6,0,0
2026-08-09,0,hes5840,7,4,4,0,7,,0,0
2026-08-09,0,hes6916,11,9,5,3,5,,1,1
2026-08-09,0,framohali4,16,13,10,1,9,7,0,0
2026-08-09,0,hes8351,2,2,2,0,2,1,0,0
2026-08-09,0,hes9186,3,3,3,0,3,1,0,0
2026-08-09,0,hes7263,2,2,0,2,,,0,0
2026-08-09,0,icsats106790,3,2,1,1,1,,0,0
2026-08-09,0,hes7721,42,41,28,9,26,6,0,0
2026-08-09,0,fra00288,32,27,0,22,7,3,0,0
2026-08-09,0,hes7980,5,5,2,3,1,,0,0
2026-08-09,0,hes5654,6,4,0,3,5,3,1,1
2026-08-09,0,hes7449,20,18,0,14,9,2,0,0
2026-08-08,0,icsats100316,23,23,21,0,18,6,1,0
2026-08-08,0,HES4221,9,9,7,2,8,,0,0
2026-08-08,0,FRA00190,8,8,0,8,2,1,1,1
2026-08-08,0,hes8929,2,2,2,0,2,2,0,0
2026-08-08,0,FRA00049,4,3,2,0,3,,2,2
2026-08-08,0,hes7978,2,2,2,0,2,,0,0
2026-08-08,0,HES4893,6,5,4,1,4,1,0,0
2026-08-08,0,frahydhills2,9,6,6,0,,,0,0
2026-08-08,0,HES7059,6,6,0,6,,,0,0
2026-08-08,0,hes7427,2,1,0,1,2,,0,0
2026-08-08,0,franagpur1,4,4,2,2,1,,0,0
2026-08-08,0,HES3185,3,3,2,0,1,,1,1
2026-08-08,0,HES7844,10,9,3,6,3,,0,0
2026-08-08,0,flm0018,1,1,0,1,,,0,0
2026-08-08,0,hes6088,4,3,0,3,2,1,1,1
2026-08-08,0,rmdn6117,13,10,4,6,5,2,0,0
2026-08-08,0,hes7288,1,1,0,1,,,0,0
2026-08-08,0,icsats77190,10,10,8,0,7,4,1,0
2026-08-08,0,hes8750,3,3,0,2,2,,1,1
2026-08-08,0,HES3842,1,1,0,1,,,0,0
2026-08-08,0,hes8736,1,1,0,1,1,,0,0
2026-08-08,0,hes7654,1,1,1,0,1,1,0,0
2026-08-08,0,PRATIMAA,2,2,2,0,2,1,0,0
2026-08-08,0,rmdn7054,9,9,1,7,,,1,1
2026-08-08,0,HES5970,4,4,0,3,,,0,0
2026-08-08,0,flm0097,2,2,0,1,,,0,0
2026-08-08,0,hes7193,1,1,0,1,,,0,0
2026-08-08,0,hes5880,1,1,0,1,,,0,0
2026-08-08,0,hes9015,11,11,1,10,1,,0,0
2026-08-08,0,hes9133,2,2,2,0,1,,0,0
2026-08-08,0,fra00136,2,2,2,0,1,,0,0
2026-08-08,0,indrnt005,4,3,0,3,,,0,0
2026-08-08,0,hes7843,1,1,0,1,,,1,1
2026-08-08,0,hes8999,2,2,2,0,2,,0,0
2026-08-08,0,HES1874,6,4,4,0,3,1,1,1
2026-08-08,0,hes6007,7,7,1,4,2,1,0,0
2026-08-08,0,hes9001,1,1,0,1,,,0,0
2026-08-08,0,rmdn8204,16,15,14,0,14,,0,0
2026-08-08,0,HES3977,6,4,0,3,2,,1,1
2026-08-08,0,hes9120,3,3,1,2,,,0,0
2026-08-08,0,hes8279,11,11,6,5,2,2,1,1
2026-08-08,0,fra00261,6,5,4,0,,,0,0
2026-08-08,0,hes8044,3,2,2,0,2,,0,0
2026-08-08,0,HES5364,4,2,1,1,2,,1,1
2026-08-08,0,hes9280,5,4,0,4,,,0,0
2026-08-08,0,HES5403,4,3,0,3,,,0,0
2026-08-08,0,hes9252,2,2,1,1,,,0,0
2026-08-08,0,hes8318,1,1,1,0,1,,0,0
2026-08-08,0,fra00309,1,1,0,1,,,0,0
2026-08-08,0,HES4324,13,13,9,3,3,2,1,1
2026-08-08,0,rmdn8422,5,5,2,3,,,1,1
2026-08-08,0,hes6757,1,1,0,1,,,0,0
2026-08-08,0,hes5486,5,4,2,2,,,0,0
2026-08-08,0,HES7050,6,5,3,2,1,,0,0
2026-08-08,0,hes7980,7,6,3,3,,,0,0
2026-08-08,0,ICSATS82193,5,5,3,0,2,,0,0
2026-08-08,0,fra00280,1,1,0,1,,,0,0
2026-08-08,0,FRA00186,8,8,7,0,2,,1,1
2026-08-08,0,hes5452,1,1,0,1,,,0,0
2026-08-08,0,HES4165,8,6,6,0,7,,0,0
2026-08-08,0,hes6825,5,5,5,0,3,,0,0
2026-08-08,0,hes7451,1,1,0,0,,,0,0
2026-08-08,0,SBOPAL01,2,2,2,0,,,0,0
2026-08-08,0,hes8668,1,1,0,1,,,0,0
2026-08-08,0,HES4181,4,4,1,3,,,0,0
2026-08-08,0,ICSATS99349,23,23,23,0,16,1,0,0
2026-08-08,0,icsats106268,4,4,4,0,2,2,2,1
2026-08-08,0,frakolhapur3,6,5,1,4,2,,0,0
2026-08-08,0,hes7186,1,1,0,1,,,0,0
2026-08-08,0,HES2717,4,2,0,2,,,0,0
2026-08-08,0,hes6308,6,5,0,4,,,0,0
2026-08-08,0,hes7724,11,10,4,6,4,,0,0
2026-08-08,0,flm0038,2,2,1,0,1,1,0,0
2026-08-08,0,hes7671,1,1,0,1,,,0,0
2026-08-08,0,FRA00052,2,2,2,0,,,0,0
2026-08-08,0,hes6131,5,4,3,1,3,1,1,1
2026-08-08,0,HES2028,1,1,0,1,,,0,0
2026-08-08,0,HES6677,1,1,1,0,,,0,0
2026-08-08,0,FRA00111,8,6,0,6,,,0,0
2026-08-08,0,hes9037,7,6,1,4,1,1,0,0
2026-08-08,0,icsats81376,6,6,6,0,6,3,0,0
2026-08-08,0,hes5159,4,3,3,0,2,,0,0
2026-08-08,0,HES7353,1,1,1,0,1,,0,0
2026-08-08,0,hes6822,4,3,2,0,3,3,0,0
2026-08-08,0,hes8650,2,2,0,2,,,0,0
2026-08-08,0,fraagra04,1,1,1,0,1,,0,0
2026-08-08,0,HES6730,3,3,3,0,3,1,0,0
2026-08-08,0,hes5063,1,1,1,0,1,,0,0
2026-08-08,0,HES0558,1,1,0,1,,,0,0
2026-08-08,0,hes6783,2,2,1,1,1,,0,0
2026-08-08,0,fraghatkopar02,1,1,0,0,,,0,0
2026-08-08,0,hes6821,6,6,0,6,,,0,0
2026-08-08,0,frasbopal04,10,8,7,0,,,0,0
2026-08-08,0,HES4433,5,4,4,0,2,,0,0
2026-08-08,0,rmdn1337,11,11,9,0,8,1,0,0
2026-08-08,0,rmdn8201,1,1,1,0,1,,0,0
2026-08-08,0,hes6862,4,4,3,1,3,1,1,1
2026-08-08,0,hes5464,6,4,3,0,5,2,0,0
2026-08-08,0,hes7625,1,1,1,0,,,0,0
2026-08-08,0,hes5504,1,1,1,0,,,0,0
2026-08-08,0,hes6274,11,10,0,10,6,3,0,0
2026-08-08,0,HES6567,2,2,2,0,,,0,0
2026-08-08,0,HES5554,11,10,0,10,,,0,0
2026-08-08,0,hes7428,1,1,1,0,1,,0,0
2026-08-08,0,FRA00100,11,10,3,5,2,1,0,0
2026-08-08,0,fra00282,1,1,0,1,,,0,0
2026-08-08,0,icsats95268,24,24,22,0,16,,0,0
2026-08-08,0,hes9432,1,1,0,1,,,0,0
2026-08-08,0,HES7365,5,4,2,2,1,,0,0
2026-08-08,0,HES4951,1,1,1,0,,,0,0
2026-08-08,0,fradadar1,6,6,5,1,5,,1,1
2026-08-08,0,frasiliguri002,1,1,1,0,,,0,0
2026-08-08,0,rmdn8421,1,1,0,1,,,0,0
2026-08-08,0,rmdn3759,12,12,11,1,9,2,1,0
2026-08-08,0,vadod004,6,6,2,3,,,0,0
2026-08-08,0,hes6745,2,1,0,1,,,0,0
2026-08-08,0,hes7920,1,1,0,1,1,,0,0
2026-08-08,0,hes5643,2,2,2,0,2,2,0,0
2026-08-08,0,hes5711,2,2,2,0,2,1,0,0
2026-08-08,0,rmdn8195,1,1,1,0,1,,0,0
2026-08-08,0,HES0504,24,22,20,2,19,4,2,2
2026-08-08,0,hes5948,2,1,1,0,2,,0,0
2026-08-08,0,frasaltlake3,1,1,1,0,,,0,0
2026-08-08,0,HES5413,3,2,0,2,,,0,0
2026-08-08,0,hes8105,1,1,1,0,,,0,0
2026-08-08,0,FRA00349,2,2,1,1,,,0,0
2026-08-08,0,SHARMISHTHAD,6,4,4,0,5,,0,0
2026-08-08,0,hes9328,1,1,0,0,,,0,0
2026-08-08,0,HES4767,2,2,0,2,,,0,0
2026-08-08,0,hes7721,21,19,12,7,10,3,2,2
2026-08-08,0,HES4166,6,4,0,4,,,0,0
2026-08-08,0,hes8662,5,4,2,2,4,3,0,0
2026-08-08,0,HES4728,4,3,1,2,1,,0,0
2026-08-08,0,HES7368,2,1,1,0,2,2,1,1
2026-08-08,0,HES2137,9,9,4,5,2,,0,0
2026-08-08,0,HES4963,4,4,0,4,,,0,0
2026-08-08,0,hes9340,1,1,1,0,1,,0,0
2026-08-08,0,hes6665,3,2,0,2,3,,0,0
2026-08-08,0,hes5105,14,9,4,3,8,4,2,1
2026-08-08,0,rmdn8196,10,8,7,1,5,,1,0
2026-08-08,0,hes5502,11,10,6,4,4,1,1,1
2026-08-08,0,hes8554,1,1,0,1,,,0,0
2026-08-08,0,fra00373,9,7,2,5,2,,0,0
2026-08-08,0,hes9402,1,1,1,0,,,0,0
2026-08-08,0,hes7679,1,1,0,1,,,0,0
2026-08-08,0,HES7202,1,1,0,1,1,,0,0
2026-08-08,0,icsats91558,8,7,1,5,5,1,1,1
2026-08-08,0,hes5704,4,3,0,3,2,,0,0
2026-08-08,0,hes7222,2,2,2,0,2,1,0,0
2026-08-08,0,HES7754,4,3,0,3,1,1,0,0
2026-08-08,0,icsats86677,6,6,6,0,2,,0,0
2026-08-08,0,fraravet1,1,1,1,0,1,,0,0
2026-08-08,0,hes8005,9,6,3,3,2,,0,0
2026-08-08,0,hes9177,2,2,0,2,,,0,0
2026-08-08,0,FRA00026,1,1,1,0,,,0,0
2026-08-08,0,ICSATS103168,14,14,11,0,8,4,2,1
2026-08-08,0,icsats88698,6,5,4,1,5,1,0,0
2026-08-08,0,hes8223,10,7,0,7,3,,0,0
2026-08-08,0,hes6373,4,4,1,3,,,0,0
2026-08-08,0,HES4425,2,2,2,0,2,,0,0
2026-08-08,0,hes9204,1,1,0,1,,,0,0
2026-08-08,0,fraandheri6,1,1,1,0,,,0,0
2026-08-08,0,HES6112,1,1,0,1,,,0,0
2026-08-08,0,HES7155,5,5,4,1,2,,0,0
2026-08-08,0,hes7516,6,6,1,5,2,1,1,1
2026-08-08,0,frahub01,2,2,0,2,,,0,0
2026-08-08,0,hes7685,3,3,3,0,3,1,0,0
2026-08-08,0,hes7760,1,1,0,1,,,0,0
2026-08-08,0,hes8455,18,17,8,9,,,0,0
2026-08-08,0,HES7728,7,7,4,3,4,,0,0
2026-08-08,0,hes6893,9,6,0,6,2,2,1,1
2026-08-08,0,flm0168,2,1,0,1,,,0,0
2026-08-08,0,HES3323,14,12,1,6,,,0,0
2026-08-08,0,hes6534,8,7,1,5,1,,0,0
2026-08-08,0,fra00277,9,8,2,6,,,0,0
2026-08-08,0,MATHURA002,4,4,0,3,,,0,0
2026-08-08,0,hes5638,1,1,0,1,,,0,0
2026-08-08,0,hes9010,5,4,1,3,1,,0,0
2026-08-08,0,hes8415,4,4,2,2,1,,0,0
2026-08-08,0,hes5146,14,13,9,3,3,,0,0
2026-08-08,0,icsats92879,23,23,22,0,17,5,1,0
2026-08-08,0,frasaritavihar2,9,7,0,7,,,0,0
2026-08-08,0,HES2437,1,1,1,0,1,1,0,0
2026-08-08,0,HES7830,2,2,1,1,,,0,0
2026-08-08,0,hes7951,3,3,0,3,,,0,0
2026-08-08,0,HES6091,1,1,0,1,,,0,0
2026-08-08,0,fra00241,1,1,0,1,,,0,0
2026-08-08,0,framohali4,3,2,1,1,,,0,0
2026-08-08,0,hes5113,7,5,0,5,,,0,0
2026-08-08,0,hes9022,1,1,0,1,,,0,0
2026-08-08,0,HES5434,5,5,0,5,,,0,0
2026-08-08,0,FRA00291,7,7,2,4,1,,0,0
2026-08-08,0,hes7530,9,9,7,2,7,,0,0
2026-08-08,0,hes7661,3,3,0,3,,,0,0
2026-08-08,0,rmdn7065,14,13,3,9,,,1,1
2026-08-08,0,HES5130,6,4,2,2,3,,0,0
2026-08-08,0,hes6967,4,3,3,0,1,1,0,0
2026-08-08,0,hes8814,17,14,0,13,4,2,1,1
2026-08-08,0,FRA00082,10,10,8,0,8,1,1,1
2026-08-08,0,hes6932,3,3,3,0,,,0,0
2026-08-08,0,rmdn8749,11,11,3,7,3,1,0,0
2026-08-08,0,HES6292,3,3,0,3,1,,0,0
2026-08-08,0,hes8265,11,9,9,0,7,4,1,1
2026-08-08,0,hes8349,9,8,2,6,2,,0,0
2026-08-08,0,hes5098,14,14,7,7,4,1,0,0
2026-08-08,0,hes6471,3,3,2,1,2,1,0,0
2026-08-08,0,hes7572,7,6,1,3,,,0,0
2026-08-08,0,hes7869,1,1,1,0,,,0,0
2026-08-08,0,hes8803,10,8,5,2,9,1,0,0
2026-08-08,0,hes7300,8,8,5,3,2,,0,0
2026-08-08,0,hes9329,5,4,2,2,,,0,0
2026-08-08,0,hes7684,4,4,4,0,4,2,1,1
2026-08-08,0,hes8559,2,2,0,2,,,0,0
2026-08-08,0,HES6403,12,11,4,5,5,1,0,0
2026-08-08,0,hes6380,2,2,2,0,2,,0,0
2026-08-08,0,hes9232,5,5,0,5,,,0,0
2026-08-08,0,saratboseroad002,5,4,0,4,3,2,0,0
2026-08-08,0,flm0002,5,4,0,4,1,,0,0
2026-08-08,0,hes8449,1,1,1,0,,,0,0
2026-08-08,0,hes6283,2,1,0,1,2,,1,1
2026-08-08,0,hes7934,1,1,0,1,,,0,0
2026-08-08,0,fra00355,5,4,0,4,,,0,0
2026-08-08,0,fra00374,8,6,6,0,2,,1,1
2026-08-08,0,HES3959,6,4,2,2,4,4,1,1
2026-08-08,0,fraannasalai3,9,7,7,0,2,,0,0
2026-08-08,0,HES5209,1,1,1,0,1,,0,0
2026-08-08,0,hes5529,4,3,3,0,3,,0,0
2026-08-08,0,hes5904,3,3,3,0,3,,0,0
2026-08-08,0,HES2608,9,8,0,8,1,,0,0
2026-08-08,0,hes8553,5,4,0,4,1,,0,0
2026-08-08,0,rmdn1726,11,10,6,3,4,1,1,1
2026-08-08,0,hes6754,4,4,3,1,3,,0,0
2026-08-08,0,HES5212,4,3,0,3,,,1,1
2026-08-08,0,icsats106795,14,14,10,3,9,2,0,0
2026-08-08,0,fra00266,6,5,0,5,,,1,1
2026-08-08,0,HES6146,21,19,15,4,13,3,2,2
2026-08-08,0,hes8271,7,7,5,2,3,2,0,0
2026-08-08,0,HES7367,7,6,5,1,5,2,0,0
2026-08-08,0,HES1196,2,2,0,2,,,0,0
2026-08-08,0,HES5200,28,24,2,20,2,2,3,2
2026-08-08,0,hes7204,2,2,1,1,2,,0,0
2026-08-08,0,HES3398,1,1,1,0,,,0,0
2026-08-08,0,frapatiala1,2,1,1,0,,,0,0
2026-08-08,0,fraandheri2,8,6,5,0,3,,2,2
2026-08-08,0,hes8984,6,4,1,3,2,,1,0
2026-08-08,0,hes7983,3,3,1,1,1,,0,0
2026-08-08,0,flm0006,6,4,0,4,,,0,0
2026-08-08,0,HES7473,1,1,1,0,1,,0,0
2026-08-08,0,hes5497,1,1,1,0,1,1,0,0
2026-08-08,0,icsats99353,7,7,7,0,4,2,0,0
2026-08-08,0,rmdn5933,16,13,0,11,1,,1,1
2026-08-08,0,frasaltlake2,5,5,4,0,1,,0,0
2026-08-08,0,hes5759,2,2,1,1,,,0,0
2026-08-08,0,hes7456,4,4,0,4,,,0,0
2026-08-08,0,hes6664,5,3,3,0,1,,0,0
2026-08-08,0,hes8709,6,5,1,4,3,3,1,1
2026-08-08,0,vadod007,2,2,1,1,1,,0,0
2026-08-08,0,HES0984,1,1,0,1,,,0,0
2026-08-08,0,hes9150,12,10,0,9,6,,0,0
2026-08-08,0,hes8423,3,2,1,1,,,0,0
2026-08-08,0,HES6819,4,4,3,0,3,2,1,1
2026-08-08,0,hes8718,2,2,2,0,2,,0,0
2026-08-08,0,HES5881,2,1,0,1,2,,0,0
2026-08-08,0,HES3269,3,2,1,1,2,,0,0
2026-08-08,0,hes7627,9,6,0,6,2,,0,0
2026-08-08,0,frasurat005,1,1,1,0,,,0,0
2026-08-08,0,hes7856,4,3,0,3,,,0,0
2026-08-08,0,hes8069,1,1,1,0,,,0,0
2026-08-08,0,hes8189,4,4,0,3,,,0,0
2026-08-08,0,hes6572,2,2,0,2,,,0,0
2026-08-08,0,HES3823,4,4,3,0,3,,0,0
2026-08-08,0,hes8711,5,4,0,3,,,0,0
2026-08-08,0,hes5840,10,6,3,3,6,,0,0
2026-08-08,0,FRA00320,8,7,1,4,,,1,1
2026-08-08,0,hes6631,2,1,0,1,,,0,0
2026-08-08,0,hes5079,7,7,5,1,1,,0,0
2026-08-08,0,FRA00313,14,12,0,11,,,0,0
2026-08-08,0,HES6845,1,1,1,0,1,,0,0
2026-08-08,0,hes8156,4,4,0,4,,,0,0
2026-08-08,0,hes8459,2,2,0,2,,,0,0
2026-08-08,0,hes5964,6,6,5,0,5,,0,0
2026-08-08,0,rmdn4078,65,54,22,30,24,9,1,0
2026-08-08,0,rmdn8419,2,2,2,0,1,1,0,0
2026-08-08,0,q2t2014847,1,1,0,1,,,0,0
2026-08-08,0,hes9227,2,2,1,1,1,,0,0
2026-08-08,0,hes8375,7,5,0,5,,,0,0
2026-08-08,0,HES0993,9,8,8,0,8,1,0,0
2026-08-08,0,rmdn8272,3,3,3,0,3,,0,0
2026-08-08,0,hes7191,14,12,1,11,6,3,0,0
2026-08-08,0,hes7696,2,2,1,1,1,,0,0
2026-08-08,0,hes7511,5,4,1,3,2,1,1,1
2026-08-08,0,hes8900,3,3,3,0,2,,0,0
2026-08-08,0,fraccuesplanade1,3,3,1,1,,,1,1
2026-08-08,0,HES2530,2,2,2,0,2,2,0,0
2026-08-08,0,hes9188,1,1,0,1,,,0,0
2026-08-08,0,hes9126,1,1,0,1,,,0,0
2026-08-08,0,hes8910,5,4,0,4,,,0,0
2026-08-08,0,icsats103494,3,3,3,0,3,2,1,0
2026-08-08,0,hes6528,3,2,1,1,,,0,0
2026-08-08,0,hes8429,2,2,1,0,1,,0,0
2026-08-08,0,hes8355,10,10,1,9,1,,0,0
2026-08-08,0,hes7689,1,1,1,0,1,,0,0
2026-08-08,0,hes5078,3,3,0,2,,,0,0
2026-08-08,0,HES4294,4,2,0,2,,,0,0
2026-08-08,0,hes8573,18,18,7,9,1,,1,1
2026-08-08,0,hes6658,2,2,1,1,,,0,0
2026-08-08,0,icsats96105,2,2,2,0,2,1,0,0
2026-08-08,0,hes6100,7,6,2,4,3,1,2,2
2026-08-08,0,fra00256,9,7,3,0,3,,0,0
2026-08-08,0,hes7924,8,6,5,1,7,,0,0
2026-08-08,0,hes6675,2,2,0,2,,,0,0
2026-08-08,0,hes7835,4,3,1,2,,,0,0
2026-08-08,0,hes5929,3,3,0,3,,,0,0
2026-08-08,0,hes7498,3,3,0,3,1,,0,0
2026-08-08,0,hes8598,3,2,0,2,1,,1,1
2026-08-08,0,frahowrah002,4,4,2,0,1,,1,1
2026-08-08,0,hes6281,4,4,3,1,1,,0,0
2026-08-08,0,hes9246,6,6,6,0,6,,2,2
2026-08-08,0,hes8351,7,6,6,0,7,,0,0
2026-08-08,0,frabareilly01,6,5,1,4,2,1,1,1
2026-08-08,0,hes5466,9,8,4,4,2,,1,1
2026-08-08,0,hes5713,11,10,10,0,11,5,2,2
2026-08-08,0,HES4532,13,12,0,11,,,1,1
2026-08-08,0,hes7271,5,5,0,5,,,0,0
2026-08-08,0,hes7449,11,8,0,8,8,,0,0
2026-08-08,0,hes8646,3,2,1,0,2,,0,0
2026-08-08,0,hes7546,1,1,1,0,1,1,0,0
2026-08-08,0,flm0020,1,1,0,1,,,0,0
2026-08-08,0,HES5107,2,1,1,0,2,2,0,0
2026-08-08,0,HES2524,5,5,3,2,2,2,0,0
2026-08-08,0,hes8876,1,1,0,1,,,0,0
2026-08-08,0,HES7595,6,5,5,0,3,,0,0
2026-08-08,0,hes8982,4,3,3,0,3,2,0,0
2026-08-08,0,HES4956,8,6,5,1,4,,0,0
2026-08-08,0,fraagra02,1,1,1,0,,,0,0
2026-08-08,0,icsats96098,10,10,10,0,7,1,0,0
2026-08-08,0,hes7773,3,3,3,0,2,,0,0
2026-08-08,0,hes7274,16,14,0,14,,,0,0
2026-08-08,0,hes8969,4,4,1,2,,,0,0
2026-08-08,0,FRA00105,8,6,4,2,1,,0,0
2026-08-08,0,icsats96092,8,7,6,0,1,,0,0
2026-08-08,0,hes6497,13,12,1,9,3,1,0,0
2026-08-08,0,hes8340,9,8,5,3,6,,0,0
2026-08-08,0,rmdn2959,18,18,10,3,7,1,0,0
2026-08-08,0,hes8448,15,12,9,3,7,,0,0
2026-08-08,0,HES1951,10,10,4,5,4,,0,0
2026-08-08,0,frabhopal3,6,6,5,1,2,,0,0
2026-08-08,0,HES6556,3,3,0,3,,,0,0
2026-08-08,0,rmdn6294,1,1,0,0,,,0,0
2026-08-08,0,hes8175,1,1,0,1,,,0,0
2026-08-08,0,HES4866,1,1,1,0,1,,0,0
2026-08-08,0,hes7638,14,12,0,11,5,2,1,1
2026-08-08,0,hes7469,4,3,1,2,1,,0,0
2026-08-08,0,hes7620,3,3,3,0,3,,0,0
2026-08-08,0,rmdn7229,9,8,7,0,8,,0,0
2026-08-08,0,frasahakarnagar1,12,12,12,0,6,,0,0
2026-08-08,0,rmdn8240,31,25,9,9,6,1,0,0
2026-08-08,0,flm0087,2,2,0,2,,,0,0
2026-08-08,0,hes5958,2,2,1,1,1,,0,0
2026-08-08,0,hes8712,7,6,4,2,,,0,0
2026-08-08,0,MATHURA006,10,9,5,4,,,0,0
2026-08-08,0,hes8237,2,2,1,1,,,0,0
2026-08-08,0,HES6661,1,1,1,0,1,,0,0
2026-08-08,0,hes9012,2,2,1,1,,,0,0
2026-08-08,0,hes9021,3,3,3,0,,,0,0
2026-08-08,0,hes5616,5,4,1,2,1,,0,0
2026-08-08,0,hes6889,10,10,10,0,10,3,0,0
2026-08-08,0,hes5745,1,1,0,1,,,0,0
2026-08-08,0,hes8124,5,5,4,0,4,,0,0
2026-08-08,0,hes5033,1,1,0,1,,,0,0
2026-08-08,0,HES8433,5,5,5,0,1,1,0,0
2026-08-08,0,hes8468,4,4,0,4,,,0,0
2026-08-08,0,hes8027,3,3,3,0,3,,0,0
2026-08-08,0,rmdn8744,14,13,3,5,3,,0,0
2026-08-08,0,icsats91506,4,4,4,0,4,,0,0
2026-08-08,0,hes7877,7,7,6,0,3,,0,0
2026-08-08,0,frabelapur1,7,6,5,1,5,1,1,1
2026-08-08,0,hes7279,17,16,8,8,5,,0,0
2026-08-08,0,hes6527,4,3,1,2,1,1,1,1
2026-08-08,0,hes8968,2,2,0,2,,,0,0
2026-08-08,0,hes6890,15,13,9,3,9,2,1,1
2026-08-08,0,HES2358,8,8,0,8,,,0,0
2026-08-08,0,hes7596,1,1,0,1,,,0,0
2026-08-08,0,hes9321,2,1,0,1,,,0,0
2026-08-08,0,SBOPAL03,2,2,0,2,,,0,0
2026-08-08,0,hes7461,3,3,0,3,,,1,1
2026-08-08,0,hes5443,20,19,8,9,5,5,2,1
2026-08-08,0,FRA00106,1,1,1,0,,,0,0
2026-08-08,0,hes5132,11,11,8,1,7,,0,0
2026-08-08,0,HES0667,6,5,4,0,5,,0,0
2026-08-08,0,rmdn6546,4,4,0,4,,,1,1
2026-08-08,0,hes5943,7,7,7,0,5,,0,0
2026-08-08,0,hes7563,1,1,0,1,,,0,0
2026-08-08,0,rmdn6887,8,8,0,7,,,0,0
2026-08-08,0,hes6518,8,8,2,6,2,,0,0
2026-08-08,0,HES5610,8,5,0,5,,,0,0
2026-08-08,0,hes6557,2,2,2,0,2,,0,0
2026-08-08,0,HES5274,3,3,0,3,,,0,0
2026-08-08,0,hes6049,8,7,6,0,7,,0,0
2026-08-08,0,hes7338,8,7,3,3,3,1,0,0
2026-08-08,0,hes9034,4,4,2,2,2,,0,0
2026-08-08,0,hes8121,10,9,0,9,6,,0,0
2026-08-08,0,hes9422,22,20,13,6,11,2,1,1
2026-08-08,0,hes9306,3,3,2,0,1,,0,0
2026-08-08,0,HES3384,6,6,6,0,4,,0,0
2026-08-08,0,HES8280,1,1,1,0,1,,0,0
2026-08-08,0,hes6179,7,5,3,2,5,1,0,0
2026-08-08,0,HES4961,16,14,8,5,5,2,1,1
2026-08-08,0,HES4780,3,2,0,2,,,1,1
2026-08-08,0,ICSATS81163,5,4,3,0,3,,0,0
2026-08-08,0,rmdn5249,4,4,4,0,2,,0,0
2026-08-08,0,hes8825,1,1,0,1,,,0,0
2026-08-08,0,fragorakhpur05,3,2,0,2,2,,0,0
2026-08-08,0,noida004,2,2,2,0,,,0,0
2026-08-08,0,hes8131,4,3,0,3,,,0,0
2026-08-08,0,hes5557,8,8,2,6,2,1,1,1
2026-08-08,0,hes6614,4,4,4,0,4,,0,0
2026-08-08,0,HES4548,24,20,13,7,7,1,1,0
2026-08-08,0,hes8765,1,1,0,1,,,0,0
2026-08-08,0,vadod001,4,4,0,4,,,1,1
2026-08-08,0,hes8445,11,9,6,0,6,3,1,1
2026-08-08,0,hes6680,2,2,0,1,,,0,0
2026-08-08,0,fra00300,1,1,0,1,,,0,0
2026-08-08,0,nungambakkam001,3,2,2,0,2,,0,0
2026-08-08,0,hes6298,2,1,0,1,,,0,0
2026-08-08,0,hes9240,22,20,17,0,17,13,1,1
2026-08-08,0,hes8470,10,9,1,6,1,,0,0
2026-08-08,0,hes7570,3,2,0,2,,,0,0
2026-08-08,0,hes7503,2,1,0,1,,,0,0
2026-08-08,0,hes8560,4,4,4,0,3,,0,0
2026-08-08,0,hes7872,5,4,0,4,,,0,0
2026-08-08,0,fravaishalinagar5,1,1,0,1,,,0,0
2026-08-08,0,hes5559,2,2,0,2,,,0,0
2026-08-08,0,frahydparadise1,6,6,0,5,,,0,0
2026-08-08,0,HES5203,9,7,5,0,7,4,1,0
2026-08-08,0,hes8215,4,4,4,0,4,2,1,1
2026-08-08,0,hes9093,3,3,2,0,1,,0,0
2026-08-08,0,flm0166,5,3,0,3,4,,0,0
2026-08-08,0,HES8091,4,4,0,4,2,,0,0
2026-08-08,0,HES6510,6,6,5,0,4,,0,0
2026-08-08,0,HES8307,3,3,0,3,1,,0,0
2026-08-08,0,hes8505,4,4,3,0,2,,0,0
2026-08-08,0,hes7787,1,1,0,1,1,,0,0
2026-08-08,0,hes7653,6,6,6,0,5,1,0,0
2026-08-08,0,frakotagumanpura2,9,9,4,4,,,0,0
2026-08-08,0,hes5612,4,4,3,1,3,,0,0
2026-08-08,0,hes9387,4,4,1,3,,,0,0
2026-08-08,0,hes7948,3,3,1,2,2,,0,0
2026-08-08,0,fraludhiana1,13,11,10,0,3,,0,0
2026-08-08,0,fra00325,9,9,8,1,,,0,0
2026-08-08,0,flm0009,2,2,0,2,,,0,0
2026-08-08,0,hes6236,3,2,0,2,,,0,0
2026-08-08,0,hes5442,12,11,9,1,9,,0,0
2026-08-08,0,hes8841,2,2,1,1,,,0,0
2026-08-08,0,rmdn3663,23,20,6,13,6,1,0,0
2026-08-08,0,rmdn8562,4,3,3,0,4,2,0,0
2026-08-08,0,amdcg10,1,1,1,0,,,0,0
2026-08-08,0,hes7263,1,1,0,1,,,0,0
2026-08-08,0,HES4661,1,1,1,0,1,,0,0
2026-08-08,0,hes6546,16,14,4,10,4,,0,0
2026-08-08,0,hes7229,4,4,2,2,1,,0,0
2026-08-08,0,hes8287,3,2,2,0,3,2,0,0
2026-08-08,0,hes5531,5,5,3,1,3,3,1,1
2026-08-08,0,FRA00085,3,3,2,0,1,,1,1
2026-08-08,0,HES1181,2,2,1,1,,,0,0
2026-08-08,0,HES7369,5,5,0,5,4,,0,0
2026-08-08,0,hes9264,1,1,0,1,,,0,0
2026-08-08,0,HES7611,5,5,5,0,4,3,0,0
2026-08-08,0,HES7067,1,1,1,0,1,,0,0
2026-08-08,0,HES4544,8,7,7,0,6,,0,0
2026-08-08,0,icsats88688,7,7,4,0,3,,0,0
2026-08-08,0,HES7343,5,4,0,4,,,0,0
2026-08-08,0,hes6232,2,2,2,0,2,,0,0
2026-08-08,0,HES3861,1,1,1,0,1,,0,0
2026-08-08,0,rmdn8273,13,13,13,0,12,3,1,1
2026-08-08,0,fra00346,1,1,1,0,,,0,0
2026-08-08,0,hes7729,6,5,2,3,2,,0,0
2026-08-08,0,hes8451,6,5,0,5,1,,0,0
2026-08-08,0,HES2371,2,2,2,0,1,,0,0
2026-08-08,0,hes7991,8,7,0,7,1,,1,1
2026-08-08,0,hes6591,1,1,0,1,,,0,0
2026-08-08,0,hes9066,1,1,1,0,1,,0,0
2026-08-08,0,FRA00195,13,13,0,13,2,,0,0
2026-08-08,0,HES5717,12,12,6,6,11,3,0,0
2026-08-08,0,hes6378,2,1,1,0,2,,0,0
2026-08-08,0,hes6887,2,2,2,0,2,1,0,0
2026-08-08,0,HES5748,7,6,0,6,1,,0,0
2026-08-08,0,hes6875,2,2,2,0,2,,0,0
2026-08-08,0,hes6047,1,1,0,1,,,1,1
2026-08-08,1,ins1231,2,2,0,1,1,,0,0
2026-08-08,0,AGRA001,1,1,0,1,,,0,0
2026-08-08,0,frasola3,1,1,1,0,,,0,0
2026-08-08,0,hes8207,1,1,1,0,,,0,0
2026-08-08,0,FRA00104,9,7,1,6,1,,0,0
2026-08-08,0,hes5944,2,2,1,1,1,,0,0
2026-08-08,0,frawhitefield2,2,2,0,2,,,0,0
2026-08-08,0,HES5271,5,4,2,2,2,,1,1
2026-08-08,0,hes5564,32,29,15,5,11,1,0,0
2026-08-08,0,fraannasalai1,6,6,5,1,3,,0,0
2026-08-08,0,icsats99433,16,13,11,0,5,,1,1
2026-08-08,0,hes6999,6,4,0,3,,,0,0
2026-08-08,0,FRA00083,7,6,5,0,2,,0,0
2026-08-08,0,fraudaipur01,4,3,2,1,1,,0,0
2026-08-08,0,HES5408,9,7,7,0,7,4,1,0
2026-08-08,0,hes9405,2,2,2,0,2,,0,0
2026-08-08,0,hes9091,5,4,0,4,1,,0,0
2026-08-08,0,HES5121,1,1,0,1,,,0,0
2026-08-08,0,hes9335,2,2,2,0,2,,0,0
2026-08-08,0,hes7273,16,14,3,11,3,,0,0
2026-08-08,0,HES7056,2,2,2,0,2,1,0,0
2026-08-08,0,frafaridabad001,2,1,0,1,,,0,0
2026-08-08,0,hes9303,1,1,1,0,1,,0,0
2026-08-08,0,hes6014,1,1,0,1,,,0,0
2026-08-08,0,hes5822,5,5,1,4,1,,0,0
2026-08-08,0,HES2517,4,4,4,0,4,1,1,1
2026-08-08,0,HES5804,1,1,0,1,,,0,0
2026-08-08,0,flm0025,2,2,0,1,,,0,0
2026-08-08,0,hes8733,11,9,9,0,10,,0,0
2026-08-08,0,hes7126,1,1,0,1,,,0,0
2026-08-08,0,FRA00090,19,19,17,0,5,2,2,1
2026-08-08,0,HES4307,1,1,1,0,,,0,0
2026-08-08,0,fra00368,6,5,0,4,,,0,0
2026-08-08,0,hes6938,2,2,1,1,,,0,0
2026-08-08,0,HES3590,3,2,0,2,,,0,0
2026-08-08,0,ICSATS103234,12,12,9,0,5,,0,0
2026-08-08,0,hes9140,1,1,1,0,1,,0,0
2026-08-08,0,rmdn8416,20,17,0,13,1,,0,0
2026-08-08,0,hes8417,3,3,3,0,,,0,0
2026-08-08,0,hes8484,2,1,0,1,,,0,0
2026-08-08,0,fra00348,6,6,2,3,,,0,0
2026-08-08,0,hes7961,8,6,0,5,,,0,0
2026-08-08,0,HES7648,6,5,5,0,5,4,0,0
2026-08-08,0,hes9297,1,1,1,0,1,,0,0
2026-08-08,0,hes7591,5,4,1,3,,,0,0
2026-08-08,0,hes9155,2,2,1,1,2,,0,0
2026-08-08,0,hes6927,5,4,0,4,3,,0,0
2026-08-08,0,FRA00144,10,10,3,7,3,,0,0
2026-08-08,0,hes7971,2,2,1,0,1,,0,0
2026-08-08,0,HES4795,1,1,0,1,,,0,0
2026-08-08,0,HES5876,13,11,4,7,8,,0,0
2026-08-08,0,hes8452,7,6,2,4,5,,0,0
2026-08-08,0,HES4877,2,2,0,1,1,,0,0
2026-08-08,0,hes7847,7,5,1,4,5,1,0,0
2026-08-08,0,icsats102126,5,5,3,0,3,3,0,0
2026-08-08,0,hes7652,4,4,4,0,4,1,1,1
2026-08-08,0,hes8697,3,3,1,2,,,0,0
2026-08-08,0,HES5423,2,1,0,1,,,0,0
2026-08-08,0,frarajourigarden3,6,4,4,0,,,0,0
2026-08-08,0,hes8713,8,7,7,0,6,,0,0
2026-08-08,0,ICSATS99327,9,9,1,7,1,,0,0
2026-08-08,0,hes7614,3,3,0,3,,,0,0
2026-08-08,0,hes6916,12,10,2,7,1,,0,0
2026-08-08,0,fra00353,1,1,0,1,,,0,0
2026-08-08,0,hes5503,10,10,5,5,4,2,0,0
2026-08-08,0,HES0803,3,3,2,1,,,0,0
2026-08-08,0,hes8030,2,2,2,0,2,,0,0
2026-08-08,0,hes9403,20,17,5,12,10,2,1,1
2026-08-08,0,rmdn8418,14,13,4,0,3,,0,0
2026-08-08,0,hes8686,3,3,0,3,,,0,0
2026-08-08,0,HES5262,7,7,7,0,7,1,0,0
2026-08-08,0,hes7524,1,1,1,0,,,0,0
2026-08-08,0,hes7488,4,4,1,3,,,0,0
2026-08-08,0,hes5821,2,2,2,0,2,,0,0
2026-08-08,0,hes8641,7,6,4,1,3,2,0,0
2026-08-08,0,hes6488,1,1,1,0,,,0,0
2026-08-08,0,hes6632,2,1,0,1,,,0,0
2026-08-08,0,hes5321,3,3,2,1,3,,0,0
2026-08-08,0,HES1484,5,4,0,3,,,0,0
2026-08-08,0,HES3191,4,4,4,0,4,4,0,0
2026-08-08,0,hes6083,1,1,1,0,,,0,0
2026-08-08,0,HES6949,2,2,2,0,2,,0,0
2026-08-08,0,HES7362,7,6,1,4,1,,0,0
2026-08-08,0,HES7727,1,1,0,1,1,,0,0
2026-08-08,0,rmdn7040,8,7,5,0,5,2,0,0
2026-08-08,0,rmdn8750,2,2,0,2,1,1,0,0
2026-08-08,0,HES2705,3,2,2,0,3,,0,0
2026-08-08,0,HES4061,32,23,0,21,3,,1,0
2026-08-08,0,HES6519,1,1,0,1,,,0,0
2026-08-08,0,fravileparle003,2,1,1,0,,,0,0
2026-08-08,0,rmdn8561,1,1,1,0,1,,0,0
2026-08-08,0,hes8752,5,4,0,4,,,1,1
2026-08-08,0,HES6762,6,5,1,4,,,0,0
2026-08-08,0,ASHMEETK,3,3,0,3,,,0,0
2026-08-08,0,hes6549,17,14,0,14,,,0,0
2026-08-08,0,rmdn8742,8,8,3,5,3,,0,0
2026-08-08,0,HES1543,8,7,5,2,5,,0,0
2026-08-08,0,hes6120,3,3,0,3,,,0,0
2026-08-08,0,hes8651,4,4,1,3,1,,0,0
2026-08-08,0,HES2527,1,1,1,0,,,0,0
2026-08-08,0,hes7730,19,18,12,4,11,,0,0
2026-08-08,0,fravadod008,6,5,5,0,2,,0,0
2026-08-08,0,HES4792,1,1,1,0,,,0,0
2026-08-08,0,hes5926,3,3,1,2,,,0,0
2026-08-08,0,hes5489,10,10,0,10,4,,0,0
2026-08-08,0,HES7070,3,2,1,1,3,,0,0
2026-08-08,0,HES3381,7,6,6,0,4,,0,0
2026-08-08,0,hes8647,18,16,2,14,8,1,1,0
2026-08-08,0,HES3137,2,1,1,0,2,,0,0
2026-08-08,0,HES4962,9,6,3,3,7,,0,0
2026-08-08,0,hes6117,17,13,6,7,3,1,1,1
2026-08-08,0,frapuducherry1,5,4,0,3,,,0,0
2026-08-08,0,hes7725,8,7,5,1,4,4,4,2
2026-08-08,0,HES1491,2,2,1,1,,,0,0
2026-08-08,0,hes7183,10,8,8,0,10,4,0,0
2026-08-08,0,fragoa001,3,2,1,1,,,0,0
2026-08-08,0,hes6583,9,9,3,6,2,,0,0
2026-08-08,0,PRHLDNGR1,1,1,0,1,,,0,0
2026-08-08,0,fraborivali2,3,3,0,3,,,0,0
2026-08-08,0,HES4115,7,6,0,6,1,,0,0
2026-08-08,0,fraborivali5,2,1,1,0,,,0,0
2026-08-08,0,rmdn8555,14,12,10,2,8,2,0,0
2026-08-08,0,hes8443,5,4,4,0,5,,0,0
2026-08-08,0,hes7545,7,5,1,4,,,0,0
2026-08-08,0,hes7925,5,5,3,2,,,0,0
2026-08-08,0,hes8033,1,1,0,1,,,0,0
2026-08-08,0,hes9318,5,5,4,1,3,,0,0
2026-08-08,0,fragomtinagar1,7,6,0,6,,,0,0
2026-08-08,0,RMDN1734,11,10,9,0,10,1,0,0
2026-08-08,0,hes9401,20,18,7,10,6,2,3,0
2026-08-08,0,rmdn8752,3,2,0,1,,,0,0
2026-08-08,0,hes8927,13,10,0,9,,,0,0
2026-08-08,0,hes9165,13,11,1,9,3,1,0,0
2026-08-08,0,HES6548,15,13,11,1,10,,1,1
2026-08-08,0,hes8444,7,7,0,7,3,,0,0
2026-08-08,0,hes9137,2,2,0,2,1,,0,0
2026-08-08,0,hes8973,1,1,0,1,,,0,0
2026-08-08,0,rmdn8205,9,9,9,0,7,1,1,1
2026-08-08,0,hes6639,8,8,8,0,7,2,0,0
2026-08-08,0,hes7832,2,2,0,2,,,0,0
2026-08-08,0,HES7726,9,8,0,7,4,1,2,1
2026-08-08,0,hes5453,12,10,1,8,1,,0,0
2026-08-08,0,HES0992,1,1,1,0,1,,0,0
2026-08-08,0,hes5658,2,2,1,0,,,0,0
2026-08-08,0,ICSATS101249,6,6,5,1,3,,0,0
2026-08-08,0,rmdn8552,8,7,2,4,4,,0,0
2026-08-08,0,HES4511,5,5,5,0,2,,0,0
2026-08-08,0,hes6203,5,5,1,3,1,,2,2
2026-08-08,0,hes7866,3,3,0,2,,,0,0
2026-08-08,0,HES0325,2,2,0,2,1,,0,0
2026-08-08,0,fraindore2,1,1,0,1,,,0,0
2026-08-08,0,HES2231,2,2,0,2,,,0,0
2026-08-08,0,fra00318,1,1,0,1,,,0,0
2026-08-08,0,hes6918,7,6,1,4,,,0,0
2026-08-08,0,hes6885,1,1,1,0,1,,0,0
2026-08-08,0,icsats106796,18,18,16,2,16,3,2,1
2026-08-08,0,hes7138,6,5,1,4,2,,0,0
2026-08-08,0,hes8321,1,1,1,0,,,0,0
2026-08-08,0,hes8527,2,2,0,2,,,0,0
2026-08-08,0,hes8601,10,7,7,0,10,3,0,0
2026-08-08,0,fra00281,6,5,5,0,1,,0,0
2026-08-08,0,hes6904,2,2,1,1,,,0,0
2026-08-08,0,hes5614,15,15,12,0,8,1,0,0
2026-08-08,0,framumbaithane2,7,7,2,5,1,,1,1
2026-08-08,0,hes9059,25,21,9,9,2,,1,1
2026-08-08,0,FRA00258,13,11,2,7,2,,0,0
2026-08-08,0,fravaishalinagar1,6,3,0,3,,,0,0
2026-08-08,0,frabareilly02,4,3,0,3,,,0,0
2026-08-08,0,hes8930,9,8,7,1,6,1,0,0
2026-08-08,0,rmdn8243,7,6,5,0,6,,0,0
2026-08-08,0,hes6101,4,3,0,3,2,,0,0
2026-08-08,0,delcp0002,2,2,2,0,,,0,0
2026-08-08,0,hes9186,4,4,4,0,4,1,0,0
2026-08-08,0,FRA00117,15,14,7,6,2,,0,0
2026-08-08,0,hes6099,1,1,1,0,1,1,0,0
2026-08-08,0,hes8679,1,1,1,0,1,,0,0
2026-08-08,0,hes8048,7,4,2,2,6,,0,0
2026-08-08,0,hes8564,1,1,1,0,1,,0,0
2026-08-08,0,HES5848,4,4,3,0,3,1,1,1
2026-08-08,0,hes7431,3,3,0,3,,,1,1
2026-08-08,0,rmdn7049,38,34,22,8,23,6,0,0
2026-08-08,0,hes8460,5,5,3,2,2,,0,0
2026-08-08,0,hes7744,3,3,3,0,3,,0,0
2026-08-08,0,hes5814,2,2,2,0,1,,0,0
2026-08-08,0,hes6881,4,4,3,0,1,1,0,0
2026-08-08,0,fra00323,3,2,1,1,2,2,0,0
2026-08-08,0,hes8411,2,2,2,0,2,,0,0
2026-08-08,0,hes6690,3,2,1,1,,,0,0
2026-08-08,0,hes5644,8,8,8,0,7,1,1,0
2026-08-08,0,hes9315,10,8,4,3,4,,0,0
2026-08-08,0,FRA00076,6,5,2,2,,,0,0
2026-08-08,0,hes5125,10,8,8,0,10,3,1,1
2026-08-08,0,HES5313,6,6,6,0,6,6,0,0
2026-08-08,0,icsats92883,12,12,12,0,12,5,1,1
2026-08-08,0,surat001,9,7,2,5,5,,0,0
2026-08-08,0,HES3828,3,2,2,0,3,,0,0
2026-08-08,0,hes7740,7,5,5,0,6,1,0,0
2026-08-08,0,hes7420,4,4,0,4,,,0,0
2026-08-08,0,HES3629,3,3,0,3,,,0,0
2026-08-08,0,hes8524,3,2,0,2,,,0,0
2026-08-08,0,hes8333,10,9,9,0,8,1,1,1
2026-08-08,0,hes5327,13,10,0,10,2,,0,0
2026-08-08,0,hes8813,13,11,1,8,3,,1,1
2026-08-08,0,HES6592,5,5,5,0,5,,0,0
2026-08-08,0,hes7125,3,2,0,2,,,0,0
2026-08-08,0,hes5995,4,3,0,3,,,0,0
2026-08-08,0,hes9424,2,1,1,0,2,,0,0
2026-08-08,0,hes7155,2,1,0,1,,,0,0
2026-08-08,0,rmdn3529,4,3,2,0,3,,0,0
2026-08-08,0,hes6043,3,3,0,3,2,,0,0
2026-08-08,0,HES7358,16,15,13,1,12,1,0,0
2026-08-08,0,frajabalpur3,2,2,0,1,,,0,0
2026-08-08,0,hes8800,3,2,0,2,,,0,0
2026-08-08,0,fra00333,6,4,1,3,2,,0,0
2026-08-08,0,hes6980,1,1,0,1,,,0,0
2026-08-08,0,hes5112,8,8,0,7,,,0,0
2026-08-08,0,icsats106934,2,2,2,0,,,0,0
2026-08-08,0,hes7201,2,2,1,1,2,,0,0
2026-08-08,0,hes6681,11,10,1,9,,,0,0
2026-08-08,0,hes7489,1,1,0,1,1,,0,0
2026-08-08,0,rmdn8751,2,2,1,1,1,,0,0
2026-08-08,0,fra00334,4,4,0,3,,,1,1
2026-08-08,0,icsats92875,4,4,2,1,,,1,0
2026-08-08,0,hes6650,3,3,1,2,1,,0,0
2026-08-08,0,fravaranasi3,1,1,0,1,,,0,0
2026-08-08,0,rmdn8261,4,3,3,0,2,1,0,0
2026-08-08,0,hes6761,26,25,23,2,14,2,1,1
2026-08-08,0,hes7618,8,8,7,0,6,,0,0
2026-08-08,0,hes9389,7,7,7,0,7,3,0,0
2026-08-08,0,hes7096,5,4,1,3,1,1,2,2
2026-08-08,0,hes9141,2,2,1,1,,,0,0
2026-08-08,0,HES5411,9,8,2,3,,,0,0
2026-08-08,0,hes9211,2,2,1,1,1,,0,0
2026-08-08,0,rmdn1559,6,5,0,5,1,,1,1
2026-08-08,0,hes7929,4,4,0,4,,,0,0
2026-08-08,0,fra00338,12,8,0,7,,,0,0
2026-08-08,0,hes7521,1,1,0,1,,,0,0
2026-08-08,0,hes7601,2,2,0,2,,,0,0
2026-08-08,0,hes7839,2,2,2,0,2,1,0,0
2026-08-08,0,hes6937,5,4,4,0,4,1,0,0
2026-08-08,0,hes7992,1,1,0,1,,,0,0
2026-08-08,0,HES4287,2,2,1,1,1,,0,0
2026-08-08,0,HES4731,2,2,1,0,1,,0,0
2026-08-08,0,fraadajan2,10,8,0,6,3,3,0,0
2026-08-08,0,icsats90188,16,15,3,12,6,1,0,0
2026-08-08,0,frarajourigarden4,3,2,2,0,,,0,0
2026-08-08,0,hes7854,1,1,1,0,1,,0,0
2026-08-08,0,hes8142,9,7,2,5,4,,0,0
2026-08-08,0,hes7561,7,5,0,5,,,0,0
2026-08-08,0,rmdn8566,6,5,4,1,4,,1,1
2026-08-08,0,HES4828,8,7,3,3,,,0,0
2026-08-08,0,hes7547,1,1,1,0,1,,0,0
2026-08-08,0,HES6579,6,4,2,2,,,0,0
2026-08-08,0,hes8397,13,12,9,2,8,1,1,1
2026-08-08,0,HES1897,7,7,0,7,,,0,0
2026-08-08,0,hes7448,2,2,1,1,,,0,0
2026-08-08,0,hes8042,1,1,1,0,,,0,0
2026-08-08,0,icsats106797,17,17,9,4,9,1,1,1
2026-08-08,0,hes7931,3,2,0,2,1,1,0,0
2026-08-08,0,hes5613,8,8,3,4,,,0,0
2026-08-08,0,hes5524,2,2,2,0,2,,0,0
2026-08-08,0,HES5173,6,5,5,0,4,,0,0
2026-08-08,0,hes7423,2,2,2,0,1,1,0,0
2026-08-08,0,RMDN8311,11,10,8,0,9,,0,0
2026-08-08,0,hes9144,18,15,0,14,3,,0,0
2026-08-08,0,hes8832,5,4,0,3,4,2,0,0
